# Curved point cloud generated by tools/generate_curved_cloud.py
# Format: x y z fixed mass
# fixed: 1 = pinned boundary, 0 = free interior
# style=zaha boundary=384 interior=11616 seed=42

# Boundary points
 4.832261  0.000000 -0.191770 1 1.000000
 4.888864  0.000000 -0.130698 1 1.000000
 4.940748  0.000000 -0.068592 1 1.000000
 4.987734  0.000000 -0.005597 1 1.000000
 5.029675  0.000000  0.058137 1 1.000000
 5.066447  0.000000  0.122458 1 1.000000
 5.097956  0.000000  0.187208 1 1.000000
 5.124138  0.000000  0.252231 1 1.000000
 5.144955  0.000000  0.317368 1 1.000000
 5.160398  0.000000  0.382463 1 1.000000
 5.170488  0.000000  0.447360 1 1.000000
 5.175270  0.000000  0.511908 1 1.000000
 5.174817  0.000000  0.575960 1 1.000000
 5.169230  0.000000  0.639373 1 1.000000
 5.158631  0.000000  0.702014 1 1.000000
 5.143166  0.000000  0.763753 1 1.000000
 5.123005  0.000000  0.824471 1 1.000000
 5.098335  0.000000  0.884058 1 1.000000
 5.069362  0.000000  0.942414 1 1.000000
 5.036310  0.000000  0.999447 1 1.000000
 4.999415  0.000000  1.055079 1 1.000000
 4.958926  0.000000  1.109240 1 1.000000
 4.915102  0.000000  1.161874 1 1.000000
 4.868212  0.000000  1.212935 1 1.000000
 4.818528  0.000000  1.262391 1 1.000000
 4.766327  0.000000  1.310218 1 1.000000
 4.711886  0.000000  1.356406 1 1.000000
 4.655484  0.000000  1.400955 1 1.000000
 4.597393  0.000000  1.443877 1 1.000000
 4.537885  0.000000  1.485194 1 1.000000
 4.477222  0.000000  1.524936 1 1.000000
 4.415657  0.000000  1.563143 1 1.000000
 4.353434  0.000000  1.599865 1 1.000000
 4.290786  0.000000  1.635158 1 1.000000
 4.227930  0.000000  1.669084 1 1.000000
 4.165070  0.000000  1.701712 1 1.000000
 4.102394  0.000000  1.733116 1 1.000000
 4.040073  0.000000  1.763373 1 1.000000
 3.978259  0.000000  1.792563 1 1.000000
 3.917089  0.000000  1.820769 1 1.000000
 3.856678  0.000000  1.848073 1 1.000000
 3.797124  0.000000  1.874558 1 1.000000
 3.738505  0.000000  1.900306 1 1.000000
 3.680882  0.000000  1.925395 1 1.000000
 3.624295  0.000000  1.949902 1 1.000000
 3.568767  0.000000  1.973900 1 1.000000
 3.514303  0.000000  1.997455 1 1.000000
 3.460892  0.000000  2.020630 1 1.000000
 3.408506  0.000000  2.043482 1 1.000000
 3.357103  0.000000  2.066058 1 1.000000
 3.306626  0.000000  2.088401 1 1.000000
 3.257007  0.000000  2.110545 1 1.000000
 3.208165  0.000000  2.132516 1 1.000000
 3.160011  0.000000  2.154331 1 1.000000
 3.112446  0.000000  2.176000 1 1.000000
 3.065365  0.000000  2.197524 1 1.000000
 3.018657  0.000000  2.218894 1 1.000000
 2.972207  0.000000  2.240096 1 1.000000
 2.925899  0.000000  2.261104 1 1.000000
 2.879615  0.000000  2.281888 1 1.000000
 2.833236  0.000000  2.302409 1 1.000000
 2.786648  0.000000  2.322621 1 1.000000
 2.739738  0.000000  2.342472 1 1.000000
 2.692399  0.000000  2.361906 1 1.000000
 2.644528  0.000000  2.380859 1 1.000000
 2.596030  0.000000  2.399268 1 1.000000
 2.546818  0.000000  2.417061 1 1.000000
 2.496812  0.000000  2.434170 1 1.000000
 2.445941  0.000000  2.450519 1 1.000000
 2.394146  0.000000  2.466038 1 1.000000
 2.341376  0.000000  2.480654 1 1.000000
 2.287592  0.000000  2.494294 1 1.000000
 2.232763  0.000000  2.506892 1 1.000000
 2.176872  0.000000  2.518381 1 1.000000
 2.119910  0.000000  2.528700 1 1.000000
 2.061878  0.000000  2.537793 1 1.000000
 2.002788  0.000000  2.545609 1 1.000000
 1.942660  0.000000  2.552105 1 1.000000
 1.881525  0.000000  2.557243 1 1.000000
 1.819418  0.000000  2.560995 1 1.000000
 1.756385  0.000000  2.563338 1 1.000000
 1.692474  0.000000  2.564261 1 1.000000
 1.627742  0.000000  2.563761 1 1.000000
 1.562248  0.000000  2.561842 1 1.000000
 1.496053  0.000000  2.558521 1 1.000000
 1.429222  0.000000  2.553821 1 1.000000
 1.361820  0.000000  2.547778 1 1.000000
 1.293910  0.000000  2.540433 1 1.000000
 1.225555  0.000000  2.531838 1 1.000000
 1.156814  0.000000  2.522055 1 1.000000
 1.087745  0.000000  2.511151 1 1.000000
 1.018397  0.000000  2.499204 1 1.000000
 0.948818  0.000000  2.486296 1 1.000000
 0.879044  0.000000  2.472517 1 1.000000
 0.809109  0.000000  2.457961 1 1.000000
 0.739036  0.000000  2.442727 1 1.000000
 0.668838  0.000000  2.426920 1 1.000000
 0.598524  0.000000  2.410645 1 1.000000
 0.528088  0.000000  2.394010 1 1.000000
 0.457518  0.000000  2.377123 1 1.000000
 0.386791  0.000000  2.360091 1 1.000000
 0.315876  0.000000  2.343023 1 1.000000
 0.244732  0.000000  2.326022 1 1.000000
 0.173307  0.000000  2.309188 1 1.000000
 0.101544  0.000000  2.292619 1 1.000000
 0.029377  0.000000  2.276405 1 1.000000
-0.043268  0.000000  2.260630 1 1.000000
-0.116469  0.000000  2.245371 1 1.000000
-0.190310  0.000000  2.230697 1 1.000000
-0.264881  0.000000  2.216669 1 1.000000
-0.340271  0.000000  2.203335 1 1.000000
-0.416573  0.000000  2.190736 1 1.000000
-0.493879  0.000000  2.178902 1 1.000000
-0.572280  0.000000  2.167849 1 1.000000
-0.651865  0.000000  2.157585 1 1.000000
-0.732717  0.000000  2.148105 1 1.000000
-0.814915  0.000000  2.139390 1 1.000000
-0.898531  0.000000  2.131413 1 1.000000
-0.983625  0.000000  2.124132 1 1.000000
-1.070252  0.000000  2.117496 1 1.000000
-1.158452  0.000000  2.111441 1 1.000000
-1.248252  0.000000  2.105894 1 1.000000
-1.339669  0.000000  2.100770 1 1.000000
-1.432701  0.000000  2.095976 1 1.000000
-1.527331  0.000000  2.091411 1 1.000000
-1.623526  0.000000  2.086963 1 1.000000
-1.721234  0.000000  2.082517 1 1.000000
-1.820387  0.000000  2.077950 1 1.000000
-1.920895  0.000000  2.073133 1 1.000000
-2.022653  0.000000  2.067936 1 1.000000
-2.125533  0.000000  2.062224 1 1.000000
-2.229392  0.000000  2.055863 1 1.000000
-2.334065  0.000000  2.048716 1 1.000000
-2.439370  0.000000  2.040649 1 1.000000
-2.545109  0.000000  2.031531 1 1.000000
-2.651064  0.000000  2.021231 1 1.000000
-2.757004  0.000000  2.009628 1 1.000000
-2.862682  0.000000  1.996601 1 1.000000
-2.967837  0.000000  1.982042 1 1.000000
-3.072198  0.000000  1.965846 1 1.000000
-3.175481  0.000000  1.947921 1 1.000000
-3.277396  0.000000  1.928182 1 1.000000
-3.377645  0.000000  1.906557 1 1.000000
-3.475924  0.000000  1.882985 1 1.000000
-3.571929  0.000000  1.857418 1 1.000000
-3.665352  0.000000  1.829819 1 1.000000
-3.755890  0.000000  1.800168 1 1.000000
-3.843240  0.000000  1.768455 1 1.000000
-3.927107  0.000000  1.734686 1 1.000000
-4.007205  0.000000  1.698880 1 1.000000
-4.083255  0.000000  1.661072 1 1.000000
-4.154995  0.000000  1.621308 1 1.000000
-4.222172  0.000000  1.579651 1 1.000000
-4.284555  0.000000  1.536175 1 1.000000
-4.341927  0.000000  1.490966 1 1.000000
-4.394094  0.000000  1.444126 1 1.000000
-4.440884  0.000000  1.395764 1 1.000000
-4.482146  0.000000  1.346003 1 1.000000
-4.517755  0.000000  1.294973 1 1.000000
-4.547615  0.000000  1.242816 1 1.000000
-4.571652  0.000000  1.189678 1 1.000000
-4.589823  0.000000  1.135715 1 1.000000
-4.602114  0.000000  1.081086 1 1.000000
-4.608537  0.000000  1.025955 1 1.000000
-4.609137  0.000000  0.970489 1 1.000000
-4.603984  0.000000  0.914855 1 1.000000
-4.593180  0.000000  0.859223 1 1.000000
-4.576854  0.000000  0.803759 1 1.000000
-4.555163  0.000000  0.748629 1 1.000000
-4.528291  0.000000  0.693993 1 1.000000
-4.496446  0.000000  0.640007 1 1.000000
-4.459864  0.000000  0.586822 1 1.000000
-4.418800  0.000000  0.534579 1 1.000000
-4.373533  0.000000  0.483414 1 1.000000
-4.324360  0.000000  0.433450 1 1.000000
-4.271597  0.000000  0.384803 1 1.000000
-4.215573  0.000000  0.337574 1 1.000000
-4.156632  0.000000  0.291855 1 1.000000
-4.095128  0.000000  0.247725 1 1.000000
-4.031424  0.000000  0.205249 1 1.000000
-3.965888  0.000000  0.164478 1 1.000000
-3.898892  0.000000  0.125450 1 1.000000
-3.830809  0.000000  0.088189 1 1.000000
-3.762009  0.000000  0.052705 1 1.000000
-3.692858  0.000000  0.018994 1 1.000000
-3.623718  0.000000 -0.012963 1 1.000000
-3.554938  0.000000 -0.043197 1 1.000000
-3.486857  0.000000 -0.071753 1 1.000000
-3.419802  0.000000 -0.098688 1 1.000000
-3.354081  0.000000 -0.124072 1 1.000000
-3.289986  0.000000 -0.147985 1 1.000000
-3.227788  0.000000 -0.170518 1 1.000000
-3.167739  0.000000 -0.191770 1 1.000000
-3.110065  0.000000 -0.211852 1 1.000000
-3.054969  0.000000 -0.230878 1 1.000000
-3.002629  0.000000 -0.248973 1 1.000000
-2.953197  0.000000 -0.266262 1 1.000000
-2.906795  0.000000 -0.282879 1 1.000000
-2.863521  0.000000 -0.298957 1 1.000000
-2.823444  0.000000 -0.314632 1 1.000000
-2.786604  0.000000 -0.330042 1 1.000000
-2.753014  0.000000 -0.345320 1 1.000000
-2.722659  0.000000 -0.360601 1 1.000000
-2.695499  0.000000 -0.376015 1 1.000000
-2.671465  0.000000 -0.391688 1 1.000000
-2.650466  0.000000 -0.407740 1 1.000000
-2.632385  0.000000 -0.424285 1 1.000000
-2.617084  0.000000 -0.441429 1 1.000000
-2.604401  0.000000 -0.459271 1 1.000000
-2.594159  0.000000 -0.477901 1 1.000000
-2.586160  0.000000 -0.497398 1 1.000000
-2.580192  0.000000 -0.517832 1 1.000000
-2.576026  0.000000 -0.539261 1 1.000000
-2.573427  0.000000 -0.561734 1 1.000000
-2.572145  0.000000 -0.585286 1 1.000000
-2.571926  0.000000 -0.609944 1 1.000000
-2.572508  0.000000 -0.635719 1 1.000000
-2.573629  0.000000 -0.662615 1 1.000000
-2.575024  0.000000 -0.690621 1 1.000000
-2.576431  0.000000 -0.719718 1 1.000000
-2.577588  0.000000 -0.749874 1 1.000000
-2.578243  0.000000 -0.781049 1 1.000000
-2.578148  0.000000 -0.813192 1 1.000000
-2.577066  0.000000 -0.846243 1 1.000000
-2.574769  0.000000 -0.880135 1 1.000000
-2.571043  0.000000 -0.914792 1 1.000000
-2.565687  0.000000 -0.950133 1 1.000000
-2.558517  0.000000 -0.986070 1 1.000000
-2.549363  0.000000 -1.022513 1 1.000000
-2.538073  0.000000 -1.059364 1 1.000000
-2.524514  0.000000 -1.096526 1 1.000000
-2.508572  0.000000 -1.133899 1 1.000000
-2.490149  0.000000 -1.171383 1 1.000000
-2.469170  0.000000 -1.208878 1 1.000000
-2.445578  0.000000 -1.246285 1 1.000000
-2.419335  0.000000 -1.283508 1 1.000000
-2.390423  0.000000 -1.320453 1 1.000000
-2.358842  0.000000 -1.357033 1 1.000000
-2.324609  0.000000 -1.393163 1 1.000000
-2.287761  0.000000 -1.428765 1 1.000000
-2.248348  0.000000 -1.463768 1 1.000000
-2.206438  0.000000 -1.498107 1 1.000000
-2.162112  0.000000 -1.531725 1 1.000000
-2.115465  0.000000 -1.564573 1 1.000000
-2.066601  0.000000 -1.596610 1 1.000000
-2.015638  0.000000 -1.627804 1 1.000000
-1.962700  0.000000 -1.658132 1 1.000000
-1.907920  0.000000 -1.687579 1 1.000000
-1.851434  0.000000 -1.716138 1 1.000000
-1.793387  0.000000 -1.743814 1 1.000000
-1.733922  0.000000 -1.770615 1 1.000000
-1.673186  0.000000 -1.796562 1 1.000000
-1.611326  0.000000 -1.821680 1 1.000000
-1.548485  0.000000 -1.846003 1 1.000000
-1.484805  0.000000 -1.869571 1 1.000000
-1.420423  0.000000 -1.892428 1 1.000000
-1.355472  0.000000 -1.914627 1 1.000000
-1.290077  0.000000 -1.936220 1 1.000000
-1.224356  0.000000 -1.957268 1 1.000000
-1.158419  0.000000 -1.977830 1 1.000000
-1.092368  0.000000 -1.997969 1 1.000000
-1.026295  0.000000 -2.017749 1 1.000000
-0.960280  0.000000 -2.037231 1 1.000000
-0.894396  0.000000 -2.056478 1 1.000000
-0.828704  0.000000 -2.075551 1 1.000000
-0.763255  0.000000 -2.094505 1 1.000000
-0.698091  0.000000 -2.113394 1 1.000000
-0.633241  0.000000 -2.132266 1 1.000000
-0.568728  0.000000 -2.151164 1 1.000000
-0.504564  0.000000 -2.170126 1 1.000000
-0.440753  0.000000 -2.189181 1 1.000000
-0.377291  0.000000 -2.208352 1 1.000000
-0.314168  0.000000 -2.227654 1 1.000000
-0.251367  0.000000 -2.247094 1 1.000000
-0.188868  0.000000 -2.266669 1 1.000000
-0.126644  0.000000 -2.286369 1 1.000000
-0.064669  0.000000 -2.306174 1 1.000000
-0.002912  0.000000 -2.326055 1 1.000000
 0.058656  0.000000 -2.345973 1 1.000000
 0.120066  0.000000 -2.365883 1 1.000000
 0.181345  0.000000 -2.385728 1 1.000000
 0.242519  0.000000 -2.405446 1 1.000000
 0.303608  0.000000 -2.424965 1 1.000000
 0.364629  0.000000 -2.444206 1 1.000000
 0.425593  0.000000 -2.463084 1 1.000000
 0.486503  0.000000 -2.481509 1 1.000000
 0.547357  0.000000 -2.499384 1 1.000000
 0.608142  0.000000 -2.516609 1 1.000000
 0.668838  0.000000 -2.533080 1 1.000000
 0.729417  0.000000 -2.548691 1 1.000000
 0.789840  0.000000 -2.563334 1 1.000000
 0.850059  0.000000 -2.576903 1 1.000000
 0.910016  0.000000 -2.589289 1 1.000000
 0.969645  0.000000 -2.600387 1 1.000000
 1.028869  0.000000 -2.610094 1 1.000000
 1.087603  0.000000 -2.618313 1 1.000000
 1.145754  0.000000 -2.624947 1 1.000000
 1.203221  0.000000 -2.629911 1 1.000000
 1.259896  0.000000 -2.633121 1 1.000000
 1.315666  0.000000 -2.634505 1 1.000000
 1.370412  0.000000 -2.633998 1 1.000000
 1.424011  0.000000 -2.631543 1 1.000000
 1.476339  0.000000 -2.627095 1 1.000000
 1.527268  0.000000 -2.620619 1 1.000000
 1.576673  0.000000 -2.612090 1 1.000000
 1.624429  0.000000 -2.601497 1 1.000000
 1.670412  0.000000 -2.588839 1 1.000000
 1.714507  0.000000 -2.574126 1 1.000000
 1.756600  0.000000 -2.557383 1 1.000000
 1.796588  0.000000 -2.538646 1 1.000000
 1.834375  0.000000 -2.517961 1 1.000000
 1.869876  0.000000 -2.495390 1 1.000000
 1.903016  0.000000 -2.471001 1 1.000000
 1.933735  0.000000 -2.444879 1 1.000000
 1.961987  0.000000 -2.417115 1 1.000000
 1.987740  0.000000 -2.387811 1 1.000000
 2.010979  0.000000 -2.357078 1 1.000000
 2.031705  0.000000 -2.325036 1 1.000000
 2.049940  0.000000 -2.291812 1 1.000000
 2.065721  0.000000 -2.257538 1 1.000000
 2.079105  0.000000 -2.222353 1 1.000000
 2.090169  0.000000 -2.186398 1 1.000000
 2.099010  0.000000 -2.149818 1 1.000000
 2.105741  0.000000 -2.112761 1 1.000000
 2.110497  0.000000 -2.075373 1 1.000000
 2.113431  0.000000 -2.037801 1 1.000000
 2.114713  0.000000 -2.000189 1 1.000000
 2.114530  0.000000 -1.962678 1 1.000000
 2.113087  0.000000 -1.925405 1 1.000000
 2.110603  0.000000 -1.888501 1 1.000000
 2.107309  0.000000 -1.852090 1 1.000000
 2.103451  0.000000 -1.816289 1 1.000000
 2.099285  0.000000 -1.781205 1 1.000000
 2.095075  0.000000 -1.746936 1 1.000000
 2.091093  0.000000 -1.713569 1 1.000000
 2.087617  0.000000 -1.681180 1 1.000000
 2.084925  0.000000 -1.649832 1 1.000000
 2.083301  0.000000 -1.619576 1 1.000000
 2.083023  0.000000 -1.590450 1 1.000000
 2.084369  0.000000 -1.562478 1 1.000000
 2.087611  0.000000 -1.535670 1 1.000000
 2.093013  0.000000 -1.510022 1 1.000000
 2.100828  0.000000 -1.485519 1 1.000000
 2.111299  0.000000 -1.462128 1 1.000000
 2.124654  0.000000 -1.439806 1 1.000000
 2.141105  0.000000 -1.418494 1 1.000000
 2.160846  0.000000 -1.398123 1 1.000000
 2.184051  0.000000 -1.378611 1 1.000000
 2.210873  0.000000 -1.359864 1 1.000000
 2.241442  0.000000 -1.341780 1 1.000000
 2.275862  0.000000 -1.324243 1 1.000000
 2.314214  0.000000 -1.307134 1 1.000000
 2.356551  0.000000 -1.290322 1 1.000000
 2.402899  0.000000 -1.273671 1 1.000000
 2.453256  0.000000 -1.257042 1 1.000000
 2.507591  0.000000 -1.240288 1 1.000000
 2.565845  0.000000 -1.223263 1 1.000000
 2.627930  0.000000 -1.205818 1 1.000000
 2.693730  0.000000 -1.187804 1 1.000000
 2.763102  0.000000 -1.169073 1 1.000000
 2.835873  0.000000 -1.149481 1 1.000000
 2.911847  0.000000 -1.128886 1 1.000000
 2.990801  0.000000 -1.107153 1 1.000000
 3.072489  0.000000 -1.084152 1 1.000000
 3.156641  0.000000 -1.059761 1 1.000000
 3.242969  0.000000 -1.033865 1 1.000000
 3.331163  0.000000 -1.006362 1 1.000000
 3.420898  0.000000 -0.977157 1 1.000000
 3.511834  0.000000 -0.946168 1 1.000000
 3.603618  0.000000 -0.913326 1 1.000000
 3.695888  0.000000 -0.878573 1 1.000000
 3.788272  0.000000 -0.841865 1 1.000000
 3.880394  0.000000 -0.803170 1 1.000000
 3.971876  0.000000 -0.762474 1 1.000000
 4.062338  0.000000 -0.719773 1 1.000000
 4.151403  0.000000 -0.675078 1 1.000000
 4.238701  0.000000 -0.628416 1 1.000000
 4.323864  0.000000 -0.579826 1 1.000000
 4.406540  0.000000 -0.529362 1 1.000000
 4.486385  0.000000 -0.477090 1 1.000000
 4.563069  0.000000 -0.423088 1 1.000000
 4.636283  0.000000 -0.367448 1 1.000000
 4.705731  0.000000 -0.310272 1 1.000000
 4.771141  0.000000 -0.251672 1 1.000000

# Interior points
 1.572563  0.000000 -2.319751 0 1.000000
 1.811968  0.000000  0.814183 0 1.000000
-2.095425  0.000000  0.091790 0 1.000000
-1.615572  0.000000  1.196187 0 1.000000
-1.671698  0.000000  0.013838 0 1.000000
 2.114878  0.000000  0.472947 0 1.000000
-2.474860  0.000000  0.469450 0 1.000000
-1.489914  0.000000 -0.117701 0 1.000000
 3.762321  0.000000 -0.369196 0 1.000000
 4.202680  0.000000 -0.114343 0 1.000000
-2.082108  0.000000  1.983683 0 1.000000
 3.718989  0.000000 -0.787388 0 1.000000
-2.966291  0.000000  1.097625 0 1.000000
 1.499836  0.000000  0.350415 0 1.000000
 0.362782  0.000000  0.045894 0 1.000000
 2.876998  0.000000  0.515925 0 1.000000
-0.561609  0.000000  2.071978 0 1.000000
-0.238624  0.000000  1.617153 0 1.000000
 0.613518  0.000000 -0.870505 0 1.000000
-0.404886  0.000000 -0.843787 0 1.000000
 2.417031  0.000000  1.741753 0 1.000000
 1.728812  0.000000 -1.715950 0 1.000000
 0.579672  0.000000  1.523144 0 1.000000
 0.449339  0.000000 -0.036440 0 1.000000
-0.830314  0.000000 -1.855884 0 1.000000
 3.697565  0.000000  1.780206 0 1.000000
 1.172670  0.000000 -2.615585 0 1.000000
 1.511584  0.000000 -2.439917 0 1.000000
 4.506478  0.000000 -0.043178 0 1.000000
 1.924073  0.000000 -1.050073 0 1.000000
 0.233624  0.000000 -0.164515 0 1.000000
-0.743263  0.000000 -1.252006 0 1.000000
 2.953222  0.000000 -0.130755 0 1.000000
 3.015783  0.000000  1.772789 0 1.000000
 5.094996  0.000000  0.638847 0 1.000000
-2.413807  0.000000  0.058174 0 1.000000
 4.134454  0.000000  0.424061 0 1.000000
-0.102842  0.000000  0.169860 0 1.000000
-1.588247  0.000000  1.152288 0 1.000000
 1.339779  0.000000  2.162107 0 1.000000
 0.817099  0.000000  2.459618 0 1.000000
 4.094357  0.000000  0.755847 0 1.000000
 4.312536  0.000000  0.799701 0 1.000000
-0.924253  0.000000  0.767488 0 1.000000
-0.224790  0.000000 -2.069234 0 1.000000
 0.837716  0.000000  1.740620 0 1.000000
 4.263246  0.000000  0.293875 0 1.000000
-1.404181  0.000000  0.295583 0 1.000000
-1.321562  0.000000  0.683956 0 1.000000
 2.255957  0.000000  1.058997 0 1.000000
-3.027907  0.000000  0.430039 0 1.000000
 1.796153  0.000000  1.354441 0 1.000000
 1.774041  0.000000  0.214815 0 1.000000
 1.605887  0.000000  0.773867 0 1.000000
 0.702844  0.000000  1.726769 0 1.000000
 2.437188  0.000000 -0.329488 0 1.000000
 0.101132  0.000000 -0.158618 0 1.000000
 0.357921  0.000000 -1.715778 0 1.000000
 0.994159  0.000000 -1.219651 0 1.000000
-2.966467  0.000000  0.756882 0 1.000000
-3.108546  0.000000  0.051847 0 1.000000
-3.128615  0.000000  1.783668 0 1.000000
 1.020672  0.000000 -1.085031 0 1.000000
 2.497785  0.000000  0.056844 0 1.000000
 0.971429  0.000000  0.167267 0 1.000000
 0.765224  0.000000  1.853901 0 1.000000
-2.297799  0.000000 -0.840218 0 1.000000
 3.403889  0.000000  0.256568 0 1.000000
 0.818013  0.000000  1.786485 0 1.000000
-1.318220  0.000000 -1.520573 0 1.000000
 0.792311  0.000000  1.558387 0 1.000000
 0.504858  0.000000 -1.129982 0 1.000000
 0.425121  0.000000  2.361620 0 1.000000
 1.715160  0.000000 -0.212995 0 1.000000
 2.864936  0.000000  0.760925 0 1.000000
 2.657852  0.000000 -0.033469 0 1.000000
-3.542688  0.000000  1.306460 0 1.000000
-2.460855  0.000000  1.897367 0 1.000000
-1.229580  0.000000 -1.510844 0 1.000000
-0.087602  0.000000  1.473011 0 1.000000
 1.984517  0.000000  0.758353 0 1.000000
 4.523920  0.000000 -0.088100 0 1.000000
-4.067826  0.000000  0.474859 0 1.000000
-1.433770  0.000000  0.290681 0 1.000000
 2.002422  0.000000 -0.505287 0 1.000000
-1.784603  0.000000 -0.383275 0 1.000000
-2.393713  0.000000 -1.172593 0 1.000000
 1.363168  0.000000  1.694266 0 1.000000
-0.438238  0.000000 -2.025320 0 1.000000
 1.631925  0.000000  0.056919 0 1.000000
 0.586434  0.000000  0.854441 0 1.000000
 1.507014  0.000000 -0.251883 0 1.000000
 0.948374  0.000000  0.731565 0 1.000000
 0.490466  0.000000  2.037572 0 1.000000
 1.336713  0.000000 -1.966827 0 1.000000
-0.614480  0.000000 -0.374438 0 1.000000
 1.308103  0.000000  2.200085 0 1.000000
 3.188044  0.000000  0.548377 0 1.000000
 0.769889  0.000000  2.358251 0 1.000000
 0.500522  0.000000  0.303014 0 1.000000
 0.027755  0.000000 -1.225353 0 1.000000
-1.637792  0.000000 -0.038478 0 1.000000
-0.632805  0.000000  1.026598 0 1.000000
 2.412490  0.000000 -0.544920 0 1.000000
 3.411703  0.000000  2.033486 0 1.000000
 3.269187  0.000000  1.362164 0 1.000000
-2.056122  0.000000 -0.591549 0 1.000000
 3.317797  0.000000 -0.248995 0 1.000000
-2.831421  0.000000  0.351341 0 1.000000
 0.823561  0.000000 -1.419045 0 1.000000
 0.853846  0.000000  0.215864 0 1.000000
 1.949948  0.000000 -2.097866 0 1.000000
 2.229267  0.000000 -0.409553 0 1.000000
 0.562883  0.000000  1.898075 0 1.000000
-1.061870  0.000000  1.053873 0 1.000000
-2.506301  0.000000  1.909907 0 1.000000
 0.706304  0.000000 -1.557853 0 1.000000
 0.101618  0.000000  0.688893 0 1.000000
 3.133958  0.000000  1.135805 0 1.000000
 0.863171  0.000000 -1.688762 0 1.000000
-2.173744  0.000000  1.911988 0 1.000000
 4.217027  0.000000  1.394361 0 1.000000
 2.868695  0.000000  1.187161 0 1.000000
-2.536000  0.000000  1.941693 0 1.000000
 1.720941  0.000000 -2.402719 0 1.000000
-1.933625  0.000000  0.131361 0 1.000000
 2.138558  0.000000  1.768764 0 1.000000
-1.913612  0.000000  1.097790 0 1.000000
 4.199046  0.000000  0.561651 0 1.000000
-0.421682  0.000000 -1.304728 0 1.000000
-2.397505  0.000000  0.184497 0 1.000000
 4.067932  0.000000  1.135920 0 1.000000
 3.383544  0.000000  1.645223 0 1.000000
 2.015413  0.000000  1.575854 0 1.000000
-2.859073  0.000000  0.968571 0 1.000000
-2.422654  0.000000  0.388556 0 1.000000
 0.377213  0.000000 -1.756617 0 1.000000
 2.896858  0.000000  1.902023 0 1.000000
-0.623750  0.000000  1.982531 0 1.000000
-1.222302  0.000000  1.695588 0 1.000000
-0.567914  0.000000 -0.632298 0 1.000000
 2.116202  0.000000 -0.214291 0 1.000000
 1.109964  0.000000 -2.529535 0 1.000000
 2.026349  0.000000 -0.123868 0 1.000000
 0.673072  0.000000 -0.329054 0 1.000000
 1.112987  0.000000 -1.844498 0 1.000000
 0.442034  0.000000  2.196141 0 1.000000
 4.341545  0.000000  1.366239 0 1.000000
 2.634336  0.000000  2.362983 0 1.000000
 0.679357  0.000000  1.364455 0 1.000000
-1.596331  0.000000  1.900020 0 1.000000
 0.741427  0.000000 -2.052227 0 1.000000
 1.016889  0.000000 -0.491516 0 1.000000
-2.562763  0.000000  0.900323 0 1.000000
-0.937798  0.000000  1.106352 0 1.000000
 1.726896  0.000000  0.889125 0 1.000000
-0.816524  0.000000  1.826634 0 1.000000
-0.103331  0.000000  0.349433 0 1.000000
 1.616477  0.000000 -0.463447 0 1.000000
-0.776190  0.000000  1.854548 0 1.000000
-0.024718  0.000000  1.656264 0 1.000000
 1.452633  0.000000 -0.918971 0 1.000000
 1.605412  0.000000 -0.072126 0 1.000000
-3.420780  0.000000  0.264839 0 1.000000
-0.692389  0.000000  0.418782 0 1.000000
-1.896609  0.000000 -1.166498 0 1.000000
 1.316990  0.000000  1.940735 0 1.000000
-0.519153  0.000000 -1.140805 0 1.000000
 1.438160  0.000000  1.483537 0 1.000000
-1.076982  0.000000 -0.575550 0 1.000000
 2.851711  0.000000  2.149216 0 1.000000
-0.125001  0.000000  0.462329 0 1.000000
-0.520307  0.000000 -1.045496 0 1.000000
 4.648809  0.000000  0.883809 0 1.000000
 0.484040  0.000000  1.768282 0 1.000000
 2.340619  0.000000 -1.000370 0 1.000000
-0.147724  0.000000 -0.420025 0 1.000000
-1.070881  0.000000  1.177265 0 1.000000
 0.778296  0.000000  0.269476 0 1.000000
 2.380875  0.000000  0.513417 0 1.000000
-2.848134  0.000000  0.137271 0 1.000000
-2.558435  0.000000 -0.552890 0 1.000000
 4.296782  0.000000  1.576245 0 1.000000
 1.628170  0.000000 -0.207106 0 1.000000
 3.181274  0.000000  1.745564 0 1.000000
-0.087945  0.000000 -0.365981 0 1.000000
 0.002075  0.000000 -0.932648 0 1.000000
 4.314039  0.000000 -0.543612 0 1.000000
-3.397039  0.000000  0.305689 0 1.000000
 0.320191  0.000000 -1.812563 0 1.000000
-1.610407  0.000000 -1.013524 0 1.000000
 0.228400  0.000000 -2.101131 0 1.000000
 3.988440  0.000000  1.602587 0 1.000000
 3.789439  0.000000  0.082331 0 1.000000
 3.853985  0.000000  0.605351 0 1.000000
-2.396014  0.000000  1.784225 0 1.000000
-1.163882  0.000000 -1.350441 0 1.000000
 3.545481  0.000000  0.354015 0 1.000000
-1.199816  0.000000  1.573477 0 1.000000
-0.461825  0.000000  1.067807 0 1.000000
-1.043740  0.000000 -0.706285 0 1.000000
-0.824519  0.000000 -1.512398 0 1.000000
 3.088662  0.000000  1.387924 0 1.000000
-0.710344  0.000000  0.640849 0 1.000000
-0.706159  0.000000 -1.632919 0 1.000000
 0.635358  0.000000  1.786989 0 1.000000
 1.881222  0.000000  0.797930 0 1.000000
 3.718149  0.000000  1.902480 0 1.000000
 0.930517  0.000000 -1.334888 0 1.000000
-0.378945  0.000000 -1.807690 0 1.000000
 0.051755  0.000000  1.862598 0 1.000000
-2.640914  0.000000 -0.322764 0 1.000000
 1.310955  0.000000 -2.600826 0 1.000000
 0.561108  0.000000 -1.475141 0 1.000000
 2.725366  0.000000  0.166260 0 1.000000
 1.144625  0.000000 -0.805340 0 1.000000
 2.538378  0.000000  0.755899 0 1.000000
 3.450155  0.000000  0.923466 0 1.000000
 3.599649  0.000000  0.760684 0 1.000000
 0.268062  0.000000  0.563020 0 1.000000
 3.591218  0.000000  1.010379 0 1.000000
 1.354475  0.000000  0.099349 0 1.000000
 0.260631  0.000000 -2.055772 0 1.000000
 4.104201  0.000000  0.978978 0 1.000000
-1.883237  0.000000 -0.282652 0 1.000000
-1.033653  0.000000  1.779718 0 1.000000
 4.955596  0.000000  0.088281 0 1.000000
 1.340612  0.000000 -2.065413 0 1.000000
-0.929592  0.000000 -1.678918 0 1.000000
 2.971960  0.000000  0.430070 0 1.000000
 5.079008  0.000000  0.901153 0 1.000000
-0.961588  0.000000 -0.701223 0 1.000000
-0.200082  0.000000 -2.177824 0 1.000000
 1.890180  0.000000 -0.759002 0 1.000000
 4.226348  0.000000 -0.154840 0 1.000000
 2.824636  0.000000  2.028160 0 1.000000
-2.327771  0.000000 -1.051755 0 1.000000
 0.624850  0.000000  1.267401 0 1.000000
-2.486213  0.000000  0.923673 0 1.000000
 4.500859  0.000000 -0.373796 0 1.000000
 3.718990  0.000000  0.732030 0 1.000000
-2.243907  0.000000  0.012586 0 1.000000
-1.969277  0.000000 -0.701227 0 1.000000
-1.474373  0.000000  1.185446 0 1.000000
-2.116010  0.000000  0.138932 0 1.000000
-0.071708  0.000000  0.292042 0 1.000000
 0.666385  0.000000 -1.423266 0 1.000000
 0.447147  0.000000 -0.290163 0 1.000000
 2.873591  0.000000  0.080938 0 1.000000
 1.878693  0.000000 -1.299624 0 1.000000
 2.086331  0.000000 -1.685801 0 1.000000
 0.451246  0.000000 -1.306853 0 1.000000
 1.942351  0.000000  0.179887 0 1.000000
 1.991960  0.000000 -1.421086 0 1.000000
-0.470269  0.000000  1.477670 0 1.000000
-2.220682  0.000000 -0.890590 0 1.000000
-3.467338  0.000000  0.773079 0 1.000000
 3.723265  0.000000  1.809758 0 1.000000
 2.385037  0.000000  0.593822 0 1.000000
 2.011124  0.000000  2.249947 0 1.000000
 1.070339  0.000000 -0.836505 0 1.000000
-2.958173  0.000000  1.064155 0 1.000000
 4.446212  0.000000 -0.121562 0 1.000000
 1.913112  0.000000  0.138821 0 1.000000
-1.882669  0.000000 -0.803590 0 1.000000
-1.684234  0.000000  0.128070 0 1.000000
-2.220315  0.000000  0.712519 0 1.000000
 1.582454  0.000000 -1.641070 0 1.000000
-1.123392  0.000000  1.534810 0 1.000000
 3.665292  0.000000  1.820738 0 1.000000
-3.761603  0.000000  0.093747 0 1.000000
 3.012880  0.000000 -1.089971 0 1.000000
 2.172032  0.000000  1.643593 0 1.000000
 0.953780  0.000000 -1.713893 0 1.000000
 2.133341  0.000000  2.376506 0 1.000000
 1.024850  0.000000  0.182264 0 1.000000
-0.761479  0.000000  0.725567 0 1.000000
-4.284006  0.000000  0.517333 0 1.000000
 1.838950  0.000000  0.927811 0 1.000000
 1.389915  0.000000  2.074158 0 1.000000
 3.226253  0.000000  1.304270 0 1.000000
 2.377122  0.000000  0.760489 0 1.000000
 3.633437  0.000000  0.224899 0 1.000000
 2.919069  0.000000  1.872425 0 1.000000
-3.507144  0.000000  0.423841 0 1.000000
-0.682108  0.000000 -1.759617 0 1.000000
-3.635010  0.000000  1.395123 0 1.000000
-0.789874  0.000000 -0.246349 0 1.000000
 3.045302  0.000000 -0.616690 0 1.000000
-2.313590  0.000000 -1.304110 0 1.000000
-2.836365  0.000000  0.596468 0 1.000000
-2.286110  0.000000  0.014754 0 1.000000
-0.858630  0.000000 -0.036800 0 1.000000
 3.931725  0.000000  0.856436 0 1.000000
 4.667934  0.000000  0.928497 0 1.000000
-1.636948  0.000000 -0.624909 0 1.000000
-0.635732  0.000000 -0.931758 0 1.000000
 0.350868  0.000000  2.241898 0 1.000000
-0.001695  0.000000 -1.676122 0 1.000000
-3.735147  0.000000  0.474684 0 1.000000
 1.558979  0.000000 -0.409478 0 1.000000
 1.293376  0.000000 -0.620167 0 1.000000
-3.820938  0.000000  0.970711 0 1.000000
-0.510556  0.000000 -1.227880 0 1.000000
-1.701247  0.000000  0.428213 0 1.000000
 0.948242  0.000000 -1.131888 0 1.000000
-4.277597  0.000000  0.471284 0 1.000000
-0.107129  0.000000 -1.258742 0 1.000000
 3.045238  0.000000  1.404694 0 1.000000
-3.899335  0.000000  1.533434 0 1.000000
 1.579112  0.000000  1.995004 0 1.000000
-0.335500  0.000000  0.506036 0 1.000000
-3.155492  0.000000  0.548230 0 1.000000
 1.411714  0.000000  0.764404 0 1.000000
 1.032143  0.000000 -1.139404 0 1.000000
-1.329444  0.000000 -0.253166 0 1.000000
 4.738705  0.000000 -0.116113 0 1.000000
 1.568612  0.000000  0.311548 0 1.000000
 3.578886  0.000000  1.574146 0 1.000000
 0.501240  0.000000 -0.363344 0 1.000000
 0.044739  0.000000  1.094754 0 1.000000
-0.962869  0.000000 -1.133489 0 1.000000
-1.593917  0.000000  2.068869 0 1.000000
-0.564635  0.000000  0.554519 0 1.000000
 0.497610  0.000000 -2.406589 0 1.000000
 0.042810  0.000000 -1.773481 0 1.000000
-1.540436  0.000000  1.991125 0 1.000000
-3.193194  0.000000  0.717024 0 1.000000
 1.943644  0.000000  0.674577 0 1.000000
-3.463487  0.000000  1.785786 0 1.000000
 1.416035  0.000000 -1.175735 0 1.000000
 1.314672  0.000000 -2.282057 0 1.000000
 0.430989  0.000000  0.014124 0 1.000000
-0.993895  0.000000  1.557822 0 1.000000
-3.652238  0.000000  0.262607 0 1.000000
-4.028414  0.000000  0.817642 0 1.000000
-0.655956  0.000000 -0.890605 0 1.000000
 3.078240  0.000000 -0.121623 0 1.000000
-4.284946  0.000000  0.585952 0 1.000000
-1.665540  0.000000  1.093733 0 1.000000
-2.637472  0.000000  1.436879 0 1.000000
-3.619721  0.000000  0.771616 0 1.000000
 3.255650  0.000000  0.338222 0 1.000000
 2.741453  0.000000 -0.543123 0 1.000000
-1.351651  0.000000 -0.721689 0 1.000000
 0.252293  0.000000  1.648740 0 1.000000
-2.436203  0.000000 -0.924712 0 1.000000
-1.658213  0.000000  0.503408 0 1.000000
-1.221478  0.000000  1.099606 0 1.000000
 2.865901  0.000000  0.012456 0 1.000000
-0.307317  0.000000  1.703025 0 1.000000
 4.106347  0.000000  1.323408 0 1.000000
 3.946197  0.000000 -0.002969 0 1.000000
-0.683882  0.000000 -1.601067 0 1.000000
-1.962456  0.000000 -1.602615 0 1.000000
-2.539318  0.000000  0.004318 0 1.000000
 2.655746  0.000000  0.727755 0 1.000000
-2.924032  0.000000 -0.165461 0 1.000000
 2.447796  0.000000 -0.720540 0 1.000000
 0.793766  0.000000 -0.283456 0 1.000000
-0.196409  0.000000 -0.583665 0 1.000000
-3.635308  0.000000  1.486319 0 1.000000
-1.029595  0.000000  1.439002 0 1.000000
 0.383175  0.000000 -0.501565 0 1.000000
 0.086915  0.000000  1.608423 0 1.000000
-0.460074  0.000000  0.726221 0 1.000000
 1.087040  0.000000 -1.980722 0 1.000000
 2.000429  0.000000  0.005794 0 1.000000
 2.727601  0.000000  0.423915 0 1.000000
-0.789191  0.000000 -1.926966 0 1.000000
 0.375748  0.000000  1.433402 0 1.000000
 1.692870  0.000000 -1.516316 0 1.000000
 4.622480  0.000000  0.503781 0 1.000000
-0.075316  0.000000  1.144812 0 1.000000
 2.742429  0.000000  1.829022 0 1.000000
 0.700016  0.000000 -1.311993 0 1.000000
 0.804569  0.000000  0.132877 0 1.000000
 1.067435  0.000000 -0.999145 0 1.000000
 1.818407  0.000000 -0.290478 0 1.000000
-2.510284  0.000000  0.636564 0 1.000000
-1.598332  0.000000  1.479587 0 1.000000
-4.544422  0.000000  0.770655 0 1.000000
 1.817596  0.000000  2.334595 0 1.000000
 1.880704  0.000000  0.476376 0 1.000000
 4.948172  0.000000  0.223791 0 1.000000
-2.338972  0.000000  0.084985 0 1.000000
 0.990016  0.000000 -2.401637 0 1.000000
-2.242972  0.000000 -1.179806 0 1.000000
-4.358897  0.000000  0.971193 0 1.000000
 1.136226  0.000000 -0.112485 0 1.000000
 0.604572  0.000000  2.323995 0 1.000000
 0.285810  0.000000  0.511978 0 1.000000
 3.309116  0.000000 -0.844852 0 1.000000
 4.681987  0.000000  0.502678 0 1.000000
 2.020514  0.000000  0.898573 0 1.000000
 2.692640  0.000000 -1.040066 0 1.000000
-1.811585  0.000000 -0.341501 0 1.000000
-1.695557  0.000000 -0.972076 0 1.000000
 3.190396  0.000000  1.814723 0 1.000000
 3.519670  0.000000  1.051884 0 1.000000
-1.043376  0.000000 -0.038079 0 1.000000
 2.596109  0.000000 -0.375922 0 1.000000
-1.532043  0.000000  0.212600 0 1.000000
 0.806498  0.000000 -1.041852 0 1.000000
 3.522849  0.000000 -0.880503 0 1.000000
-2.069441  0.000000  1.394419 0 1.000000
-0.652542  0.000000  0.888542 0 1.000000
 2.514213  0.000000 -1.055445 0 1.000000
 1.714653  0.000000  0.206684 0 1.000000
 4.728835  0.000000  0.171155 0 1.000000
-3.007557  0.000000  0.719009 0 1.000000
 4.842931  0.000000  0.551955 0 1.000000
-0.906858  0.000000 -1.975028 0 1.000000
 1.562068  0.000000  1.520735 0 1.000000
 0.205105  0.000000 -2.307377 0 1.000000
 3.565888  0.000000 -0.122398 0 1.000000
-3.101323  0.000000  0.384242 0 1.000000
 4.223694  0.000000 -0.252169 0 1.000000
 3.306997  0.000000  0.339013 0 1.000000
-1.550215  0.000000  0.478791 0 1.000000
 0.313587  0.000000 -0.873087 0 1.000000
 0.066199  0.000000  0.637754 0 1.000000
-2.169273  0.000000  1.474112 0 1.000000
-1.452669  0.000000 -1.378014 0 1.000000
 3.215582  0.000000  0.932327 0 1.000000
 3.333031  0.000000  1.134797 0 1.000000
 1.547376  0.000000 -1.508950 0 1.000000
 1.446960  0.000000  0.506121 0 1.000000
 2.647248  0.000000 -1.039749 0 1.000000
-2.006278  0.000000 -0.676292 0 1.000000
-1.717115  0.000000 -0.668495 0 1.000000
-1.201809  0.000000  1.056419 0 1.000000
 2.861496  0.000000 -0.675287 0 1.000000
 1.471297  0.000000 -1.650187 0 1.000000
-1.196040  0.000000 -0.121143 0 1.000000
 2.147588  0.000000 -0.837788 0 1.000000
 3.035353  0.000000 -0.877878 0 1.000000
-3.366826  0.000000  1.788492 0 1.000000
-3.144502  0.000000  1.312959 0 1.000000
-0.095029  0.000000 -1.927182 0 1.000000
-3.542868  0.000000  0.129980 0 1.000000
 0.259788  0.000000  2.241399 0 1.000000
-4.264465  0.000000  1.486024 0 1.000000
-1.144629  0.000000  1.062370 0 1.000000
 2.901385  0.000000  1.312465 0 1.000000
-1.627408  0.000000  0.548373 0 1.000000
 0.820703  0.000000  1.433641 0 1.000000
 4.426259  0.000000  0.502191 0 1.000000
 2.179609  0.000000 -0.080633 0 1.000000
 1.299748  0.000000 -1.261126 0 1.000000
 2.732496  0.000000  0.853093 0 1.000000
-3.514419  0.000000  1.785055 0 1.000000
 1.377997  0.000000 -1.550313 0 1.000000
 4.009441  0.000000 -0.116780 0 1.000000
 0.168826  0.000000 -0.709872 0 1.000000
 1.229202  0.000000  1.485279 0 1.000000
-1.196885  0.000000  0.632829 0 1.000000
 2.283614  0.000000 -0.084555 0 1.000000
 1.320936  0.000000  1.433585 0 1.000000
-0.530682  0.000000 -0.423516 0 1.000000
-1.099766  0.000000 -0.888712 0 1.000000
 4.151980  0.000000 -0.632545 0 1.000000
 3.159456  0.000000 -0.329401 0 1.000000
-2.335621  0.000000 -0.326399 0 1.000000
 0.365613  0.000000  0.636724 0 1.000000
 1.534534  0.000000 -1.812507 0 1.000000
 1.749716  0.000000 -1.844451 0 1.000000
 1.755024  0.000000  0.005450 0 1.000000
 0.675178  0.000000  0.686535 0 1.000000
-0.166276  0.000000 -1.131161 0 1.000000
-1.830863  0.000000 -0.040227 0 1.000000
-3.541403  0.000000  0.475521 0 1.000000
-1.779348  0.000000  1.659666 0 1.000000
-1.695289  0.000000 -0.869632 0 1.000000
 0.538459  0.000000  0.419066 0 1.000000
 0.078216  0.000000 -0.284286 0 1.000000
 2.176912  0.000000  0.002760 0 1.000000
 1.228423  0.000000 -2.307420 0 1.000000
 0.831048  0.000000  1.956439 0 1.000000
-0.566909  0.000000 -1.473192 0 1.000000
 3.069665  0.000000  0.848391 0 1.000000
 1.416029  0.000000 -0.162887 0 1.000000
 3.794493  0.000000  1.868200 0 1.000000
 0.608022  0.000000  0.461709 0 1.000000
-1.227019  0.000000 -0.831712 0 1.000000
-2.889034  0.000000 -0.081328 0 1.000000
-1.761544  0.000000  1.442100 0 1.000000
-1.899901  0.000000 -0.585029 0 1.000000
 3.665074  0.000000 -0.130614 0 1.000000
 0.818899  0.000000 -1.514493 0 1.000000
-2.924189  0.000000  0.353350 0 1.000000
-1.815685  0.000000 -0.069882 0 1.000000
-2.698777  0.000000  0.721267 0 1.000000
 2.779069  0.000000 -0.595029 0 1.000000
 3.479477  0.000000  1.556308 0 1.000000
 0.237165  0.000000  2.115535 0 1.000000
-3.538403  0.000000  0.646301 0 1.000000
-1.806519  0.000000 -1.333937 0 1.000000
 2.079924  0.000000  0.510125 0 1.000000
-1.647562  0.000000  1.483911 0 1.000000
 0.159177  0.000000  0.902064 0 1.000000
 1.120240  0.000000 -0.072512 0 1.000000
 2.932712  0.000000  0.801850 0 1.000000
 3.853112  0.000000  1.445945 0 1.000000
-2.061641  0.000000  1.779804 0 1.000000
 4.452551  0.000000  0.293919 0 1.000000
-1.891373  0.000000 -0.966402 0 1.000000
-2.956204  0.000000 -0.042230 0 1.000000
 1.526372  0.000000 -1.135414 0 1.000000
-3.666250  0.000000  0.521410 0 1.000000
 0.799186  0.000000 -1.221762 0 1.000000
 0.725939  0.000000  1.098216 0 1.000000
 1.342301  0.000000 -1.629676 0 1.000000
 2.147058  0.000000  0.597661 0 1.000000
 3.017313  0.000000  0.854248 0 1.000000
-3.849529  0.000000  1.446332 0 1.000000
-2.336562  0.000000 -1.089153 0 1.000000
 1.300520  0.000000  0.770895 0 1.000000
 0.587402  0.000000  2.209385 0 1.000000
 0.052556  0.000000  1.776868 0 1.000000
 2.189376  0.000000  1.610015 0 1.000000
 2.890112  0.000000  0.805686 0 1.000000
 0.136638  0.000000 -1.088566 0 1.000000
-3.359214  0.000000  0.761491 0 1.000000
 2.694204  0.000000 -0.968875 0 1.000000
-0.566626  0.000000  1.155606 0 1.000000
-3.154889  0.000000  0.730603 0 1.000000
 1.215781  0.000000 -2.356960 0 1.000000
 1.879919  0.000000 -0.215311 0 1.000000
 2.499474  0.000000  1.307636 0 1.000000
 2.616607  0.000000 -1.173285 0 1.000000
 2.951158  0.000000 -0.448388 0 1.000000
-4.424926  0.000000  0.975558 0 1.000000
 0.338353  0.000000 -2.351002 0 1.000000
-3.567299  0.000000  1.619582 0 1.000000
 3.094557  0.000000  1.059674 0 1.000000
 0.164921  0.000000  1.057449 0 1.000000
 0.925819  0.000000  0.775283 0 1.000000
-0.439277  0.000000  1.189883 0 1.000000
-0.247639  0.000000  1.687551 0 1.000000
-1.306243  0.000000  1.897944 0 1.000000
-1.490452  0.000000 -1.393857 0 1.000000
 1.203711  0.000000 -1.430180 0 1.000000
 1.114729  0.000000  1.431919 0 1.000000
-1.005800  0.000000  1.489181 0 1.000000
 4.567385  0.000000  1.183679 0 1.000000
 1.519149  0.000000  1.734703 0 1.000000
-3.217556  0.000000  1.446238 0 1.000000
-3.178387  0.000000  0.343253 0 1.000000
 1.485707  0.000000 -1.890587 0 1.000000
 1.391624  0.000000  0.732181 0 1.000000
-2.101319  0.000000  1.942950 0 1.000000
-2.445576  0.000000 -0.670130 0 1.000000
 2.359298  0.000000 -0.038826 0 1.000000
 1.728748  0.000000  2.076073 0 1.000000
-1.647140  0.000000 -1.378554 0 1.000000
 1.696888  0.000000  2.029699 0 1.000000
-2.938634  0.000000  0.766097 0 1.000000
-0.729746  0.000000  0.253075 0 1.000000
-0.048477  0.000000  1.186654 0 1.000000
 4.409260  0.000000  1.401512 0 1.000000
-1.773929  0.000000 -1.556086 0 1.000000
 1.190745  0.000000  1.064183 0 1.000000
-2.758003  0.000000  1.400883 0 1.000000
 1.620217  0.000000 -1.813847 0 1.000000
 2.858967  0.000000 -0.584867 0 1.000000
-1.097668  0.000000 -0.468511 0 1.000000
 0.572542  0.000000  1.097549 0 1.000000
-0.800819  0.000000 -0.957920 0 1.000000
-0.985253  0.000000  0.426883 0 1.000000
-0.443006  0.000000  1.598590 0 1.000000
-1.500213  0.000000  1.480568 0 1.000000
 2.776609  0.000000  1.023645 0 1.000000
 1.996671  0.000000 -0.164049 0 1.000000
 0.454867  0.000000  0.893640 0 1.000000
 2.740606  0.000000  1.648476 0 1.000000
 0.601396  0.000000 -0.284372 0 1.000000
-2.804588  0.000000  0.797549 0 1.000000
-1.002465  0.000000 -1.141589 0 1.000000
-2.494048  0.000000  0.089498 0 1.000000
 2.082010  0.000000 -0.579812 0 1.000000
 0.378358  0.000000  2.122266 0 1.000000
-1.627587  0.000000  1.058086 0 1.000000
-1.580014  0.000000  0.799054 0 1.000000
 1.532244  0.000000 -1.379171 0 1.000000
 1.159521  0.000000 -1.587170 0 1.000000
 2.351115  0.000000 -0.709062 0 1.000000
 2.282584  0.000000 -0.844015 0 1.000000
 3.273244  0.000000  0.816885 0 1.000000
 1.454321  0.000000  1.781473 0 1.000000
 3.018698  0.000000  0.252538 0 1.000000
 0.136561  0.000000 -1.270049 0 1.000000
-1.132337  0.000000  0.261486 0 1.000000
 2.285208  0.000000  2.448038 0 1.000000
 4.211884  0.000000  0.129235 0 1.000000
 2.524281  0.000000  0.259832 0 1.000000
 1.989790  0.000000  1.945291 0 1.000000
-0.863636  0.000000 -1.394465 0 1.000000
 2.155448  0.000000 -1.379617 0 1.000000
 1.070705  0.000000 -0.330119 0 1.000000
-1.050216  0.000000  1.737870 0 1.000000
-0.151214  0.000000  1.947125 0 1.000000
 1.705945  0.000000 -1.422596 0 1.000000
-4.031430  0.000000  0.377876 0 1.000000
 2.706308  0.000000 -0.623973 0 1.000000
 0.782716  0.000000  1.948103 0 1.000000
 3.012238  0.000000  1.533784 0 1.000000
 1.016663  0.000000  0.250521 0 1.000000
 2.712965  0.000000 -0.916172 0 1.000000
 1.002296  0.000000 -0.786365 0 1.000000
 0.893124  0.000000  0.128391 0 1.000000
-1.915609  0.000000  0.768878 0 1.000000
-3.278514  0.000000  0.758084 0 1.000000
 2.065348  0.000000 -0.204268 0 1.000000
-4.156410  0.000000  0.427649 0 1.000000
 1.271890  0.000000 -2.012159 0 1.000000
 0.683610  0.000000  0.184411 0 1.000000
 1.440765  0.000000 -0.206863 0 1.000000
 1.828525  0.000000 -0.384527 0 1.000000
-1.498183  0.000000 -0.206132 0 1.000000
 4.901441  0.000000  0.894124 0 1.000000
-1.248510  0.000000  1.913969 0 1.000000
 1.529899  0.000000 -1.310427 0 1.000000
 1.136419  0.000000 -1.295643 0 1.000000
 0.228139  0.000000 -2.194409 0 1.000000
-0.487039  0.000000 -1.420735 0 1.000000
 0.170476  0.000000 -0.128225 0 1.000000
 4.331364  0.000000 -0.337921 0 1.000000
 0.115124  0.000000 -1.478129 0 1.000000
 3.140430  0.000000  1.574825 0 1.000000
-1.045093  0.000000 -1.473612 0 1.000000
-0.760336  0.000000  0.464215 0 1.000000
-2.285522  0.000000 -1.348191 0 1.000000
 3.241028  0.000000  2.063939 0 1.000000
 0.645814  0.000000  1.317121 0 1.000000
 0.991477  0.000000  0.294690 0 1.000000
 3.310281  0.000000 -0.416441 0 1.000000
 1.339627  0.000000  2.069112 0 1.000000
 4.950072  0.000000  0.477181 0 1.000000
-0.268889  0.000000 -0.371659 0 1.000000
-1.734942  0.000000 -1.637247 0 1.000000
 1.547075  0.000000  1.693836 0 1.000000
 2.205397  0.000000  2.152409 0 1.000000
 3.627535  0.000000  0.630034 0 1.000000
-2.021719  0.000000 -0.721078 0 1.000000
 0.399782  0.000000  1.903121 0 1.000000
-0.168664  0.000000  0.888791 0 1.000000
 2.023713  0.000000  2.325616 0 1.000000
-1.934602  0.000000 -0.041516 0 1.000000
 3.290519  0.000000  0.293544 0 1.000000
 2.731202  0.000000  1.450076 0 1.000000
 3.883905  0.000000 -0.002989 0 1.000000
 0.875675  0.000000 -2.094900 0 1.000000
-2.251204  0.000000  0.686316 0 1.000000
-3.999615  0.000000  0.600292 0 1.000000
-0.305394  0.000000  1.187896 0 1.000000
 0.922491  0.000000  2.462240 0 1.000000
 2.838335  0.000000  0.898083 0 1.000000
 3.063917  0.000000 -0.243799 0 1.000000
-1.268946  0.000000  2.021512 0 1.000000
 1.880462  0.000000  1.231130 0 1.000000
 3.624176  0.000000 -0.634562 0 1.000000
 1.576828  0.000000 -0.971614 0 1.000000
 2.016502  0.000000 -0.704316 0 1.000000
 0.300996  0.000000  0.222078 0 1.000000
-1.639251  0.000000  1.644713 0 1.000000
 0.695289  0.000000 -0.378235 0 1.000000
 2.879247  0.000000  1.014864 0 1.000000
 2.914189  0.000000  1.526446 0 1.000000
-1.497948  0.000000 -0.702742 0 1.000000
 0.059402  0.000000  2.065718 0 1.000000
-1.449328  0.000000  1.898998 0 1.000000
-1.310170  0.000000  1.365242 0 1.000000
-2.020318  0.000000  1.486670 0 1.000000
-3.560514  0.000000  1.689430 0 1.000000
-3.484682  0.000000  0.307331 0 1.000000
-4.220577  0.000000  0.646283 0 1.000000
 1.559239  0.000000 -1.687355 0 1.000000
 0.237924  0.000000  1.188522 0 1.000000
 2.144615  0.000000  1.954147 0 1.000000
 1.294449  0.000000 -1.466921 0 1.000000
-1.216627  0.000000 -1.176412 0 1.000000
-0.973461  0.000000 -1.422522 0 1.000000
-1.205883  0.000000  1.742040 0 1.000000
 4.629752  0.000000  1.113114 0 1.000000
 2.445795  0.000000  0.633738 0 1.000000
-2.406798  0.000000  0.730238 0 1.000000
-0.687216  0.000000 -0.076106 0 1.000000
 1.155884  0.000000 -1.270661 0 1.000000
-2.266431  0.000000 -1.059312 0 1.000000
 0.677472  0.000000  2.116445 0 1.000000
 1.095030  0.000000  1.230397 0 1.000000
 0.520351  0.000000  1.602730 0 1.000000
 2.818291  0.000000 -0.411958 0 1.000000
 0.696585  0.000000  0.801243 0 1.000000
-1.883946  0.000000 -1.136793 0 1.000000
 2.826270  0.000000  0.179625 0 1.000000
 2.010168  0.000000  0.381303 0 1.000000
 0.555266  0.000000  1.227598 0 1.000000
 2.830534  0.000000 -0.843580 0 1.000000
-3.871660  0.000000  1.658878 0 1.000000
 1.977371  0.000000 -1.218724 0 1.000000
 1.530499  0.000000  1.817763 0 1.000000
 0.623429  0.000000 -1.097008 0 1.000000
-0.851796  0.000000  1.055276 0 1.000000
-0.951154  0.000000 -0.545732 0 1.000000
-1.926591  0.000000 -0.382668 0 1.000000
 0.578813  0.000000  0.937729 0 1.000000
 0.187869  0.000000  1.261247 0 1.000000
-3.149306  0.000000  0.647263 0 1.000000
 0.504363  0.000000 -0.788439 0 1.000000
-3.316458  0.000000  0.425206 0 1.000000
-0.859667  0.000000 -1.977572 0 1.000000
-3.251353  0.000000  1.055214 0 1.000000
-1.118748  0.000000  0.677551 0 1.000000
-2.588802  0.000000  1.613038 0 1.000000
 2.870150  0.000000  0.939819 0 1.000000
 1.764883  0.000000  1.815086 0 1.000000
 3.251038  0.000000 -0.154170 0 1.000000
 1.281581  0.000000  0.210094 0 1.000000
 3.535076  0.000000  1.738281 0 1.000000
-0.026714  0.000000  1.064648 0 1.000000
-4.364905  0.000000  0.885274 0 1.000000
 2.986043  0.000000  1.733581 0 1.000000
 1.521246  0.000000 -1.643488 0 1.000000
-0.009668  0.000000 -0.165317 0 1.000000
 1.621727  0.000000  0.730335 0 1.000000
 2.900193  0.000000  0.295473 0 1.000000
-2.142865  0.000000  0.003167 0 1.000000
 1.893663  0.000000  2.528646 0 1.000000
 0.885640  0.000000 -1.045385 0 1.000000
 1.890522  0.000000  1.618718 0 1.000000
-0.422277  0.000000  1.227626 0 1.000000
-2.824048  0.000000 -0.080654 0 1.000000
 1.576271  0.000000 -2.154909 0 1.000000
 2.168597  0.000000  0.544066 0 1.000000
 1.025491  0.000000 -1.841856 0 1.000000
-0.819479  0.000000  0.207938 0 1.000000
 3.225963  0.000000  1.478386 0 1.000000
-0.680646  0.000000  0.097114 0 1.000000
-0.152384  0.000000  2.121773 0 1.000000
 0.531071  0.000000  0.095899 0 1.000000
 1.863191  0.000000  2.166521 0 1.000000
 1.243180  0.000000 -0.801692 0 1.000000
 1.593888  0.000000  0.684625 0 1.000000
-0.898795  0.000000 -1.393040 0 1.000000
 2.659831  0.000000  1.993861 0 1.000000
-1.704634  0.000000  2.032539 0 1.000000
 2.058099  0.000000 -1.715855 0 1.000000
-0.836738  0.000000 -1.101183 0 1.000000
-2.664072  0.000000  1.645528 0 1.000000
 2.524463  0.000000 -0.580018 0 1.000000
 0.574782  0.000000  0.345817 0 1.000000
-3.271050  0.000000 -0.084367 0 1.000000
 2.869291  0.000000 -0.322783 0 1.000000
-0.101566  0.000000  0.509798 0 1.000000
 0.301728  0.000000  2.325641 0 1.000000
 0.370314  0.000000 -0.449773 0 1.000000
-0.932773  0.000000 -0.667261 0 1.000000
 3.687335  0.000000  0.184266 0 1.000000
 3.337923  0.000000 -0.294725 0 1.000000
-1.100120  0.000000 -0.535219 0 1.000000
-0.354967  0.000000  0.678353 0 1.000000
 3.870755  0.000000 -0.194873 0 1.000000
 2.025922  0.000000  1.222408 0 1.000000
-1.971741  0.000000  0.648588 0 1.000000
 1.823375  0.000000  0.546070 0 1.000000
 3.574343  0.000000 -0.456290 0 1.000000
-0.514364  0.000000  2.157009 0 1.000000
-4.380219  0.000000  1.099900 0 1.000000
 5.119869  0.000000  0.768647 0 1.000000
 1.606422  0.000000 -1.005900 0 1.000000
-3.445228  0.000000  0.640826 0 1.000000
 2.608246  0.000000  0.297789 0 1.000000
-0.718578  0.000000 -0.888327 0 1.000000
-0.642412  0.000000 -1.852034 0 1.000000
-2.656313  0.000000 -0.381398 0 1.000000
 0.216135  0.000000 -1.892447 0 1.000000
 2.974290  0.000000  0.854279 0 1.000000
 0.093698  0.000000 -0.660038 0 1.000000
 2.456012  0.000000 -0.532339 0 1.000000
-3.410515  0.000000  0.089987 0 1.000000
-0.764924  0.000000  0.389274 0 1.000000
 4.126915  0.000000  0.509267 0 1.000000
-1.330934  0.000000  0.333722 0 1.000000
 1.600076  0.000000  1.598931 0 1.000000
-1.963739  0.000000 -1.003078 0 1.000000
 3.794774  0.000000 -0.673685 0 1.000000
-0.963471  0.000000 -1.812171 0 1.000000
-0.297525  0.000000 -0.424211 0 1.000000
 2.040638  0.000000  0.266089 0 1.000000
-3.039868  0.000000  1.309352 0 1.000000
-0.544980  0.000000 -1.842401 0 1.000000
-1.310878  0.000000 -1.339453 0 1.000000
 1.260488  0.000000  0.601518 0 1.000000
 2.806519  0.000000  2.251646 0 1.000000
-2.002357  0.000000 -0.159936 0 1.000000
 2.392442  0.000000  0.338166 0 1.000000
 3.737580  0.000000  1.788130 0 1.000000
 1.522425  0.000000 -0.213971 0 1.000000
 2.998260  0.000000  0.394204 0 1.000000
-0.744705  0.000000  0.084109 0 1.000000
 1.837439  0.000000  0.014774 0 1.000000
-0.525913  0.000000 -1.646824 0 1.000000
-2.083048  0.000000 -0.534215 0 1.000000
 0.332075  0.000000  0.438342 0 1.000000
 2.512504  0.000000  0.459293 0 1.000000
-0.102450  0.000000 -1.351098 0 1.000000
-1.139847  0.000000  0.386406 0 1.000000
-1.371434  0.000000 -1.765451 0 1.000000
 3.055721  0.000000  1.855319 0 1.000000
-0.620774  0.000000 -1.383113 0 1.000000
-0.045482  0.000000 -1.675293 0 1.000000
 1.815127  0.000000 -0.031088 0 1.000000
 1.618855  0.000000  1.913646 0 1.000000
 1.219241  0.000000  0.421231 0 1.000000
 3.726331  0.000000  0.218666 0 1.000000
-0.816523  0.000000  0.126500 0 1.000000
-2.544820  0.000000  0.925830 0 1.000000
-0.038623  0.000000  1.982118 0 1.000000
 1.013669  0.000000 -1.347571 0 1.000000
 1.948343  0.000000  1.261341 0 1.000000
 0.891057  0.000000 -2.493934 0 1.000000
-0.125372  0.000000 -1.293876 0 1.000000
 3.212824  0.000000  0.682894 0 1.000000
-2.535534  0.000000  0.089049 0 1.000000
 1.000060  0.000000  1.148777 0 1.000000
 3.740665  0.000000 -0.071175 0 1.000000
-1.593617  0.000000  0.295532 0 1.000000
-0.303636  0.000000 -0.080497 0 1.000000
-2.985502  0.000000  1.437334 0 1.000000
 2.547047  0.000000 -0.973603 0 1.000000
-2.179957  0.000000 -0.027006 0 1.000000
 2.358483  0.000000  2.071358 0 1.000000
 0.783642  0.000000  2.286361 0 1.000000
 0.796426  0.000000 -0.786533 0 1.000000
-3.980886  0.000000  1.561977 0 1.000000
 0.062624  0.000000  0.041831 0 1.000000
-3.235109  0.000000  1.911555 0 1.000000
 3.773932  0.000000 -0.028354 0 1.000000
-2.617365  0.000000  1.317061 0 1.000000
-0.758503  0.000000 -0.871113 0 1.000000
-1.791007  0.000000  0.810375 0 1.000000
 0.026400  0.000000 -1.901815 0 1.000000
 0.607166  0.000000  2.168203 0 1.000000
-2.205625  0.000000  0.332717 0 1.000000
-4.438070  0.000000  1.272959 0 1.000000
-2.482520  0.000000 -0.241970 0 1.000000
-3.275440  0.000000  0.093789 0 1.000000
-0.533864  0.000000 -0.920545 0 1.000000
 0.887377  0.000000 -1.140476 0 1.000000
 3.460567  0.000000  1.602840 0 1.000000
-0.567918  0.000000 -0.711270 0 1.000000
 4.875856  0.000000  0.334136 0 1.000000
-3.464021  0.000000  1.866287 0 1.000000
-0.079732  0.000000  1.911853 0 1.000000
-0.831204  0.000000  2.038318 0 1.000000
 0.750230  0.000000  2.149096 0 1.000000
-2.778738  0.000000  0.939111 0 1.000000
 1.189396  0.000000 -2.572789 0 1.000000
 4.704456  0.000000  1.052015 0 1.000000
-2.255822  0.000000 -0.405809 0 1.000000
-2.932749  0.000000  1.178717 0 1.000000
 0.402033  0.000000 -1.294612 0 1.000000
-0.186080  0.000000 -0.212584 0 1.000000
-3.753906  0.000000  1.194219 0 1.000000
 4.581793  0.000000 -0.082071 0 1.000000
 4.694221  0.000000 -0.296832 0 1.000000
-0.105789  0.000000  0.602090 0 1.000000
 1.053186  0.000000 -1.057195 0 1.000000
 2.063100  0.000000 -1.800876 0 1.000000
 1.612030  0.000000 -1.090838 0 1.000000
 1.314474  0.000000  0.850891 0 1.000000
 0.877323  0.000000  1.431877 0 1.000000
 2.336059  0.000000 -1.168670 0 1.000000
-1.224718  0.000000  0.434219 0 1.000000
-2.855329  0.000000  1.137013 0 1.000000
-1.639430  0.000000  0.899999 0 1.000000
 0.793843  0.000000 -1.131420 0 1.000000
 3.846608  0.000000 -0.585422 0 1.000000
 1.291070  0.000000 -2.148311 0 1.000000
 2.981582  0.000000  1.818094 0 1.000000
-1.151336  0.000000  1.810781 0 1.000000
-4.332823  0.000000  0.673240 0 1.000000
-1.390354  0.000000  0.801776 0 1.000000
 1.210747  0.000000  1.362468 0 1.000000
 5.017013  0.000000  0.760304 0 1.000000
-2.537765  0.000000  1.518238 0 1.000000
-2.531154  0.000000  1.363265 0 1.000000
-0.096822  0.000000  1.857394 0 1.000000
 3.802875  0.000000 -0.589790 0 1.000000
-3.795068  0.000000  0.171986 0 1.000000
 1.934806  0.000000  1.018174 0 1.000000
-2.985120  0.000000  1.951471 0 1.000000
 2.446129  0.000000  1.733726 0 1.000000
 2.656636  0.000000 -0.719732 0 1.000000
 0.830704  0.000000  0.773844 0 1.000000
-1.902889  0.000000 -1.339617 0 1.000000
 0.084671  0.000000 -1.762071 0 1.000000
 3.492267  0.000000 -0.244339 0 1.000000
-3.430246  0.000000  1.392171 0 1.000000
 1.040576  0.000000  0.143018 0 1.000000
 1.284962  0.000000  0.130231 0 1.000000
-0.785155  0.000000 -0.330990 0 1.000000
-2.564191  0.000000  0.376600 0 1.000000
-0.047924  0.000000 -0.162717 0 1.000000
-2.206808  0.000000  1.434351 0 1.000000
-0.005632  0.000000  1.598799 0 1.000000
 1.881131  0.000000 -1.228403 0 1.000000
-1.313453  0.000000 -1.689070 0 1.000000
-0.921154  0.000000 -2.015690 0 1.000000
-2.401319  0.000000  1.617718 0 1.000000
-3.050638  0.000000  1.477288 0 1.000000
-0.915803  0.000000 -1.545896 0 1.000000
 2.738293  0.000000 -0.627414 0 1.000000
 2.182717  0.000000  0.774835 0 1.000000
 3.717549  0.000000  0.470098 0 1.000000
-2.782244  0.000000  1.855637 0 1.000000
 3.842787  0.000000  1.190122 0 1.000000
-3.359837  0.000000  0.512279 0 1.000000
 0.126561  0.000000  0.295011 0 1.000000
 1.463109  0.000000 -2.268771 0 1.000000
 0.527105  0.000000  2.201232 0 1.000000
-0.680094  0.000000 -0.165371 0 1.000000
-0.453072  0.000000 -1.603820 0 1.000000
 3.113853  0.000000  1.768272 0 1.000000
-2.310320  0.000000  1.991705 0 1.000000
-2.710764  0.000000  0.045024 0 1.000000
 2.640362  0.000000 -0.293460 0 1.000000
-0.863897  0.000000 -1.807572 0 1.000000
 1.863167  0.000000  0.642302 0 1.000000
-3.789610  0.000000  0.554208 0 1.000000
 4.106004  0.000000 -0.120903 0 1.000000
 2.158825  0.000000  2.500368 0 1.000000
-1.612001  0.000000  0.939198 0 1.000000
 4.966184  0.000000  0.424865 0 1.000000
 0.021910  0.000000 -0.205334 0 1.000000
 4.278324  0.000000 -0.588982 0 1.000000
 2.763839  0.000000 -0.748612 0 1.000000
 0.620605  0.000000  0.427723 0 1.000000
 3.440135  0.000000  0.638982 0 1.000000
-1.476627  0.000000  1.352275 0 1.000000
-0.776405  0.000000 -0.424968 0 1.000000
 0.819870  0.000000  0.852751 0 1.000000
-0.882538  0.000000  1.698661 0 1.000000
-1.762217  0.000000  0.094060 0 1.000000
 2.216078  0.000000  1.897825 0 1.000000
-2.870835  0.000000  0.941490 0 1.000000
 1.486544  0.000000  0.215777 0 1.000000
 2.246810  0.000000  0.598450 0 1.000000
 1.490242  0.000000  1.733267 0 1.000000
-0.067625  0.000000 -1.293857 0 1.000000
 2.341321  0.000000  1.684721 0 1.000000
 0.534240  0.000000  1.261917 0 1.000000
-0.299815  0.000000 -0.498420 0 1.000000
-2.491509  0.000000  0.261293 0 1.000000
-0.712482  0.000000 -0.455117 0 1.000000
 3.127746  0.000000 -0.037235 0 1.000000
-2.382828  0.000000 -0.918749 0 1.000000
 0.504993  0.000000  1.735933 0 1.000000
 2.233462  0.000000  0.000877 0 1.000000
 0.729910  0.000000 -0.492744 0 1.000000
 0.289881  0.000000  0.260476 0 1.000000
-0.817807  0.000000 -2.069236 0 1.000000
 2.383178  0.000000  1.611005 0 1.000000
 3.214895  0.000000  1.024358 0 1.000000
 3.743556  0.000000  0.841521 0 1.000000
 1.950748  0.000000  1.533650 0 1.000000
 1.202975  0.000000 -1.269594 0 1.000000
 2.948428  0.000000  2.239327 0 1.000000
-1.713399  0.000000  1.442820 0 1.000000
-2.471259  0.000000  0.305222 0 1.000000
-3.587176  0.000000  0.303351 0 1.000000
-0.160206  0.000000  1.694978 0 1.000000
 1.801744  0.000000  2.362684 0 1.000000
 1.239875  0.000000 -0.955847 0 1.000000
-0.629956  0.000000 -1.939001 0 1.000000
 2.554000  0.000000  0.038879 0 1.000000
-0.925405  0.000000  0.257505 0 1.000000
-0.670568  0.000000 -1.985823 0 1.000000
-2.021197  0.000000  0.376084 0 1.000000
 2.482498  0.000000  1.528664 0 1.000000
 1.094267  0.000000 -0.970556 0 1.000000
 1.764733  0.000000  1.398463 0 1.000000
 0.630825  0.000000 -1.429661 0 1.000000
 0.206408  0.000000 -1.972616 0 1.000000
 0.379314  0.000000 -1.094489 0 1.000000
-0.229873  0.000000  1.895030 0 1.000000
 4.847882  0.000000  0.718392 0 1.000000
-1.498551  0.000000 -1.225617 0 1.000000
 0.608743  0.000000  1.895629 0 1.000000
-1.642298  0.000000  1.727339 0 1.000000
-0.482498  0.000000 -1.099786 0 1.000000
 4.137991  0.000000  0.089488 0 1.000000
 1.472416  0.000000 -1.973486 0 1.000000
-2.023390  0.000000 -0.123774 0 1.000000
 0.686718  0.000000  1.272822 0 1.000000
 2.697041  0.000000  0.305626 0 1.000000
 2.066951  0.000000 -1.900918 0 1.000000
 1.351429  0.000000  2.451432 0 1.000000
 2.548503  0.000000  1.641577 0 1.000000
-3.610438  0.000000  0.589459 0 1.000000
 2.439782  0.000000  2.450791 0 1.000000
-0.417267  0.000000 -1.644118 0 1.000000
 0.028314  0.000000 -2.058681 0 1.000000
 3.825416  0.000000  1.320250 0 1.000000
 0.588592  0.000000  1.948690 0 1.000000
-0.142246  0.000000 -2.192919 0 1.000000
-1.241794  0.000000 -1.729486 0 1.000000
-0.803742  0.000000  2.074707 0 1.000000
 2.081980  0.000000 -0.922085 0 1.000000
-3.660492  0.000000  0.335741 0 1.000000
 1.549494  0.000000 -1.173191 0 1.000000
 1.721246  0.000000 -2.313901 0 1.000000
 1.399327  0.000000  1.443024 0 1.000000
 1.699629  0.000000 -1.594089 0 1.000000
-0.841219  0.000000  1.028129 0 1.000000
-0.768303  0.000000  1.153672 0 1.000000
 1.887204  0.000000  1.190262 0 1.000000
 0.524487  0.000000 -2.431425 0 1.000000
-1.593464  0.000000 -0.369387 0 1.000000
-1.191016  0.000000 -1.039263 0 1.000000
-2.860893  0.000000 -0.199616 0 1.000000
-1.639494  0.000000  0.213034 0 1.000000
-1.168731  0.000000 -0.915421 0 1.000000
 3.541706  0.000000  1.606740 0 1.000000
 0.000639  0.000000  1.695524 0 1.000000
-1.062545  0.000000  0.209380 0 1.000000
-2.780949  0.000000  1.276315 0 1.000000
 0.840419  0.000000 -1.043571 0 1.000000
 0.533267  0.000000 -0.672843 0 1.000000
 4.405741  0.000000  0.039481 0 1.000000
-1.525354  0.000000  0.091170 0 1.000000
-2.929899  0.000000 -0.247687 0 1.000000
 3.383687  0.000000 -0.377848 0 1.000000
-3.226068  0.000000  1.352154 0 1.000000
-2.520850  0.000000  0.564286 0 1.000000
 3.725364  0.000000  0.807876 0 1.000000
-0.694765  0.000000 -1.166665 0 1.000000
-0.354424  0.000000 -2.098896 0 1.000000
-2.755474  0.000000  0.214205 0 1.000000
-2.509095  0.000000  1.996412 0 1.000000
 4.258949  0.000000  0.799498 0 1.000000
 3.459351  0.000000  0.774639 0 1.000000
 2.960248  0.000000  2.124811 0 1.000000
 0.108080  0.000000  1.987559 0 1.000000
 1.088432  0.000000  2.416024 0 1.000000
-3.401116  0.000000  1.404078 0 1.000000
-0.352702  0.000000 -0.165989 0 1.000000
 0.126853  0.000000 -0.972768 0 1.000000
-4.516456  0.000000  1.138970 0 1.000000
 0.155424  0.000000  0.377400 0 1.000000
 0.574690  0.000000 -0.492433 0 1.000000
-2.587567  0.000000  1.023033 0 1.000000
 2.572041  0.000000  0.766388 0 1.000000
 1.057863  0.000000  0.928686 0 1.000000
 2.627474  0.000000  0.850724 0 1.000000
 2.236709  0.000000  1.193566 0 1.000000
 1.535766  0.000000 -0.042938 0 1.000000
 0.919342  0.000000  0.336607 0 1.000000
 4.923716  0.000000 -0.086963 0 1.000000
 0.353335  0.000000 -2.317459 0 1.000000
 2.624892  0.000000 -0.237888 0 1.000000
-3.490495  0.000000  1.312767 0 1.000000
 1.328911  0.000000  0.050480 0 1.000000
-0.700876  0.000000  0.292837 0 1.000000
-2.447449  0.000000 -0.582536 0 1.000000
-4.249386  0.000000  0.851429 0 1.000000
-1.010247  0.000000 -1.719652 0 1.000000
 4.411756  0.000000  0.295307 0 1.000000
 1.674933  0.000000 -0.299241 0 1.000000
-1.059083  0.000000 -1.646702 0 1.000000
 4.987496  0.000000  0.045466 0 1.000000
-3.677925  0.000000  1.227051 0 1.000000
-4.316145  0.000000  1.061450 0 1.000000
 0.314206  0.000000  2.149334 0 1.000000
 0.434564  0.000000 -0.085022 0 1.000000
-2.010737  0.000000 -0.075471 0 1.000000
-0.513714  0.000000 -1.729836 0 1.000000
 0.243701  0.000000  1.353023 0 1.000000
 3.216344  0.000000 -0.417533 0 1.000000
 4.068075  0.000000  0.475303 0 1.000000
 3.433810  0.000000  0.293706 0 1.000000
 0.410738  0.000000 -0.636800 0 1.000000
-0.508696  0.000000 -0.123916 0 1.000000
 1.001521  0.000000  2.337069 0 1.000000
 1.479764  0.000000 -0.960797 0 1.000000
 2.260402  0.000000  0.469370 0 1.000000
 1.042324  0.000000  0.972555 0 1.000000
-2.103860  0.000000  1.527832 0 1.000000
 4.105117  0.000000 -0.374944 0 1.000000
 1.609911  0.000000 -1.934775 0 1.000000
-0.681842  0.000000  1.274646 0 1.000000
 0.271969  0.000000  1.819493 0 1.000000
-3.130988  0.000000  1.527646 0 1.000000
 0.575357  0.000000 -0.743175 0 1.000000
 1.244899  0.000000 -0.720127 0 1.000000
-3.736977  0.000000  1.571671 0 1.000000
 2.226300  0.000000  2.294184 0 1.000000
-0.711514  0.000000 -1.974488 0 1.000000
 3.445258  0.000000  0.080323 0 1.000000
-0.604294  0.000000 -0.128457 0 1.000000
-0.032586  0.000000 -0.121512 0 1.000000
 1.703468  0.000000  0.347551 0 1.000000
-2.621100  0.000000  0.209668 0 1.000000
-3.800412  0.000000  1.021187 0 1.000000
 2.329141  0.000000 -1.080836 0 1.000000
-1.438835  0.000000  1.063647 0 1.000000
 0.824771  0.000000  1.275567 0 1.000000
-1.929106  0.000000 -1.308995 0 1.000000
 0.182373  0.000000  1.619523 0 1.000000
 1.547383  0.000000  0.008127 0 1.000000
-2.165152  0.000000  1.239446 0 1.000000
 2.657537  0.000000  1.476556 0 1.000000
 1.213947  0.000000  0.256054 0 1.000000
-2.659155  0.000000  1.476905 0 1.000000
 2.861681  0.000000  2.204550 0 1.000000
 0.536250  0.000000 -1.520266 0 1.000000
-1.326632  0.000000  2.036755 0 1.000000
 3.094573  0.000000 -0.370036 0 1.000000
-2.228359  0.000000  1.743755 0 1.000000
 1.124455  0.000000  1.693040 0 1.000000
-1.682035  0.000000 -0.788312 0 1.000000
 2.041777  0.000000 -2.268296 0 1.000000
 4.116308  0.000000 -0.552783 0 1.000000
 2.420440  0.000000  0.601143 0 1.000000
 4.760957  0.000000  1.112102 0 1.000000
 2.209647  0.000000  1.984640 0 1.000000
-0.830944  0.000000 -1.002790 0 1.000000
-3.351777  0.000000  0.634157 0 1.000000
 2.695936  0.000000  2.251317 0 1.000000
-2.170196  0.000000 -1.226194 0 1.000000
-0.784976  0.000000 -0.911882 0 1.000000
 1.238202  0.000000  2.152066 0 1.000000
 2.698782  0.000000  0.128102 0 1.000000
-4.440858  0.000000  0.856402 0 1.000000
 1.044229  0.000000  0.225856 0 1.000000
 3.896991  0.000000  1.615543 0 1.000000
-2.534310  0.000000  1.684728 0 1.000000
 1.934961  0.000000 -1.676916 0 1.000000
-2.485685  0.000000  1.278239 0 1.000000
 4.390279  0.000000  0.434996 0 1.000000
 0.278812  0.000000 -0.491766 0 1.000000
-3.123188  0.000000  0.772136 0 1.000000
 1.525324  0.000000  1.646107 0 1.000000
-2.605525  0.000000  0.647582 0 1.000000
 1.992492  0.000000  1.360525 0 1.000000
-1.305935  0.000000  0.725454 0 1.000000
 1.800113  0.000000 -1.013694 0 1.000000
 1.948068  0.000000  1.862741 0 1.000000
 0.794516  0.000000 -1.378526 0 1.000000
 0.343749  0.000000 -1.594986 0 1.000000
 2.378468  0.000000  2.463047 0 1.000000
-1.763214  0.000000 -1.518898 0 1.000000
 0.838418  0.000000  0.381719 0 1.000000
-2.832911  0.000000  0.082861 0 1.000000
-1.949028  0.000000  0.333866 0 1.000000
 0.730930  0.000000 -0.172320 0 1.000000
-1.084939  0.000000 -1.176882 0 1.000000
-2.643432  0.000000  1.695263 0 1.000000
 2.095669  0.000000 -0.837133 0 1.000000
 1.603325  0.000000 -0.321209 0 1.000000
 1.158223  0.000000  2.292887 0 1.000000
 0.675619  0.000000 -0.417277 0 1.000000
 3.090963  0.000000  0.632652 0 1.000000
-4.055772  0.000000  0.342575 0 1.000000
 1.495057  0.000000 -2.196328 0 1.000000
 4.630489  0.000000  0.856497 0 1.000000
 2.602385  0.000000 -0.196364 0 1.000000
 1.413948  0.000000  2.453029 0 1.000000
 1.503321  0.000000 -1.168070 0 1.000000
 2.390028  0.000000 -0.761649 0 1.000000
-1.727198  0.000000  0.467610 0 1.000000
-0.182871  0.000000 -1.215633 0 1.000000
 4.517530  0.000000 -0.339140 0 1.000000
 0.159409  0.000000 -1.383929 0 1.000000
-1.481324  0.000000 -1.564189 0 1.000000
-1.549978  0.000000 -1.731462 0 1.000000
-0.293812  0.000000  1.520559 0 1.000000
-0.369695  0.000000 -1.890804 0 1.000000
 2.083788  0.000000 -0.336757 0 1.000000
-0.177833  0.000000  2.155779 0 1.000000
-2.719570  0.000000  0.301517 0 1.000000
 1.281103  0.000000 -1.973039 0 1.000000
 2.730925  0.000000 -0.589141 0 1.000000
 1.486086  0.000000 -1.058534 0 1.000000
 3.189055  0.000000  0.887729 0 1.000000
-1.084901  0.000000 -0.922345 0 1.000000
 0.626173  0.000000  1.095434 0 1.000000
-2.115250  0.000000  1.059646 0 1.000000
 3.610260  0.000000  1.447148 0 1.000000
-3.902221  0.000000  0.842171 0 1.000000
 2.926062  0.000000  1.683684 0 1.000000
 1.769459  0.000000 -0.293756 0 1.000000
 1.741102  0.000000  2.452769 0 1.000000
 0.339538  0.000000  2.105846 0 1.000000
 1.817479  0.000000 -1.986940 0 1.000000
 0.603456  0.000000  1.979533 0 1.000000
 2.656829  0.000000 -0.370401 0 1.000000
-1.520283  0.000000 -1.522008 0 1.000000
 1.603566  0.000000 -0.668260 0 1.000000
-1.072574  0.000000  0.683583 0 1.000000
 2.894744  0.000000 -0.457892 0 1.000000
 2.472467  0.000000  1.704183 0 1.000000
 0.185615  0.000000 -0.679128 0 1.000000
 0.485585  0.000000 -1.604555 0 1.000000
-2.319701  0.000000 -0.112857 0 1.000000
-3.590086  0.000000  1.640852 0 1.000000
-1.817808  0.000000  0.011290 0 1.000000
-1.399518  0.000000 -0.212730 0 1.000000
 0.971887  0.000000 -1.515862 0 1.000000
 1.571322  0.000000  1.737062 0 1.000000
-0.051308  0.000000  0.337617 0 1.000000
-3.027729  0.000000  0.178805 0 1.000000
 1.170771  0.000000  2.110502 0 1.000000
-2.314362  0.000000 -0.956049 0 1.000000
 1.496367  0.000000 -0.086884 0 1.000000
-0.240739  0.000000 -0.497442 0 1.000000
 2.821496  0.000000  1.780535 0 1.000000
-1.915589  0.000000  1.611857 0 1.000000
 1.885645  0.000000 -0.329951 0 1.000000
 1.076277  0.000000  1.865922 0 1.000000
 1.643698  0.000000  0.775495 0 1.000000
 0.879261  0.000000  1.102506 0 1.000000
-1.519382  0.000000  1.688902 0 1.000000
-0.614436  0.000000  1.155800 0 1.000000
 0.024631  0.000000  1.913453 0 1.000000
 0.464456  0.000000  2.067610 0 1.000000
 1.632803  0.000000 -0.719797 0 1.000000
-1.183356  0.000000 -1.679672 0 1.000000
 3.696376  0.000000 -0.832164 0 1.000000
-4.341800  0.000000  1.274921 0 1.000000
 2.567156  0.000000  1.012611 0 1.000000
 2.033361  0.000000  1.528374 0 1.000000
-2.358249  0.000000  0.210065 0 1.000000
-2.996006  0.000000  0.564928 0 1.000000
-1.846628  0.000000  1.779284 0 1.000000
-0.641447  0.000000 -1.686549 0 1.000000
 4.983785  0.000000  1.050060 0 1.000000
-1.391850  0.000000 -0.037087 0 1.000000
-0.776380  0.000000  1.444216 0 1.000000
-1.975457  0.000000  1.488496 0 1.000000
 2.379097  0.000000  0.015526 0 1.000000
-2.224188  0.000000  0.050777 0 1.000000
-1.778724  0.000000 -1.727832 0 1.000000
 1.253792  0.000000 -1.684741 0 1.000000
 4.492634  0.000000  0.645700 0 1.000000
 1.229192  0.000000  0.050565 0 1.000000
 3.757044  0.000000  0.353869 0 1.000000
-1.245347  0.000000  0.556786 0 1.000000
 1.281843  0.000000 -2.399324 0 1.000000
 0.282731  0.000000  1.864990 0 1.000000
-1.442599  0.000000  1.308721 0 1.000000
 1.198792  0.000000 -0.467121 0 1.000000
-1.945894  0.000000 -0.411122 0 1.000000
-0.053489  0.000000 -1.267240 0 1.000000
 4.916144  0.000000  0.509429 0 1.000000
 1.229331  0.000000 -0.384519 0 1.000000
 3.405671  0.000000 -0.577405 0 1.000000
 1.068319  0.000000  1.950161 0 1.000000
-2.158091  0.000000  0.261803 0 1.000000
 3.084361  0.000000  0.226365 0 1.000000
 1.024281  0.000000 -0.413291 0 1.000000
 2.035766  0.000000 -1.092893 0 1.000000
-3.952299  0.000000  1.695790 0 1.000000
-2.033909  0.000000 -0.209363 0 1.000000
-0.509329  0.000000  0.553867 0 1.000000
-1.836019  0.000000  2.064911 0 1.000000
 2.342393  0.000000 -0.248889 0 1.000000
 1.721014  0.000000  1.139180 0 1.000000
 1.731532  0.000000  1.061384 0 1.000000
 1.261888  0.000000  1.608427 0 1.000000
 1.862254  0.000000 -2.070783 0 1.000000
-2.183622  0.000000 -0.792662 0 1.000000
 0.140902  0.000000  1.012158 0 1.000000
-1.828224  0.000000 -1.547618 0 1.000000
 0.769473  0.000000  0.093628 0 1.000000
-2.592444  0.000000  1.952158 0 1.000000
 1.890074  0.000000  0.340112 0 1.000000
 3.703541  0.000000  0.508078 0 1.000000
 0.897753  0.000000 -1.221002 0 1.000000
-4.021513  0.000000  1.314090 0 1.000000
-4.398124  0.000000  1.351615 0 1.000000
 0.210915  0.000000 -1.046186 0 1.000000
 1.334454  0.000000  2.503157 0 1.000000
-1.230120  0.000000 -1.428182 0 1.000000
-4.019855  0.000000  1.646298 0 1.000000
-1.451843  0.000000 -0.962324 0 1.000000
 2.649814  0.000000  0.815502 0 1.000000
-0.351297  0.000000 -1.166642 0 1.000000
-2.649945  0.000000  0.969134 0 1.000000
-1.659856  0.000000  0.249756 0 1.000000
-2.116938  0.000000  0.797343 0 1.000000
 0.437361  0.000000 -1.937315 0 1.000000
-1.447632  0.000000 -1.554386 0 1.000000
 2.171068  0.000000 -1.044157 0 1.000000
-2.606805  0.000000  0.470866 0 1.000000
 1.089991  0.000000 -0.375245 0 1.000000
-0.978619  0.000000 -0.503747 0 1.000000
-4.121792  0.000000  1.138251 0 1.000000
 0.576399  0.000000  1.017875 0 1.000000
 2.315104  0.000000  1.742444 0 1.000000
 2.116666  0.000000  2.067023 0 1.000000
 1.418293  0.000000 -0.329953 0 1.000000
 2.001011  0.000000 -0.752102 0 1.000000
 2.558671  0.000000 -0.118360 0 1.000000
-1.789197  0.000000  0.463918 0 1.000000
-3.758367  0.000000  0.677868 0 1.000000
-4.361557  0.000000  0.811143 0 1.000000
-3.565350  0.000000  0.249886 0 1.000000
 0.894548  0.000000 -2.138129 0 1.000000
 2.173627  0.000000  2.163959 0 1.000000
-0.619572  0.000000 -0.212051 0 1.000000
 2.770591  0.000000  0.342510 0 1.000000
-3.654913  0.000000  0.089900 0 1.000000
-1.432724  0.000000 -0.706105 0 1.000000
-1.529877  0.000000  2.081138 0 1.000000
-1.197063  0.000000  0.979746 0 1.000000
 4.956581  0.000000  0.756244 0 1.000000
-1.711079  0.000000 -1.009057 0 1.000000
 1.674502  0.000000 -1.977305 0 1.000000
 0.244921  0.000000  1.779112 0 1.000000
 0.696697  0.000000 -1.805387 0 1.000000
-2.998288  0.000000  0.052481 0 1.000000
-1.403886  0.000000  1.565298 0 1.000000
 4.790218  0.000000  0.124401 0 1.000000
 1.783672  0.000000  1.056910 0 1.000000
-0.194928  0.000000  1.785123 0 1.000000
-3.424959  0.000000  0.679988 0 1.000000
 0.535199  0.000000  1.859634 0 1.000000
-1.346986  0.000000  0.720644 0 1.000000
 3.428182  0.000000  1.137790 0 1.000000
 3.383734  0.000000 -0.799011 0 1.000000
 3.410507  0.000000  0.841778 0 1.000000
-1.019161  0.000000 -0.847038 0 1.000000
-1.009110  0.000000  1.984104 0 1.000000
 1.143036  0.000000  2.405162 0 1.000000
 2.255601  0.000000 -0.370122 0 1.000000
 1.698429  0.000000  2.372849 0 1.000000
 1.796868  0.000000 -1.690599 0 1.000000
 2.863502  0.000000 -0.082881 0 1.000000
 1.921008  0.000000 -2.066974 0 1.000000
 3.042804  0.000000  2.081377 0 1.000000
 0.937082  0.000000  0.883193 0 1.000000
-1.390696  0.000000  0.722887 0 1.000000
 4.087784  0.000000 -0.584837 0 1.000000
 1.926038  0.000000 -0.032591 0 1.000000
-1.731236  0.000000 -1.041900 0 1.000000
-1.612240  0.000000  1.524757 0 1.000000
-4.103022  0.000000  0.507126 0 1.000000
 3.840918  0.000000 -0.154458 0 1.000000
-1.812183  0.000000 -0.667054 0 1.000000
-1.299582  0.000000  1.645130 0 1.000000
 1.281805  0.000000  0.560364 0 1.000000
-2.641180  0.000000 -0.079140 0 1.000000
-2.499121  0.000000 -0.073846 0 1.000000
 4.759535  0.000000  0.754876 0 1.000000
 3.827532  0.000000  0.889695 0 1.000000
 0.974618  0.000000 -1.177291 0 1.000000
 1.610888  0.000000  0.599148 0 1.000000
-0.864300  0.000000  0.897300 0 1.000000
 1.978159  0.000000 -2.389128 0 1.000000
 4.034454  0.000000 -0.417044 0 1.000000
-0.349013  0.000000  0.004176 0 1.000000
 3.385425  0.000000  0.213451 0 1.000000
 1.495274  0.000000  1.442212 0 1.000000
-2.262696  0.000000  0.810825 0 1.000000
 1.527734  0.000000 -1.055900 0 1.000000
 0.001619  0.000000 -2.009983 0 1.000000
-0.969201  0.000000 -0.410142 0 1.000000
 3.462445  0.000000 -0.757984 0 1.000000
-2.407697  0.000000  1.398623 0 1.000000
 2.339436  0.000000 -0.165001 0 1.000000
-1.883159  0.000000 -1.550560 0 1.000000
-3.508080  0.000000  0.770708 0 1.000000
 2.039192  0.000000  0.769378 0 1.000000
-0.616805  0.000000 -0.796528 0 1.000000
-1.490045  0.000000  1.305165 0 1.000000
 5.010761  0.000000  0.845940 0 1.000000
 0.892901  0.000000  2.334219 0 1.000000
 2.968746  0.000000 -0.750881 0 1.000000
-0.677875  0.000000  1.106262 0 1.000000
-0.201556  0.000000 -1.857189 0 1.000000
 2.034420  0.000000 -1.765099 0 1.000000
-1.374198  0.000000  2.026067 0 1.000000
-0.022736  0.000000  1.725727 0 1.000000
 0.773926  0.000000  0.422804 0 1.000000
-2.071214  0.000000 -0.038352 0 1.000000
 2.899273  0.000000 -0.626101 0 1.000000
-2.205856  0.000000 -1.264803 0 1.000000
-2.008635  0.000000  0.099655 0 1.000000
 0.071112  0.000000 -1.220552 0 1.000000
 1.501245  0.000000  2.447757 0 1.000000
 1.759316  0.000000 -1.251061 0 1.000000
 1.196965  0.000000  0.717489 0 1.000000
-1.653733  0.000000  0.164343 0 1.000000
 0.222114  0.000000  1.814877 0 1.000000
 2.563410  0.000000  1.068408 0 1.000000
-0.948547  0.000000 -1.225341 0 1.000000
 2.146263  0.000000 -0.678945 0 1.000000
 4.115544  0.000000  1.236944 0 1.000000
-2.832694  0.000000  0.176770 0 1.000000
 3.395547  0.000000  1.262236 0 1.000000
 2.866107  0.000000 -0.913986 0 1.000000
 1.348697  0.000000  0.591305 0 1.000000
 4.308324  0.000000  0.545579 0 1.000000
-0.214007  0.000000  0.548367 0 1.000000
-2.919015  0.000000  1.946214 0 1.000000
 1.193019  0.000000  0.633392 0 1.000000
-0.823917  0.000000  0.509304 0 1.000000
 0.096535  0.000000  1.432804 0 1.000000
 1.382066  0.000000  0.547220 0 1.000000
-1.764866  0.000000  1.273153 0 1.000000
-1.022951  0.000000 -0.583093 0 1.000000
-0.485195  0.000000  1.021241 0 1.000000
 0.768456  0.000000 -1.266788 0 1.000000
 0.547346  0.000000 -1.888468 0 1.000000
 1.627536  0.000000  0.463939 0 1.000000
 0.021518  0.000000 -0.536022 0 1.000000
 1.557518  0.000000  1.099349 0 1.000000
 3.996748  0.000000 -0.667333 0 1.000000
 1.405281  0.000000  1.866607 0 1.000000
 2.080945  0.000000 -1.520561 0 1.000000
 0.339869  0.000000 -1.755800 0 1.000000
 1.228169  0.000000  0.884294 0 1.000000
 1.382730  0.000000 -0.548507 0 1.000000
 2.368413  0.000000  1.564715 0 1.000000
 0.800540  0.000000  0.733789 0 1.000000
 3.037098  0.000000  0.392688 0 1.000000
-0.790012  0.000000 -1.523460 0 1.000000
-3.190702  0.000000  1.474297 0 1.000000
-1.715728  0.000000  0.253134 0 1.000000
-4.044721  0.000000  1.522606 0 1.000000
-4.436541  0.000000  0.765301 0 1.000000
 1.989982  0.000000  1.613463 0 1.000000
-1.190932  0.000000 -0.620175 0 1.000000
 4.466688  0.000000  0.083265 0 1.000000
 0.782386  0.000000  1.450246 0 1.000000
 0.097482  0.000000  1.281023 0 1.000000
-4.088631  0.000000  0.354114 0 1.000000
-0.775920  0.000000  1.683097 0 1.000000
-1.846482  0.000000  0.760632 0 1.000000
-1.646441  0.000000 -1.211538 0 1.000000
-1.274661  0.000000  0.423750 0 1.000000
 1.598120  0.000000 -0.004500 0 1.000000
-0.374911  0.000000  2.075976 0 1.000000
 1.143017  0.000000  1.055692 0 1.000000
-1.309968  0.000000  1.684264 0 1.000000
 3.157271  0.000000  0.504445 0 1.000000
-0.874155  0.000000 -0.247438 0 1.000000
-3.242563  0.000000  0.732544 0 1.000000
 2.190232  0.000000  2.195967 0 1.000000
-1.951696  0.000000 -0.829662 0 1.000000
 4.168995  0.000000  0.897370 0 1.000000
 2.755307  0.000000  0.547806 0 1.000000
-0.059112  0.000000  0.183171 0 1.000000
-0.025441  0.000000 -2.071467 0 1.000000
 2.553842  0.000000  1.143675 0 1.000000
 1.752910  0.000000  1.863955 0 1.000000
 1.970947  0.000000  1.659939 0 1.000000
-2.621474  0.000000  1.225583 0 1.000000
 4.477782  0.000000  0.517439 0 1.000000
-3.992970  0.000000  0.927324 0 1.000000
 2.719553  0.000000 -0.413759 0 1.000000
-0.311716  0.000000 -1.642858 0 1.000000
-1.094319  0.000000  1.229010 0 1.000000
 1.150292  0.000000  0.640245 0 1.000000
-0.011398  0.000000 -1.257641 0 1.000000
 2.049702  0.000000 -0.424281 0 1.000000
-2.010897  0.000000  1.868392 0 1.000000
 0.413606  0.000000  1.484980 0 1.000000
 1.671273  0.000000 -1.809574 0 1.000000
-1.788748  0.000000  0.983688 0 1.000000
-2.074056  0.000000 -1.039656 0 1.000000
 0.809153  0.000000  2.408125 0 1.000000
 0.512288  0.000000 -0.458077 0 1.000000
 1.620083  0.000000 -1.646312 0 1.000000
-3.844278  0.000000  1.016023 0 1.000000
 2.743467  0.000000  1.572696 0 1.000000
 1.367602  0.000000 -0.931182 0 1.000000
 2.398687  0.000000  1.138464 0 1.000000
 1.728269  0.000000 -0.286689 0 1.000000
-2.059247  0.000000 -1.250171 0 1.000000
 1.320822  0.000000  2.034483 0 1.000000
 4.458854  0.000000 -0.293040 0 1.000000
 4.609124  0.000000  1.407184 0 1.000000
-3.040410  0.000000  0.546740 0 1.000000
-1.977296  0.000000  0.208571 0 1.000000
 0.842098  0.000000  1.477553 0 1.000000
-3.584811  0.000000  0.128599 0 1.000000
 1.922693  0.000000  0.648943 0 1.000000
-2.016631  0.000000  1.999469 0 1.000000
 1.018566  0.000000  2.022739 0 1.000000
-0.195675  0.000000 -1.772808 0 1.000000
-1.383529  0.000000 -0.131424 0 1.000000
-2.698416  0.000000  0.129018 0 1.000000
 3.201815  0.000000 -0.841351 0 1.000000
 0.433307  0.000000  0.855884 0 1.000000
 0.048380  0.000000  0.683735 0 1.000000
 3.645255  0.000000  1.183496 0 1.000000
-3.991735  0.000000  1.345350 0 1.000000
 1.293509  0.000000  1.660967 0 1.000000
 1.580378  0.000000 -1.124562 0 1.000000
 4.642872  0.000000 -0.283834 0 1.000000
 3.930983  0.000000  1.187524 0 1.000000
-3.587995  0.000000  1.306540 0 1.000000
-1.435856  0.000000  0.211674 0 1.000000
-1.207661  0.000000 -1.476572 0 1.000000
-0.450252  0.000000  1.694182 0 1.000000
-3.166564  0.000000 -0.000235 0 1.000000
 0.594408  0.000000 -1.307741 0 1.000000
 2.067129  0.000000 -0.871699 0 1.000000
-1.103743  0.000000 -0.701610 0 1.000000
-1.964039  0.000000  1.524804 0 1.000000
 4.962693  0.000000  0.508527 0 1.000000
 2.197050  0.000000  1.100669 0 1.000000
-0.501371  0.000000  0.428634 0 1.000000
 4.564504  0.000000  1.265011 0 1.000000
-4.477535  0.000000  1.347345 0 1.000000
-0.427649  0.000000  1.143588 0 1.000000
 0.769604  0.000000 -2.193872 0 1.000000
 0.997096  0.000000 -0.705851 0 1.000000
-2.431778  0.000000  1.700259 0 1.000000
 3.241678  0.000000  0.555566 0 1.000000
-1.147028  0.000000 -0.027929 0 1.000000
-0.079524  0.000000 -1.227810 0 1.000000
 1.568045  0.000000  1.813520 0 1.000000
 0.976736  0.000000 -0.500089 0 1.000000
 1.117056  0.000000 -1.691754 0 1.000000
 3.448669  0.000000  1.431228 0 1.000000
-2.154135  0.000000  0.598733 0 1.000000
 1.555954  0.000000  0.773422 0 1.000000
-2.007246  0.000000  0.767631 0 1.000000
-3.762758  0.000000  0.425533 0 1.000000
-1.738433  0.000000 -1.380457 0 1.000000
 1.666305  0.000000 -2.575471 0 1.000000
-4.047573  0.000000  1.026955 0 1.000000
 0.124606  0.000000 -2.311553 0 1.000000
-2.076653  0.000000  0.388697 0 1.000000
-2.010625  0.000000 -1.252065 0 1.000000
-1.096763  0.000000  0.463562 0 1.000000
 2.594367  0.000000  1.220388 0 1.000000
-1.000175  0.000000  0.637055 0 1.000000
 1.143079  0.000000  2.491409 0 1.000000
 1.095927  0.000000 -1.806149 0 1.000000
 1.594341  0.000000 -0.837214 0 1.000000
-2.762985  0.000000  1.149591 0 1.000000
 3.164029  0.000000 -0.068015 0 1.000000
-0.993795  0.000000 -1.555728 0 1.000000
 3.347845  0.000000 -0.759567 0 1.000000
-0.749869  0.000000  1.479974 0 1.000000
 1.293155  0.000000 -0.705383 0 1.000000
-4.128699  0.000000  0.882369 0 1.000000
-0.584807  0.000000  1.785076 0 1.000000
-0.589901  0.000000  1.363299 0 1.000000
-1.565777  0.000000  1.435361 0 1.000000
-1.154722  0.000000  1.985076 0 1.000000
 1.049265  0.000000  1.149638 0 1.000000
-2.359388  0.000000 -1.301108 0 1.000000
 3.458555  0.000000 -0.587263 0 1.000000
-3.399668  0.000000  1.819601 0 1.000000
 1.219551  0.000000  1.435071 0 1.000000
-0.726149  0.000000 -0.575358 0 1.000000
-0.379517  0.000000 -1.137475 0 1.000000
-3.789536  0.000000  0.893155 0 1.000000
 1.643234  0.000000  1.436657 0 1.000000
 3.403207  0.000000 -0.493357 0 1.000000
 1.768538  0.000000  0.562487 0 1.000000
-2.506132  0.000000  0.131130 0 1.000000
 0.294162  0.000000  0.167289 0 1.000000
-1.565900  0.000000  1.179610 0 1.000000
 4.396869  0.000000  1.489599 0 1.000000
-0.158788  0.000000 -0.237552 0 1.000000
-1.451866  0.000000 -1.819084 0 1.000000
 4.668709  0.000000  1.102451 0 1.000000
 0.573969  0.000000  2.026713 0 1.000000
 1.484010  0.000000  1.313989 0 1.000000
-4.075307  0.000000  1.314746 0 1.000000
 2.600360  0.000000 -1.139765 0 1.000000
-0.804477  0.000000 -1.465277 0 1.000000
 4.642232  0.000000  0.732464 0 1.000000
 0.892843  0.000000 -0.537416 0 1.000000
 3.567993  0.000000  1.399070 0 1.000000
 1.309249  0.000000 -1.425767 0 1.000000
-2.592306  0.000000  0.344624 0 1.000000
-1.133653  0.000000  1.270449 0 1.000000
-3.342624  0.000000  1.050711 0 1.000000
-2.505630  0.000000  0.212262 0 1.000000
-0.606692  0.000000  1.061207 0 1.000000
-1.136136  0.000000  0.501712 0 1.000000
-1.036967  0.000000  0.417906 0 1.000000
 0.125763  0.000000 -2.053945 0 1.000000
 2.462477  0.000000  2.325937 0 1.000000
 2.530444  0.000000  2.285430 0 1.000000
-0.459107  0.000000 -1.045760 0 1.000000
 2.850768  0.000000  1.399203 0 1.000000
-2.902183  0.000000  0.130731 0 1.000000
-0.659889  0.000000  1.067806 0 1.000000
-1.109362  0.000000  1.141312 0 1.000000
-1.159386  0.000000  1.311659 0 1.000000
 0.302980  0.000000  0.310246 0 1.000000
 2.269596  0.000000 -1.038648 0 1.000000
-1.090586  0.000000  1.820665 0 1.000000
 3.332175  0.000000 -0.128397 0 1.000000
-0.548224  0.000000 -0.172224 0 1.000000
 2.502753  0.000000  1.911293 0 1.000000
 2.863581  0.000000 -1.007880 0 1.000000
-3.286383  0.000000  1.818638 0 1.000000
-3.117108  0.000000 -0.071500 0 1.000000
 2.644085  0.000000  0.889965 0 1.000000
 0.427619  0.000000  1.016114 0 1.000000
 0.990006  0.000000  0.142612 0 1.000000
 3.455564  0.000000  1.271790 0 1.000000
 1.782699  0.000000  1.558229 0 1.000000
 2.153213  0.000000 -0.632146 0 1.000000
-0.839336  0.000000 -0.256435 0 1.000000
-1.255829  0.000000 -0.124505 0 1.000000
-0.117605  0.000000  0.127130 0 1.000000
-0.969855  0.000000 -1.351962 0 1.000000
-0.151955  0.000000 -1.673627 0 1.000000
-0.117772  0.000000 -0.711985 0 1.000000
 2.571899  0.000000  1.773294 0 1.000000
-0.672247  0.000000  0.049435 0 1.000000
 0.330509  0.000000  0.171352 0 1.000000
 1.655773  0.000000 -2.352053 0 1.000000
 1.530041  0.000000 -2.473078 0 1.000000
 1.825618  0.000000  0.901259 0 1.000000
 0.447492  0.000000 -0.873018 0 1.000000
-2.266695  0.000000  1.227093 0 1.000000
-1.037884  0.000000 -0.245943 0 1.000000
-0.483760  0.000000  1.947812 0 1.000000
 1.495877  0.000000  2.374482 0 1.000000
 0.427005  0.000000  1.697689 0 1.000000
 0.451018  0.000000 -2.223978 0 1.000000
-0.343840  0.000000  1.346077 0 1.000000
-4.008495  0.000000  0.854890 0 1.000000
-1.321313  0.000000 -1.773888 0 1.000000
 4.769475  0.000000  0.166081 0 1.000000
-3.487824  0.000000  1.142239 0 1.000000
-0.573076  0.000000 -1.138549 0 1.000000
 0.654626  0.000000 -0.881545 0 1.000000
 2.617213  0.000000  1.528454 0 1.000000
 0.512689  0.000000  0.140191 0 1.000000
-4.316477  0.000000  0.728149 0 1.000000
 5.052312  0.000000  0.177333 0 1.000000
 3.919639  0.000000 -0.027582 0 1.000000
 4.897043  0.000000  0.393771 0 1.000000
 1.903918  0.000000 -0.996762 0 1.000000
-2.290446  0.000000 -0.075377 0 1.000000
 0.524341  0.000000  1.016648 0 1.000000
 0.232889  0.000000  1.522841 0 1.000000
-1.968584  0.000000 -1.220806 0 1.000000
-0.573502  0.000000  1.395969 0 1.000000
-2.072044  0.000000  0.883085 0 1.000000
-1.927870  0.000000 -0.286369 0 1.000000
 2.031489  0.000000  2.029265 0 1.000000
-3.204298  0.000000  1.567519 0 1.000000
-2.214332  0.000000  0.140824 0 1.000000
 2.897862  0.000000  1.738265 0 1.000000
-2.898434  0.000000  1.061077 0 1.000000
 0.913161  0.000000  0.255917 0 1.000000
 2.625790  0.000000  1.941699 0 1.000000
-1.742064  0.000000  0.130028 0 1.000000
-0.974367  0.000000 -2.028977 0 1.000000
 3.785436  0.000000  1.191555 0 1.000000
 4.090920  0.000000  1.022976 0 1.000000
 2.910068  0.000000  1.768560 0 1.000000
-2.171824  0.000000  1.407505 0 1.000000
 0.726052  0.000000 -1.264023 0 1.000000
 1.449902  0.000000 -2.436298 0 1.000000
 3.264997  0.000000  0.010842 0 1.000000
 3.799585  0.000000  1.435600 0 1.000000
-1.280232  0.000000  1.350136 0 1.000000
 2.342017  0.000000  2.034127 0 1.000000
-4.443800  0.000000  1.360845 0 1.000000
-3.315212  0.000000  1.359272 0 1.000000
 0.822686  0.000000  2.379246 0 1.000000
-0.547806  0.000000 -1.351169 0 1.000000
-3.551962  0.000000  0.931467 0 1.000000
 0.025470  0.000000  0.983916 0 1.000000
-1.903873  0.000000 -0.925973 0 1.000000
-3.123791  0.000000  1.018252 0 1.000000
 0.687237  0.000000  1.104206 0 1.000000
 2.625880  0.000000 -0.932046 0 1.000000
 2.509987  0.000000 -0.117495 0 1.000000
-2.387825  0.000000  0.927217 0 1.000000
 1.148315  0.000000 -1.225487 0 1.000000
 3.324828  0.000000 -0.458105 0 1.000000
 2.482079  0.000000  0.943759 0 1.000000
-2.202004  0.000000  0.258609 0 1.000000
 0.988644  0.000000  1.731059 0 1.000000
-0.410769  0.000000  1.313787 0 1.000000
 2.570399  0.000000 -1.015353 0 1.000000
 4.277574  0.000000 -0.411549 0 1.000000
 1.101311  0.000000  0.129551 0 1.000000
 1.593097  0.000000 -0.757308 0 1.000000
-1.385436  0.000000  1.648480 0 1.000000
-0.338866  0.000000 -0.575137 0 1.000000
-1.860856  0.000000 -0.248155 0 1.000000
 0.169940  0.000000 -1.977423 0 1.000000
-0.307213  0.000000  0.762372 0 1.000000
-1.353948  0.000000  1.656327 0 1.000000
-2.919444  0.000000  1.862740 0 1.000000
-2.009774  0.000000  0.176248 0 1.000000
-1.426519  0.000000  1.527656 0 1.000000
 0.789116  0.000000 -1.730687 0 1.000000
-0.470458  0.000000  0.220211 0 1.000000
 3.395518  0.000000  1.940290 0 1.000000
-3.030526  0.000000  0.595357 0 1.000000
-2.505073  0.000000 -0.541411 0 1.000000
 0.259258  0.000000 -1.221867 0 1.000000
-1.887678  0.000000  0.899071 0 1.000000
 3.649400  0.000000  1.108380 0 1.000000
 1.880261  0.000000  1.901685 0 1.000000
 3.228648  0.000000  0.057169 0 1.000000
 2.114039  0.000000  2.161825 0 1.000000
-4.286070  0.000000  1.028322 0 1.000000
-0.386587  0.000000 -0.239729 0 1.000000
-2.267441  0.000000 -1.308283 0 1.000000
-0.202965  0.000000  0.250404 0 1.000000
-0.393880  0.000000 -2.198021 0 1.000000
 3.176148  0.000000  2.072498 0 1.000000
-1.181264  0.000000 -1.420209 0 1.000000
-1.223593  0.000000  0.347399 0 1.000000
-0.295578  0.000000 -1.262775 0 1.000000
 1.474414  0.000000  1.984086 0 1.000000
 1.582222  0.000000 -0.029135 0 1.000000
 2.172545  0.000000  0.812729 0 1.000000
-2.910234  0.000000  1.227437 0 1.000000
 1.666223  0.000000  0.057817 0 1.000000
 3.629708  0.000000 -0.294765 0 1.000000
-1.073788  0.000000 -0.081822 0 1.000000
-1.558670  0.000000  1.351134 0 1.000000
-1.073119  0.000000 -1.347968 0 1.000000
 2.899308  0.000000  1.571882 0 1.000000
 2.264273  0.000000  2.249753 0 1.000000
 1.768953  0.000000 -1.377934 0 1.000000
 3.901183  0.000000  1.268089 0 1.000000
 0.672027  0.000000  1.184283 0 1.000000
 4.753286  0.000000  1.141438 0 1.000000
 2.769548  0.000000  0.590547 0 1.000000
 1.684931  0.000000  0.142119 0 1.000000
 4.164515  0.000000  1.654602 0 1.000000
-3.755064  0.000000  1.612866 0 1.000000
 0.598180  0.000000 -0.367485 0 1.000000
 2.068817  0.000000 -0.789047 0 1.000000
 2.157410  0.000000  1.826726 0 1.000000
 1.288833  0.000000  1.148346 0 1.000000
-1.571980  0.000000 -1.507954 0 1.000000
 4.132442  0.000000 -0.004022 0 1.000000
 3.421278  0.000000 -0.295329 0 1.000000
 1.149189  0.000000 -1.723995 0 1.000000
 0.564937  0.000000  2.071878 0 1.000000
-0.848941  0.000000  0.727368 0 1.000000
-4.482628  0.000000  0.672888 0 1.000000
 3.628396  0.000000  1.066552 0 1.000000
 0.890712  0.000000 -2.324444 0 1.000000
 0.842415  0.000000  1.149410 0 1.000000
 1.145578  0.000000  1.564547 0 1.000000
 3.885584  0.000000  0.428545 0 1.000000
-0.179598  0.000000 -0.041296 0 1.000000
-1.716020  0.000000  1.941083 0 1.000000
 2.113856  0.000000  1.055335 0 1.000000
 1.550083  0.000000 -0.338065 0 1.000000
-1.482141  0.000000 -1.133488 0 1.000000
 0.088316  0.000000 -1.010533 0 1.000000
-2.438662  0.000000 -0.330945 0 1.000000
 1.451509  0.000000  0.001557 0 1.000000
-1.325105  0.000000  1.517695 0 1.000000
-3.723105  0.000000  0.387870 0 1.000000
 5.163952  0.000000  0.501608 0 1.000000
 1.429672  0.000000  0.645066 0 1.000000
 0.257321  0.000000 -0.364598 0 1.000000
-0.891573  0.000000 -1.252598 0 1.000000
 1.238152  0.000000  1.814504 0 1.000000
 3.642535  0.000000 -0.754535 0 1.000000
 2.848265  0.000000  0.391913 0 1.000000
 1.755675  0.000000  2.201239 0 1.000000
-0.425315  0.000000  0.972183 0 1.000000
 4.251509  0.000000 -0.371919 0 1.000000
 2.654991  0.000000  1.910003 0 1.000000
 3.068604  0.000000  2.024491 0 1.000000
 2.119255  0.000000  1.571019 0 1.000000
-1.797933  0.000000  2.036549 0 1.000000
 2.436165  0.000000  1.600114 0 1.000000
 0.261301  0.000000  0.056772 0 1.000000
 0.238842  0.000000  0.009482 0 1.000000
 2.457746  0.000000 -0.126214 0 1.000000
 1.020710  0.000000 -1.607302 0 1.000000
-1.150748  0.000000  0.309805 0 1.000000
-2.193198  0.000000  1.261467 0 1.000000
 0.350268  0.000000 -0.955128 0 1.000000
 2.600026  0.000000  1.484861 0 1.000000
-1.228156  0.000000 -1.002832 0 1.000000
-1.520770  0.000000  1.450968 0 1.000000
 2.628657  0.000000  0.926905 0 1.000000
-3.225826  0.000000  1.026881 0 1.000000
 0.188854  0.000000  1.774311 0 1.000000
 0.563014  0.000000 -0.624328 0 1.000000
 3.439266  0.000000  0.211016 0 1.000000
 2.103986  0.000000 -0.549394 0 1.000000
-2.349354  0.000000  1.774040 0 1.000000
-1.178332  0.000000 -1.516889 0 1.000000
-0.549825  0.000000  0.255463 0 1.000000
 4.130834  0.000000  0.759816 0 1.000000
 1.374783  0.000000 -2.313843 0 1.000000
-1.303173  0.000000  0.970518 0 1.000000
-1.294273  0.000000 -1.228283 0 1.000000
 1.764044  0.000000  2.083530 0 1.000000
 1.837725  0.000000  1.617890 0 1.000000
 0.757040  0.000000 -0.540830 0 1.000000
 4.939665  0.000000  0.046768 0 1.000000
-2.375194  0.000000 -0.970808 0 1.000000
-0.635866  0.000000  1.614440 0 1.000000
 1.368417  0.000000 -0.678498 0 1.000000
 0.330399  0.000000  1.517006 0 1.000000
 0.611799  0.000000 -1.901041 0 1.000000
 1.938391  0.000000 -0.409025 0 1.000000
 0.398815  0.000000  1.408831 0 1.000000
-1.438498  0.000000 -0.116130 0 1.000000
-1.421832  0.000000  0.005243 0 1.000000
-1.752918  0.000000  0.437741 0 1.000000
 4.072498  0.000000 -0.703761 0 1.000000
 4.555703  0.000000  0.966207 0 1.000000
 1.585084  0.000000  2.498998 0 1.000000
 2.391967  0.000000  2.283986 0 1.000000
-3.047285  0.000000  1.893877 0 1.000000
-1.888893  0.000000 -0.549131 0 1.000000
-1.955342  0.000000 -0.744050 0 1.000000
 1.741885  0.000000 -0.498543 0 1.000000
 0.265278  0.000000 -1.631473 0 1.000000
 2.969279  0.000000  0.678254 0 1.000000
 0.722444  0.000000 -2.016303 0 1.000000
 0.807285  0.000000 -1.980643 0 1.000000
-3.202376  0.000000  1.406942 0 1.000000
 0.820537  0.000000  2.275904 0 1.000000
-1.153661  0.000000  1.402625 0 1.000000
 2.420450  0.000000 -1.010218 0 1.000000
 3.191760  0.000000 -0.115179 0 1.000000
-0.420277  0.000000  1.985381 0 1.000000
 0.364380  0.000000 -1.975692 0 1.000000
 2.499755  0.000000  2.072179 0 1.000000
-0.418960  0.000000 -0.877389 0 1.000000
 2.489816  0.000000  1.279978 0 1.000000
-1.685617  0.000000  0.301485 0 1.000000
 1.459974  0.000000  2.530994 0 1.000000
 1.507936  0.000000 -1.678800 0 1.000000
 4.479818  0.000000  1.104523 0 1.000000
 4.773042  0.000000 -0.173187 0 1.000000
 4.766657  0.000000  0.517161 0 1.000000
 1.126200  0.000000  1.181436 0 1.000000
-2.101171  0.000000  0.771618 0 1.000000
 2.679424  0.000000  0.679160 0 1.000000
 1.125802  0.000000  0.095796 0 1.000000
-3.929054  0.000000  0.471529 0 1.000000
 3.876769  0.000000  1.391041 0 1.000000
 2.708528  0.000000  0.799420 0 1.000000
 3.293527  0.000000  0.557644 0 1.000000
-1.709303  0.000000 -0.423956 0 1.000000
 3.566362  0.000000  0.635031 0 1.000000
-2.229067  0.000000  1.150083 0 1.000000
 1.500197  0.000000  0.436192 0 1.000000
-0.167316  0.000000  1.233567 0 1.000000
-0.610133  0.000000  1.727421 0 1.000000
 0.378398  0.000000  1.525612 0 1.000000
-3.200289  0.000000  0.642795 0 1.000000
-3.603035  0.000000  1.448234 0 1.000000
 3.658363  0.000000  0.588561 0 1.000000
-2.741420  0.000000  0.262801 0 1.000000
 0.575984  0.000000  1.867637 0 1.000000
 0.060566  0.000000 -1.291576 0 1.000000
 5.103190  0.000000  0.517021 0 1.000000
 3.917256  0.000000  1.155384 0 1.000000
 4.083637  0.000000  1.437228 0 1.000000
-2.277940  0.000000 -0.375563 0 1.000000
 4.959918  0.000000  0.342479 0 1.000000
 3.471400  0.000000  0.730317 0 1.000000
 2.705330  0.000000  0.048633 0 1.000000
-1.253817  0.000000  1.826954 0 1.000000
-0.948369  0.000000  0.225835 0 1.000000
-0.387427  0.000000  1.521465 0 1.000000
-1.872573  0.000000  0.305003 0 1.000000
 3.845985  0.000000  0.515000 0 1.000000
 0.216119  0.000000 -1.797996 0 1.000000
-0.384569  0.000000 -1.521784 0 1.000000
 0.408402  0.000000  2.152318 0 1.000000
-0.656307  0.000000  1.899984 0 1.000000
 1.203747  0.000000  0.680259 0 1.000000
 0.819503  0.000000 -1.930083 0 1.000000
 0.012556  0.000000 -1.139535 0 1.000000
-0.768841  0.000000 -1.478880 0 1.000000
 1.976161  0.000000 -1.302983 0 1.000000
 3.325924  0.000000 -0.802290 0 1.000000
 2.805857  0.000000  1.728134 0 1.000000
 0.390924  0.000000 -0.255900 0 1.000000
-0.950984  0.000000 -0.202962 0 1.000000
 0.367110  0.000000  1.060902 0 1.000000
-0.367037  0.000000 -1.047669 0 1.000000
-1.370484  0.000000  1.529428 0 1.000000
-1.998990  0.000000  1.012103 0 1.000000
 0.654954  0.000000 -1.464433 0 1.000000
 1.732437  0.000000 -2.487167 0 1.000000
 0.774547  0.000000  0.586046 0 1.000000
-1.215678  0.000000  1.617019 0 1.000000
 3.331899  0.000000  1.484991 0 1.000000
-3.411405  0.000000  1.857554 0 1.000000
 3.528088  0.000000  1.390161 0 1.000000
 4.011443  0.000000  0.981440 0 1.000000
-1.907189  0.000000 -0.752939 0 1.000000
-2.455659  0.000000  1.644480 0 1.000000
-2.496201  0.000000 -0.415478 0 1.000000
 4.303812  0.000000  0.892359 0 1.000000
 4.844854  0.000000  0.635202 0 1.000000
-1.945400  0.000000 -0.918306 0 1.000000
-1.571778  0.000000  2.041708 0 1.000000
 0.016933  0.000000 -1.464029 0 1.000000
-2.680396  0.000000  0.522454 0 1.000000
 3.293372  0.000000  1.052845 0 1.000000
 1.101442  0.000000  2.319778 0 1.000000
-1.049776  0.000000  0.900555 0 1.000000
-1.670521  0.000000 -0.751439 0 1.000000
 2.740364  0.000000 -0.455465 0 1.000000
 4.719197  0.000000  0.597169 0 1.000000
-2.461857  0.000000  0.379763 0 1.000000
 3.847351  0.000000 -0.323545 0 1.000000
-0.131356  0.000000 -1.211900 0 1.000000
 2.415477  0.000000 -0.299809 0 1.000000
-1.524986  0.000000  1.871787 0 1.000000
-0.293460  0.000000  1.773543 0 1.000000
 1.559701  0.000000 -1.601722 0 1.000000
 2.689567  0.000000  1.649867 0 1.000000
 1.173406  0.000000 -1.097931 0 1.000000
 2.550114  0.000000  0.563640 0 1.000000
 1.914657  0.000000  2.233505 0 1.000000
 0.258568  0.000000 -2.318675 0 1.000000
-1.412144  0.000000  1.775157 0 1.000000
 0.116292  0.000000 -1.894007 0 1.000000
 1.501675  0.000000  0.591957 0 1.000000
-0.834235  0.000000  0.082377 0 1.000000
-4.065856  0.000000  0.553640 0 1.000000
 2.215920  0.000000  2.316358 0 1.000000
 1.027557  0.000000  0.674963 0 1.000000
 4.816771  0.000000  0.171513 0 1.000000
 0.199672  0.000000 -2.027808 0 1.000000
 1.082319  0.000000 -2.390577 0 1.000000
 0.816197  0.000000  1.617629 0 1.000000
 4.553575  0.000000  0.125961 0 1.000000
-0.032391  0.000000 -0.718857 0 1.000000
-1.900496  0.000000  1.700140 0 1.000000
-1.466477  0.000000  0.942153 0 1.000000
-1.584569  0.000000  0.137977 0 1.000000
-0.393646  0.000000  1.095732 0 1.000000
-1.549667  0.000000  1.658767 0 1.000000
 1.041408  0.000000 -0.542813 0 1.000000
 4.428960  0.000000  1.194860 0 1.000000
 3.932951  0.000000  1.599727 0 1.000000
-3.351838  0.000000  1.744143 0 1.000000
-3.040640  0.000000  1.222690 0 1.000000
-2.443739  0.000000  0.936271 0 1.000000
 0.881738  0.000000  0.940406 0 1.000000
-1.855239  0.000000 -1.674821 0 1.000000
-3.644418  0.000000  0.983131 0 1.000000
 0.988753  0.000000  0.219364 0 1.000000
 1.318919  0.000000  2.377397 0 1.000000
 3.777570  0.000000  1.657446 0 1.000000
 1.672832  0.000000 -0.543910 0 1.000000
 2.490086  0.000000 -0.257363 0 1.000000
 0.913081  0.000000 -2.533689 0 1.000000
 3.498747  0.000000 -0.672952 0 1.000000
-1.839837  0.000000  0.546412 0 1.000000
-3.440055  0.000000  1.225621 0 1.000000
 3.593360  0.000000  0.432205 0 1.000000
-2.804892  0.000000  1.222532 0 1.000000
 1.900609  0.000000  0.761281 0 1.000000
 2.410206  0.000000  2.243314 0 1.000000
-0.043695  0.000000  1.861887 0 1.000000
 0.362689  0.000000  2.165926 0 1.000000
 3.421425  0.000000 -0.620003 0 1.000000
-2.461639  0.000000 -0.535429 0 1.000000
 4.154663  0.000000  1.234417 0 1.000000
 1.596568  0.000000  0.350243 0 1.000000
 1.582516  0.000000  2.331361 0 1.000000
 3.477798  0.000000  0.797074 0 1.000000
 0.366061  0.000000  0.985859 0 1.000000
 2.666260  0.000000  0.091180 0 1.000000
 3.741074  0.000000  1.023350 0 1.000000
 4.309552  0.000000  0.463510 0 1.000000
-2.302565  0.000000  1.430872 0 1.000000
 2.827430  0.000000 -0.328497 0 1.000000
 2.168294  0.000000 -0.299951 0 1.000000
 0.428173  0.000000  1.784278 0 1.000000
 1.186078  0.000000  0.807320 0 1.000000
-1.884880  0.000000 -0.200388 0 1.000000
-0.535533  0.000000 -1.677046 0 1.000000
 0.075545  0.000000  1.143769 0 1.000000
-4.271930  0.000000  1.392519 0 1.000000
 0.480218  0.000000  1.700250 0 1.000000
-0.704075  0.000000  1.224913 0 1.000000
 1.992402  0.000000  2.194431 0 1.000000
 0.029019  0.000000  1.649023 0 1.000000
-3.798262  0.000000  0.433283 0 1.000000
 1.325461  0.000000 -2.477643 0 1.000000
-2.907270  0.000000  1.746163 0 1.000000
 0.733667  0.000000 -0.923220 0 1.000000
-0.292724  0.000000 -0.930803 0 1.000000
-1.617185  0.000000  0.513647 0 1.000000
 0.921419  0.000000 -0.239775 0 1.000000
 0.672604  0.000000 -1.857210 0 1.000000
 3.629808  0.000000  0.713286 0 1.000000
 0.611044  0.000000  0.128933 0 1.000000
-1.256392  0.000000 -0.370817 0 1.000000
-2.920341  0.000000  0.683078 0 1.000000
-1.142709  0.000000 -1.123301 0 1.000000
-0.063280  0.000000 -2.181793 0 1.000000
-2.521079  0.000000  0.468058 0 1.000000
-3.132186  0.000000  0.593433 0 1.000000
-0.958928  0.000000  0.891550 0 1.000000
 2.668212  0.000000 -0.673752 0 1.000000
-3.113547  0.000000  1.693371 0 1.000000
-3.263823  0.000000  0.338204 0 1.000000
-1.827120  0.000000  1.234806 0 1.000000
-4.222454  0.000000  1.401467 0 1.000000
 0.283953  0.000000  0.099865 0 1.000000
 0.234542  0.000000 -0.086053 0 1.000000
-2.470121  0.000000 -0.205559 0 1.000000
 1.359325  0.000000 -1.000520 0 1.000000
 3.791707  0.000000 -0.420884 0 1.000000
 1.426015  0.000000 -0.626961 0 1.000000
-1.684880  0.000000 -1.647014 0 1.000000
 2.938757  0.000000 -0.792333 0 1.000000
 0.854475  0.000000  0.818147 0 1.000000
 1.254598  0.000000  0.848257 0 1.000000
-1.788177  0.000000 -1.296869 0 1.000000
 3.956909  0.000000  0.562181 0 1.000000
 1.748198  0.000000 -0.591862 0 1.000000
 1.739509  0.000000  1.093291 0 1.000000
 1.091763  0.000000  0.206190 0 1.000000
-0.361569  0.000000 -0.043089 0 1.000000
 0.994010  0.000000  1.982579 0 1.000000
 0.829752  0.000000 -0.256127 0 1.000000
-3.958680  0.000000  1.449631 0 1.000000
-1.458367  0.000000  0.261918 0 1.000000
 0.755534  0.000000 -1.296573 0 1.000000
 2.780383  0.000000 -0.239761 0 1.000000
-1.708131  0.000000 -1.178674 0 1.000000
-1.644957  0.000000  0.811151 0 1.000000
 1.647909  0.000000  1.854990 0 1.000000
 3.376967  0.000000 -0.295419 0 1.000000
-3.657891  0.000000  1.450970 0 1.000000
-2.456920  0.000000  1.393680 0 1.000000
-2.179054  0.000000  1.307426 0 1.000000
-0.311172  0.000000 -1.800952 0 1.000000
-2.266150  0.000000  0.385182 0 1.000000
-0.419875  0.000000  0.389665 0 1.000000
-2.180810  0.000000  0.797296 0 1.000000
-1.766535  0.000000 -1.433175 0 1.000000
 0.988754  0.000000  0.888779 0 1.000000
-2.143771  0.000000  1.108772 0 1.000000
-4.347787  0.000000  0.513092 0 1.000000
 2.664244  0.000000  1.938921 0 1.000000
 4.212409  0.000000 -0.461828 0 1.000000
 4.922158  0.000000  0.181517 0 1.000000
-2.020281  0.000000  0.804415 0 1.000000
 2.838936  0.000000  1.307124 0 1.000000
-1.488469  0.000000 -0.790675 0 1.000000
 2.169324  0.000000 -0.378223 0 1.000000
-0.413558  0.000000 -1.394424 0 1.000000
-1.587389  0.000000  1.401712 0 1.000000
-0.098380  0.000000  1.693955 0 1.000000
-2.359812  0.000000 -0.045620 0 1.000000
 3.023779  0.000000  1.602906 0 1.000000
 1.306703  0.000000 -1.000936 0 1.000000
-1.694818  0.000000  0.209123 0 1.000000
-1.774551  0.000000 -1.391563 0 1.000000
-3.513682  0.000000  1.868399 0 1.000000
 1.673773  0.000000  1.388774 0 1.000000
 0.734890  0.000000  2.207740 0 1.000000
 4.091505  0.000000  0.502426 0 1.000000
 0.267237  0.000000  2.161405 0 1.000000
 1.936713  0.000000 -2.181612 0 1.000000
 3.623565  0.000000  1.396998 0 1.000000
-1.086131  0.000000  1.112006 0 1.000000
 1.884511  0.000000  1.783064 0 1.000000
-1.128523  0.000000  1.611343 0 1.000000
-2.389602  0.000000  1.695386 0 1.000000
 2.702289  0.000000 -0.545288 0 1.000000
 2.221752  0.000000  1.137724 0 1.000000
-3.687168  0.000000  0.307507 0 1.000000
 1.317015  0.000000  1.772692 0 1.000000
 2.756077  0.000000  1.399847 0 1.000000
 3.347515  0.000000  0.338643 0 1.000000
-2.243292  0.000000  0.175101 0 1.000000
-1.239177  0.000000 -1.475176 0 1.000000
 0.387670  0.000000  1.872580 0 1.000000
 1.850783  0.000000 -2.268781 0 1.000000
 2.209630  0.000000  2.412631 0 1.000000
 0.110288  0.000000 -0.128791 0 1.000000
-1.228123  0.000000 -0.171677 0 1.000000
-1.980388  0.000000  1.309138 0 1.000000
-1.509304  0.000000  1.953910 0 1.000000
-2.987126  0.000000  0.855745 0 1.000000
 2.301546  0.000000  0.974125 0 1.000000
-0.248342  0.000000 -1.005136 0 1.000000
 0.618768  0.000000  1.430112 0 1.000000
 1.058917  0.000000 -0.083736 0 1.000000
-3.094497  0.000000  0.966389 0 1.000000
 3.531191  0.000000  0.054550 0 1.000000
-1.248284  0.000000  0.375714 0 1.000000
 3.314675  0.000000  1.193592 0 1.000000
-1.544863  0.000000  0.728781 0 1.000000
 3.424823  0.000000 -0.888097 0 1.000000
-2.781608  0.000000  0.417269 0 1.000000
 3.424770  0.000000  1.235750 0 1.000000
-2.006858  0.000000  1.433539 0 1.000000
 3.366543  0.000000  1.436992 0 1.000000
 4.899750  0.000000  0.806450 0 1.000000
 3.371426  0.000000  0.968990 0 1.000000
-1.693163  0.000000  1.238521 0 1.000000
 0.272745  0.000000  2.070548 0 1.000000
 3.230628  0.000000 -0.634672 0 1.000000
 2.525478  0.000000  2.110376 0 1.000000
 2.149419  0.000000  1.429872 0 1.000000
-2.767512  0.000000  0.985099 0 1.000000
 3.429134  0.000000  0.885334 0 1.000000
-3.120549  0.000000  1.275330 0 1.000000
-4.308615  0.000000  1.387859 0 1.000000
 0.892723  0.000000 -0.377717 0 1.000000
-1.720215  0.000000 -1.264602 0 1.000000
 1.804738  0.000000  1.191194 0 1.000000
-1.026028  0.000000  1.360000 0 1.000000
 0.674902  0.000000 -0.839545 0 1.000000
 0.856536  0.000000 -0.204368 0 1.000000
-1.915098  0.000000 -0.506354 0 1.000000
 0.378657  0.000000 -1.428997 0 1.000000
-1.792026  0.000000 -0.038699 0 1.000000
 1.559587  0.000000 -2.448327 0 1.000000
-2.165677  0.000000  0.293213 0 1.000000
 3.992137  0.000000 -0.418149 0 1.000000
 4.121193  0.000000 -0.037447 0 1.000000
 3.762892  0.000000  1.148844 0 1.000000
 1.171717  0.000000  0.520362 0 1.000000
-2.005857  0.000000  0.929622 0 1.000000
 2.047748  0.000000  2.375904 0 1.000000
-3.035324  0.000000  0.262890 0 1.000000
-0.074256  0.000000 -2.051728 0 1.000000
 2.959546  0.000000  1.610112 0 1.000000
 5.030955  0.000000  0.713175 0 1.000000
 0.873823  0.000000  0.845679 0 1.000000
-1.719188  0.000000  0.171482 0 1.000000
 2.911909  0.000000 -0.421719 0 1.000000
 1.604927  0.000000 -1.840434 0 1.000000
-0.532163  0.000000 -0.331202 0 1.000000
-0.526697  0.000000  1.652541 0 1.000000
-0.930712  0.000000  0.840453 0 1.000000
-0.895704  0.000000 -1.128525 0 1.000000
 0.318102  0.000000 -1.312518 0 1.000000
-3.993128  0.000000  0.427710 0 1.000000
-1.699935  0.000000  0.674594 0 1.000000
-1.995437  0.000000  2.041509 0 1.000000
 1.545559  0.000000 -1.433009 0 1.000000
 1.752668  0.000000 -2.188476 0 1.000000
 0.207069  0.000000 -0.374452 0 1.000000
-0.874243  0.000000  1.187221 0 1.000000
-0.713406  0.000000  1.142878 0 1.000000
 0.899642  0.000000  1.562045 0 1.000000
-4.311923  0.000000  0.469101 0 1.000000
-2.026556  0.000000  1.566910 0 1.000000
 2.543505  0.000000 -0.716054 0 1.000000
-3.663206  0.000000  0.183089 0 1.000000
-0.433405  0.000000 -1.438241 0 1.000000
 2.884642  0.000000  0.140340 0 1.000000
-0.464315  0.000000 -0.954260 0 1.000000
-1.062158  0.000000  1.221487 0 1.000000
-2.347291  0.000000  0.176170 0 1.000000
-0.241361  0.000000  1.192608 0 1.000000
-2.299789  0.000000  0.678728 0 1.000000
-1.108110  0.000000 -1.556103 0 1.000000
 2.278629  0.000000  1.098474 0 1.000000
 3.193188  0.000000  0.299079 0 1.000000
-0.070095  0.000000 -0.041247 0 1.000000
 0.903942  0.000000  0.633891 0 1.000000
-2.242526  0.000000  1.430179 0 1.000000
 0.205632  0.000000 -2.058319 0 1.000000
 2.477518  0.000000  0.085769 0 1.000000
-0.442972  0.000000  0.857039 0 1.000000
 2.624418  0.000000  0.252011 0 1.000000
 0.433970  0.000000  2.287337 0 1.000000
-0.081683  0.000000 -1.805564 0 1.000000
 1.271395  0.000000 -0.156625 0 1.000000
-0.813380  0.000000 -0.114863 0 1.000000
-0.704342  0.000000  1.572373 0 1.000000
 1.863636  0.000000 -1.809722 0 1.000000
 2.742584  0.000000 -0.208439 0 1.000000
-1.974139  0.000000 -1.139923 0 1.000000
-1.437952  0.000000 -1.228233 0 1.000000
 2.982029  0.000000 -0.465572 0 1.000000
-2.031910  0.000000  1.155698 0 1.000000
 0.848386  0.000000 -2.562330 0 1.000000
 1.558702  0.000000  1.943643 0 1.000000
 0.344421  0.000000 -1.676007 0 1.000000
-0.368010  0.000000  1.070858 0 1.000000
-2.165872  0.000000  0.714221 0 1.000000
 2.036887  0.000000  1.953199 0 1.000000
-0.093336  0.000000 -1.175701 0 1.000000
 2.862219  0.000000  1.605525 0 1.000000
 0.088054  0.000000 -2.282469 0 1.000000
 2.434991  0.000000  1.020890 0 1.000000
-3.906877  0.000000  0.183140 0 1.000000
-1.262300  0.000000 -0.749660 0 1.000000
-2.871999  0.000000 -0.159910 0 1.000000
 0.646316  0.000000  0.057436 0 1.000000
 0.799079  0.000000 -0.029373 0 1.000000
 0.523036  0.000000  0.515790 0 1.000000
-0.300533  0.000000  2.192633 0 1.000000
-0.498152  0.000000  1.366470 0 1.000000
 0.922181  0.000000 -1.941234 0 1.000000
 2.275736  0.000000  0.164807 0 1.000000
 3.127797  0.000000 -0.292115 0 1.000000
 3.667754  0.000000 -0.706934 0 1.000000
-1.643716  0.000000  1.305511 0 1.000000
-0.102416  0.000000 -0.579293 0 1.000000
-3.701894  0.000000  0.333824 0 1.000000
-1.318430  0.000000  1.950691 0 1.000000
 0.209384  0.000000 -2.388617 0 1.000000
-0.639401  0.000000  0.933952 0 1.000000
 3.502820  0.000000  1.947952 0 1.000000
 4.869200  0.000000  0.002458 0 1.000000
 0.047263  0.000000 -0.659490 0 1.000000
 1.498669  0.000000 -1.346387 0 1.000000
 1.096441  0.000000  1.654338 0 1.000000
 4.814875  0.000000  0.593109 0 1.000000
 0.123039  0.000000 -1.298521 0 1.000000
 2.113174  0.000000  2.250999 0 1.000000
-0.006199  0.000000  0.341775 0 1.000000
 2.215132  0.000000 -0.634110 0 1.000000
-1.532772  0.000000  1.472745 0 1.000000
 1.230417  0.000000  1.056921 0 1.000000
 1.099711  0.000000 -2.057433 0 1.000000
 2.503136  0.000000 -0.208609 0 1.000000
 1.691126  0.000000  0.942685 0 1.000000
-1.901191  0.000000 -0.086786 0 1.000000
-2.858682  0.000000 -0.279884 0 1.000000
 0.182757  0.000000  2.283833 0 1.000000
-0.510443  0.000000  1.559984 0 1.000000
-1.938760  0.000000 -0.454858 0 1.000000
 1.238518  0.000000  1.556443 0 1.000000
-3.483673  0.000000  1.237825 0 1.000000
 1.190634  0.000000  2.316451 0 1.000000
 2.714133  0.000000 -0.082876 0 1.000000
 3.829882  0.000000  0.468406 0 1.000000
 3.161779  0.000000  1.856845 0 1.000000
-3.576132  0.000000  0.560895 0 1.000000
-1.944409  0.000000 -1.523055 0 1.000000
 0.918410  0.000000  0.165443 0 1.000000
 0.111626  0.000000  0.126580 0 1.000000
 0.855358  0.000000  1.562733 0 1.000000
 2.573523  0.000000  0.013939 0 1.000000
 1.985354  0.000000 -2.347271 0 1.000000
 2.984933  0.000000  0.471339 0 1.000000
 2.838887  0.000000 -0.546124 0 1.000000
 4.404857  0.000000  0.376391 0 1.000000
-1.706827  0.000000  0.080372 0 1.000000
 0.676679  0.000000  0.847462 0 1.000000
-0.706460  0.000000  0.815597 0 1.000000
-2.235539  0.000000  1.528856 0 1.000000
 3.307146  0.000000 -0.575145 0 1.000000
 1.543974  0.000000  0.933777 0 1.000000
 0.742221  0.000000  2.403895 0 1.000000
-2.992137  0.000000  0.390941 0 1.000000
 2.188758  0.000000 -1.341985 0 1.000000
-3.221162  0.000000  1.855129 0 1.000000
-0.806015  0.000000 -1.729879 0 1.000000
 0.297605  0.000000  2.292596 0 1.000000
-3.953872  0.000000  1.261535 0 1.000000
 0.482590  0.000000 -2.356779 0 1.000000
-2.924895  0.000000  0.520359 0 1.000000
 2.826827  0.000000 -0.160252 0 1.000000
 1.945233  0.000000 -2.262351 0 1.000000
-1.095794  0.000000  1.481257 0 1.000000
-1.003606  0.000000 -0.045625 0 1.000000
 0.809356  0.000000 -1.630866 0 1.000000
 1.912811  0.000000 -1.208448 0 1.000000
 3.134053  0.000000  1.056774 0 1.000000
-0.486305  0.000000 -1.858218 0 1.000000
 0.878676  0.000000  1.360796 0 1.000000
 2.147369  0.000000 -0.153595 0 1.000000
-3.455858  0.000000  0.433265 0 1.000000
 4.790250  0.000000 -0.027558 0 1.000000
 4.241532  0.000000 -0.578168 0 1.000000
 3.079550  0.000000  1.648625 0 1.000000
-0.739976  0.000000  1.613056 0 1.000000
-0.525818  0.000000 -0.622653 0 1.000000
 2.428710  0.000000 -1.164982 0 1.000000
 4.778211  0.000000  1.278460 0 1.000000
-2.138302  0.000000 -1.349761 0 1.000000
-1.765054  0.000000 -0.760807 0 1.000000
-0.985520  0.000000  2.023674 0 1.000000
 1.439369  0.000000 -1.799209 0 1.000000
 1.915776  0.000000  0.047527 0 1.000000
-3.051846  0.000000  0.474570 0 1.000000
 2.383666  0.000000  0.172179 0 1.000000
-1.368564  0.000000  1.272328 0 1.000000
-2.978208  0.000000  1.518764 0 1.000000
-1.749098  0.000000 -0.071904 0 1.000000
 3.764924  0.000000  1.224635 0 1.000000
 1.556950  0.000000 -2.349811 0 1.000000
-2.464799  0.000000 -1.050964 0 1.000000
 1.035055  0.000000  1.319966 0 1.000000
 1.074221  0.000000  2.443266 0 1.000000
 0.180023  0.000000  0.768056 0 1.000000
 0.092024  0.000000 -0.322511 0 1.000000
 4.398640  0.000000  0.136837 0 1.000000
-0.819399  0.000000  0.395549 0 1.000000
-0.278715  0.000000  0.136395 0 1.000000
-3.637613  0.000000  1.735259 0 1.000000
 4.128114  0.000000  0.351708 0 1.000000
 2.283541  0.000000 -0.494166 0 1.000000
-0.857938  0.000000  1.745201 0 1.000000
 3.287702  0.000000 -0.718546 0 1.000000
 3.532917  0.000000  1.142875 0 1.000000
-2.368286  0.000000  1.476680 0 1.000000
 1.584256  0.000000 -0.544310 0 1.000000
 1.526195  0.000000 -1.977181 0 1.000000
-0.873322  0.000000  1.949397 0 1.000000
-0.783700  0.000000  0.678401 0 1.000000
 2.399974  0.000000 -0.890609 0 1.000000
 2.921204  0.000000 -1.008050 0 1.000000
 1.320328  0.000000  1.362953 0 1.000000
 0.847925  0.000000 -0.708295 0 1.000000
 3.278095  0.000000  1.985058 0 1.000000
 1.870336  0.000000  1.725090 0 1.000000
 3.266902  0.000000 -0.929166 0 1.000000
 3.493281  0.000000  1.345968 0 1.000000
 2.044955  0.000000  0.182623 0 1.000000
 4.991485  0.000000  0.553713 0 1.000000
-3.558857  0.000000  1.787941 0 1.000000
-2.783114  0.000000 -0.321863 0 1.000000
 3.444421  0.000000 -0.331885 0 1.000000
-2.242197  0.000000  1.009672 0 1.000000
-0.196416  0.000000  0.839159 0 1.000000
 1.178171  0.000000  1.218790 0 1.000000
-3.158104  0.000000  1.070269 0 1.000000
-0.974701  0.000000 -0.663669 0 1.000000
 0.719000  0.000000  0.509123 0 1.000000
 1.144452  0.000000 -0.969192 0 1.000000
-0.885885  0.000000 -0.089023 0 1.000000
 2.396458  0.000000 -1.039621 0 1.000000
-1.715784  0.000000  1.516405 0 1.000000
 1.333284  0.000000 -0.214574 0 1.000000
 1.595563  0.000000  2.202918 0 1.000000
-4.098234  0.000000  1.265657 0 1.000000
 3.523782  0.000000  0.290999 0 1.000000
 1.587859  0.000000 -0.126747 0 1.000000
-0.194756  0.000000  0.763415 0 1.000000
-3.364430  0.000000  1.695739 0 1.000000
-3.206161  0.000000 -0.028875 0 1.000000
 3.935600  0.000000 -0.246182 0 1.000000
 0.017349  0.000000 -1.043340 0 1.000000
 0.683560  0.000000 -1.180756 0 1.000000
-1.254962  0.000000  0.462455 0 1.000000
-0.342973  0.000000  1.785651 0 1.000000
-2.966929  0.000000  0.181780 0 1.000000
 3.973498  0.000000  0.970958 0 1.000000
-0.123143  0.000000 -0.462499 0 1.000000
-2.415048  0.000000  1.990179 0 1.000000
 4.040101  0.000000  0.081670 0 1.000000
 0.118624  0.000000 -1.810987 0 1.000000
 1.157148  0.000000 -0.662187 0 1.000000
-1.694904  0.000000 -0.622966 0 1.000000
 0.827286  0.000000 -1.756527 0 1.000000
-3.486188  0.000000  1.562576 0 1.000000
-1.860193  0.000000  0.172862 0 1.000000
 3.123004  0.000000  1.196793 0 1.000000
-3.408806  0.000000  1.441309 0 1.000000
-0.587477  0.000000 -1.338787 0 1.000000
 3.527131  0.000000  0.141061 0 1.000000
 3.549493  0.000000 -0.592296 0 1.000000
-1.765763  0.000000 -1.006281 0 1.000000
-2.499725  0.000000  1.938301 0 1.000000
 1.066259  0.000000 -0.154639 0 1.000000
-0.508678  0.000000  1.903682 0 1.000000
-0.337957  0.000000  0.418711 0 1.000000
 3.944234  0.000000 -0.327801 0 1.000000
 3.189909  0.000000 -0.552727 0 1.000000
 1.094633  0.000000 -1.212003 0 1.000000
 0.545998  0.000000  1.817416 0 1.000000
-0.729152  0.000000  1.267778 0 1.000000
 2.009042  0.000000 -1.143224 0 1.000000
 0.112011  0.000000 -1.126047 0 1.000000
-1.244010  0.000000  1.641323 0 1.000000
 3.094440  0.000000  1.816453 0 1.000000
 2.019941  0.000000  1.824057 0 1.000000
-3.188879  0.000000  0.141686 0 1.000000
 0.144014  0.000000  1.937834 0 1.000000
 0.694521  0.000000  1.897357 0 1.000000
-1.907273  0.000000  1.022523 0 1.000000
 0.210147  0.000000  1.051695 0 1.000000
 3.064288  0.000000  1.949806 0 1.000000
 3.133581  0.000000  0.387065 0 1.000000
 1.599445  0.000000 -2.022158 0 1.000000
 0.756333  0.000000  0.044405 0 1.000000
 1.086894  0.000000  1.814310 0 1.000000
 1.186139  0.000000 -0.038871 0 1.000000
 0.015691  0.000000 -1.640433 0 1.000000
-2.740993  0.000000 -0.085478 0 1.000000
 4.950229  0.000000  0.806288 0 1.000000
 0.772618  0.000000  0.765701 0 1.000000
 2.675148  0.000000 -0.334111 0 1.000000
 1.439639  0.000000  1.565964 0 1.000000
 2.113833  0.000000 -1.983462 0 1.000000
-0.271724  0.000000  1.222113 0 1.000000
 0.292169  0.000000 -1.764649 0 1.000000
-0.328442  0.000000  0.628099 0 1.000000
 1.734659  0.000000 -0.800548 0 1.000000
 4.777033  0.000000  0.678248 0 1.000000
 2.630313  0.000000  1.177950 0 1.000000
-1.833790  0.000000  0.131613 0 1.000000
-2.349689  0.000000  2.027010 0 1.000000
-0.318802  0.000000 -0.633373 0 1.000000
 1.057804  0.000000  1.448930 0 1.000000
 2.469776  0.000000 -1.013130 0 1.000000
-1.145576  0.000000  1.222682 0 1.000000
 1.544714  0.000000 -1.757507 0 1.000000
 0.768980  0.000000 -1.766516 0 1.000000
 3.331772  0.000000  0.977458 0 1.000000
 0.912266  0.000000  1.193811 0 1.000000
 1.427762  0.000000 -2.148280 0 1.000000
 0.874138  0.000000 -0.672962 0 1.000000
-1.339394  0.000000  1.404460 0 1.000000
-2.562692  0.000000  0.302883 0 1.000000
 0.843993  0.000000  0.983127 0 1.000000
-2.512403  0.000000  1.406378 0 1.000000
 2.034331  0.000000 -0.574483 0 1.000000
-3.707580  0.000000  0.679212 0 1.000000
 0.720422  0.000000  0.594669 0 1.000000
-2.401979  0.000000 -0.159632 0 1.000000
 0.729406  0.000000 -0.087402 0 1.000000
 3.088494  0.000000  1.725731 0 1.000000
-0.860068  0.000000  1.493075 0 1.000000
-2.276585  0.000000 -0.875820 0 1.000000
-1.056582  0.000000  0.292863 0 1.000000
-2.280144  0.000000  0.134464 0 1.000000
 4.236687  0.000000  0.592872 0 1.000000
 3.347751  0.000000  0.674531 0 1.000000
 4.323569  0.000000  1.529167 0 1.000000
 4.870308  0.000000  0.758999 0 1.000000
-3.131378  0.000000  1.947248 0 1.000000
-0.873998  0.000000  2.106647 0 1.000000
 0.537404  0.000000  0.938816 0 1.000000
-2.122414  0.000000  1.811083 0 1.000000
-0.925995  0.000000 -0.844805 0 1.000000
 2.460059  0.000000  2.076449 0 1.000000
-0.438157  0.000000  1.274907 0 1.000000
 2.336579  0.000000 -0.672311 0 1.000000
-2.952562  0.000000  0.726029 0 1.000000
-2.426793  0.000000 -0.115822 0 1.000000
 1.505194  0.000000 -1.010262 0 1.000000
 2.313327  0.000000  0.811181 0 1.000000
-1.699551  0.000000  1.599218 0 1.000000
-0.879534  0.000000 -0.914246 0 1.000000
 4.658454  0.000000  1.393357 0 1.000000
 1.549012  0.000000  1.865033 0 1.000000
-3.172136  0.000000  0.679378 0 1.000000
 4.166939  0.000000  1.396546 0 1.000000
 3.401151  0.000000  0.092152 0 1.000000
 1.473105  0.000000 -2.154964 0 1.000000
-1.473793  0.000000 -1.165012 0 1.000000
 2.654178  0.000000  1.815509 0 1.000000
-3.778448  0.000000  0.383248 0 1.000000
-1.629801  0.000000 -1.726461 0 1.000000
-0.143527  0.000000 -1.768549 0 1.000000
 0.272042  0.000000 -1.055055 0 1.000000
-1.611260  0.000000  0.253194 0 1.000000
-2.863149  0.000000  0.550561 0 1.000000
-0.953313  0.000000  0.308255 0 1.000000
-1.827889  0.000000 -0.705044 0 1.000000
 1.283147  0.000000 -1.556251 0 1.000000
-0.398864  0.000000 -0.503213 0 1.000000
 2.632489  0.000000 -0.667714 0 1.000000
 0.309366  0.000000  0.138413 0 1.000000
 4.526535  0.000000  0.514742 0 1.000000
-0.349865  0.000000  0.938792 0 1.000000
-3.537499  0.000000  0.888810 0 1.000000
-1.664069  0.000000  1.180769 0 1.000000
-0.848940  0.000000 -0.721753 0 1.000000
-1.188775  0.000000  1.998178 0 1.000000
-2.237059  0.000000  0.598294 0 1.000000
-0.629335  0.000000 -0.754055 0 1.000000
-3.826182  0.000000  1.473604 0 1.000000
 3.714930  0.000000  1.725484 0 1.000000
-3.791180  0.000000  0.470873 0 1.000000
 4.534530  0.000000 -0.425081 0 1.000000
-2.886963  0.000000  0.164625 0 1.000000
-3.360578  0.000000  1.433743 0 1.000000
-1.184074  0.000000 -0.337406 0 1.000000
 2.402233  0.000000  0.727186 0 1.000000
 2.893526  0.000000  1.150692 0 1.000000
 1.510334  0.000000 -0.159645 0 1.000000
 4.007743  0.000000  0.632030 0 1.000000
 1.341138  0.000000 -1.719924 0 1.000000
 0.384430  0.000000 -0.422293 0 1.000000
-0.629866  0.000000  1.530491 0 1.000000
 1.947473  0.000000 -1.086231 0 1.000000
-3.931250  0.000000  0.559873 0 1.000000
-4.307206  0.000000  0.882265 0 1.000000
-0.170673  0.000000 -2.135661 0 1.000000
 2.498697  0.000000 -0.965409 0 1.000000
 0.412881  0.000000  1.733375 0 1.000000
 0.144408  0.000000 -1.672662 0 1.000000
 1.012553  0.000000  1.936628 0 1.000000
 0.339669  0.000000 -2.280117 0 1.000000
-2.299997  0.000000  0.333114 0 1.000000
 1.133505  0.000000 -2.324956 0 1.000000
-1.372487  0.000000  1.787179 0 1.000000
 1.626915  0.000000  0.226432 0 1.000000
-1.413201  0.000000  0.166988 0 1.000000
 5.130653  0.000000  0.724907 0 1.000000
-1.671399  0.000000  1.950459 0 1.000000
 1.699689  0.000000  1.525238 0 1.000000
 3.160923  0.000000  1.009227 0 1.000000
 2.499075  0.000000  1.649925 0 1.000000
 2.042161  0.000000 -1.509694 0 1.000000
-1.029676  0.000000  0.100964 0 1.000000
 0.832188  0.000000  0.596679 0 1.000000
 0.989614  0.000000 -2.228597 0 1.000000
 0.659018  0.000000  1.567863 0 1.000000
-1.466918  0.000000  1.534488 0 1.000000
 3.951006  0.000000 -0.086809 0 1.000000
 1.580579  0.000000  1.312889 0 1.000000
-0.374502  0.000000  0.891124 0 1.000000
 1.947357  0.000000  1.439612 0 1.000000
 4.503243  0.000000  0.553559 0 1.000000
-0.533338  0.000000  1.954054 0 1.000000
 1.628921  0.000000 -1.050195 0 1.000000
-4.000002  0.000000  1.179759 0 1.000000
 4.390006  0.000000 -0.335732 0 1.000000
-2.443450  0.000000  0.015362 0 1.000000
-0.832094  0.000000  0.769962 0 1.000000
 2.244802  0.000000 -0.846836 0 1.000000
-2.643996  0.000000  0.004714 0 1.000000
-1.910367  0.000000 -0.172172 0 1.000000
 4.515971  0.000000 -0.239734 0 1.000000
 3.047690  0.000000  0.057302 0 1.000000
 2.722587  0.000000  0.771318 0 1.000000
-0.427143  0.000000 -0.208217 0 1.000000
 4.729533  0.000000  0.768349 0 1.000000
 4.999444  0.000000  0.395761 0 1.000000
-3.350525  0.000000 -0.029096 0 1.000000
 3.380361  0.000000  1.728734 0 1.000000
 3.325794  0.000000  1.061643 0 1.000000
 1.125493  0.000000 -2.277487 0 1.000000
-1.425501  0.000000 -1.171035 0 1.000000
 1.144324  0.000000 -0.718783 0 1.000000
 2.448060  0.000000  1.399929 0 1.000000
 2.301403  0.000000  0.713285 0 1.000000
-2.128432  0.000000  1.740182 0 1.000000
-1.716286  0.000000 -0.594262 0 1.000000
-0.100750  0.000000 -0.848666 0 1.000000
-1.448325  0.000000  0.804790 0 1.000000
 1.413328  0.000000  1.008065 0 1.000000
-0.200219  0.000000  1.267210 0 1.000000
 1.628443  0.000000  0.142398 0 1.000000
 2.478056  0.000000  0.173465 0 1.000000
-3.568050  0.000000  0.596357 0 1.000000
-3.546766  0.000000  1.655401 0 1.000000
 0.577300  0.000000  0.099659 0 1.000000
 3.915199  0.000000 -0.634857 0 1.000000
 1.626351  0.000000 -0.550345 0 1.000000
 1.131773  0.000000  0.303855 0 1.000000
 0.210848  0.000000 -0.213694 0 1.000000
-2.640018  0.000000  1.009434 0 1.000000
-3.388631  0.000000  0.628412 0 1.000000
 3.068147  0.000000  1.533718 0 1.000000
 4.536503  0.000000  1.354433 0 1.000000
-2.884457  0.000000  1.177410 0 1.000000
-1.879200  0.000000 -1.039492 0 1.000000
-0.949952  0.000000  1.062623 0 1.000000
 2.037072  0.000000 -1.436333 0 1.000000
 2.335355  0.000000  1.013789 0 1.000000
 1.890955  0.000000  1.861951 0 1.000000
 1.291479  0.000000  1.059959 0 1.000000
-0.590096  0.000000  1.436296 0 1.000000
-0.788820  0.000000 -0.574367 0 1.000000
-0.172736  0.000000  1.387942 0 1.000000
 4.386590  0.000000  0.775368 0 1.000000
 0.282805  0.000000 -0.932512 0 1.000000
 1.254329  0.000000 -1.176136 0 1.000000
 2.744649  0.000000  0.896832 0 1.000000
 1.984336  0.000000 -0.073055 0 1.000000
-2.347938  0.000000  1.023793 0 1.000000
 4.678434  0.000000 -0.073656 0 1.000000
-1.733239  0.000000 -1.309519 0 1.000000
 1.970652  0.000000 -0.380968 0 1.000000
-0.985158  0.000000  1.604125 0 1.000000
-1.001332  0.000000 -0.293195 0 1.000000
-0.619801  0.000000 -0.871867 0 1.000000
 0.176157  0.000000  0.304478 0 1.000000
-1.804587  0.000000  0.768868 0 1.000000
-0.826149  0.000000 -0.494275 0 1.000000
 0.210218  0.000000  0.563849 0 1.000000
-0.123950  0.000000  1.661818 0 1.000000
-2.165016  0.000000 -0.215630 0 1.000000
 2.616891  0.000000  0.504533 0 1.000000
 2.354193  0.000000 -0.802500 0 1.000000
 1.026215  0.000000 -1.678663 0 1.000000
-0.581819  0.000000 -1.773153 0 1.000000
 1.147832  0.000000  1.407462 0 1.000000
 1.502255  0.000000  1.528391 0 1.000000
-3.731411  0.000000  1.491249 0 1.000000
-0.605447  0.000000  1.905375 0 1.000000
-1.555308  0.000000  0.428822 0 1.000000
 3.619232  0.000000 -0.710799 0 1.000000
 3.711687  0.000000  1.321185 0 1.000000
-1.108383  0.000000  1.062361 0 1.000000
-0.818547  0.000000  1.657744 0 1.000000
 1.404443  0.000000 -1.347215 0 1.000000
-0.332031  0.000000 -1.042146 0 1.000000
 1.406832  0.000000 -1.008025 0 1.000000
 5.077110  0.000000  0.385266 0 1.000000
-3.219138  0.000000  0.164120 0 1.000000
 0.368284  0.000000 -0.370630 0 1.000000
 0.833185  0.000000  0.258081 0 1.000000
 2.526334  0.000000 -0.406460 0 1.000000
 2.440861  0.000000 -0.828933 0 1.000000
-2.057264  0.000000 -1.431491 0 1.000000
-2.515338  0.000000  1.560151 0 1.000000
 3.496129  0.000000 -0.746576 0 1.000000
-4.115842  0.000000  0.640938 0 1.000000
 1.709247  0.000000 -2.280893 0 1.000000
-0.666674  0.000000 -1.810841 0 1.000000
 0.514280  0.000000  1.396028 0 1.000000
 3.352656  0.000000  1.266956 0 1.000000
-0.289515  0.000000  2.027441 0 1.000000
 1.574101  0.000000 -0.721969 0 1.000000
-0.126468  0.000000  0.208487 0 1.000000
 3.464805  0.000000  0.348170 0 1.000000
 0.778644  0.000000 -0.004780 0 1.000000
 0.671467  0.000000 -0.077126 0 1.000000
-3.629715  0.000000  1.308466 0 1.000000
 3.580041  0.000000  0.126357 0 1.000000
-1.415902  0.000000 -0.083967 0 1.000000
-0.568303  0.000000  1.489178 0 1.000000
 1.222907  0.000000 -0.423226 0 1.000000
 2.086438  0.000000 -1.431854 0 1.000000
 1.850903  0.000000  1.009802 0 1.000000
-0.947719  0.000000  1.647939 0 1.000000
-4.393390  0.000000  1.444070 0 1.000000
 2.860375  0.000000  2.031313 0 1.000000
-1.946645  0.000000 -0.658806 0 1.000000
-1.388507  0.000000  1.480456 0 1.000000
-0.222070  0.000000  1.735359 0 1.000000
 3.717511  0.000000 -0.297507 0 1.000000
 0.692906  0.000000 -2.321101 0 1.000000
-3.806161  0.000000  1.193901 0 1.000000
 1.557896  0.000000  0.604460 0 1.000000
-2.547661  0.000000  1.108258 0 1.000000
 1.142969  0.000000  0.886136 0 1.000000
-0.009238  0.000000 -0.252422 0 1.000000
 1.207071  0.000000 -0.574223 0 1.000000
 0.504474  0.000000 -0.712805 0 1.000000
-0.131165  0.000000 -0.026214 0 1.000000
-0.997859  0.000000 -1.050483 0 1.000000
 2.538559  0.000000  1.281515 0 1.000000
 1.800989  0.000000  1.532746 0 1.000000
 1.734429  0.000000  0.630656 0 1.000000
 4.409126  0.000000  1.150090 0 1.000000
 0.462623  0.000000  0.974543 0 1.000000
 0.307534  0.000000 -0.804660 0 1.000000
-2.277611  0.000000  0.726660 0 1.000000
 3.036212  0.000000  0.475224 0 1.000000
-3.617367  0.000000  0.099736 0 1.000000
 3.409694  0.000000  0.689364 0 1.000000
 0.106565  0.000000  1.402822 0 1.000000
-0.026296  0.000000 -0.211289 0 1.000000
-2.489288  0.000000  1.617634 0 1.000000
 0.917063  0.000000 -0.758733 0 1.000000
 1.295990  0.000000 -0.791945 0 1.000000
 2.019983  0.000000 -0.803030 0 1.000000
 0.479795  0.000000  1.939565 0 1.000000
 3.746584  0.000000 -0.844198 0 1.000000
 1.302662  0.000000  0.685038 0 1.000000
 0.511438  0.000000 -0.203406 0 1.000000
-2.328278  0.000000  0.214020 0 1.000000
 0.944720  0.000000 -2.563136 0 1.000000
-2.212771  0.000000 -0.384257 0 1.000000
-4.253975  0.000000  1.179503 0 1.000000
 1.984717  0.000000  0.182183 0 1.000000
 3.039280  0.000000 -0.115729 0 1.000000
-2.169636  0.000000 -1.389279 0 1.000000
-1.988819  0.000000 -0.215142 0 1.000000
-0.584028  0.000000  0.507456 0 1.000000
-3.057498  0.000000 -0.202798 0 1.000000
 2.066650  0.000000 -0.122243 0 1.000000
 4.303100  0.000000 -0.204382 0 1.000000
-1.401082  0.000000  1.908676 0 1.000000
 2.990443  0.000000  1.913979 0 1.000000
-1.671304  0.000000  0.762371 0 1.000000
-1.962289  0.000000  0.520244 0 1.000000
-3.766089  0.000000  0.249331 0 1.000000
 1.010927  0.000000  1.863986 0 1.000000
-1.145803  0.000000  1.144994 0 1.000000
-4.053488  0.000000  0.672013 0 1.000000
 0.735649  0.000000 -0.417877 0 1.000000
-0.800014  0.000000 -0.545557 0 1.000000
-2.481116  0.000000 -0.929893 0 1.000000
-0.781509  0.000000  1.017000 0 1.000000
-1.435927  0.000000  1.993366 0 1.000000
 3.754069  0.000000 -0.586093 0 1.000000
-1.173935  0.000000  0.432900 0 1.000000
-1.943397  0.000000  1.442036 0 1.000000
-2.411054  0.000000  1.577490 0 1.000000
 4.889500  0.000000 -0.031886 0 1.000000
-3.171087  0.000000  0.100254 0 1.000000
-2.117529  0.000000 -0.025797 0 1.000000
 3.776604  0.000000  0.388249 0 1.000000
 1.120484  0.000000 -0.675279 0 1.000000
 0.102613  0.000000  0.768719 0 1.000000
 5.057443  0.000000  0.504669 0 1.000000
-0.713790  0.000000  2.149222 0 1.000000
-0.255077  0.000000  0.181650 0 1.000000
 0.412724  0.000000 -0.533316 0 1.000000
-1.099010  0.000000 -0.120806 0 1.000000
 0.219738  0.000000  0.898736 0 1.000000
-1.347424  0.000000  0.134374 0 1.000000
-3.198236  0.000000  0.883476 0 1.000000
 1.573464  0.000000  0.648523 0 1.000000
 0.971119  0.000000 -0.321383 0 1.000000
-2.748523  0.000000 -0.118476 0 1.000000
-2.486017  0.000000  0.014226 0 1.000000
-1.263239  0.000000  1.108773 0 1.000000
 4.874621  0.000000  0.254865 0 1.000000
 0.897141  0.000000  0.047140 0 1.000000
-0.269492  0.000000 -1.977449 0 1.000000
 1.707378  0.000000  1.356467 0 1.000000
-2.364966  0.000000 -0.197628 0 1.000000
 4.445718  0.000000 -0.376075 0 1.000000
-0.053671  0.000000  0.011196 0 1.000000
-2.862007  0.000000  0.307146 0 1.000000
-2.701151  0.000000 -0.371800 0 1.000000
 4.841248  0.000000  0.213941 0 1.000000
 1.009414  0.000000 -2.265844 0 1.000000
 0.996786  0.000000  0.967360 0 1.000000
-2.008659  0.000000 -1.508108 0 1.000000
 0.840317  0.000000  1.643810 0 1.000000
 3.359010  0.000000 -0.497137 0 1.000000
-0.398205  0.000000  0.934334 0 1.000000
 1.163340  0.000000  0.590247 0 1.000000
-1.766925  0.000000  1.952465 0 1.000000
 4.681384  0.000000 -0.254488 0 1.000000
-1.412286  0.000000 -1.514924 0 1.000000
-2.973408  0.000000  1.683751 0 1.000000
 1.693996  0.000000 -0.506155 0 1.000000
 1.652368  0.000000 -2.026667 0 1.000000
-1.346325  0.000000 -0.629901 0 1.000000
 4.324518  0.000000  1.026064 0 1.000000
-2.557318  0.000000 -0.716110 0 1.000000
 2.598302  0.000000 -0.026170 0 1.000000
 1.607473  0.000000  2.281665 0 1.000000
 2.240696  0.000000  1.773016 0 1.000000
 1.645538  0.000000  2.287130 0 1.000000
 3.862964  0.000000  0.986234 0 1.000000
 1.330052  0.000000  1.726256 0 1.000000
 1.351133  0.000000 -1.089978 0 1.000000
 1.872767  0.000000  1.393596 0 1.000000
-0.317205  0.000000  1.322101 0 1.000000
-2.162514  0.000000 -1.047247 0 1.000000
-3.051657  0.000000  1.061768 0 1.000000
-1.700503  0.000000 -1.764623 0 1.000000
 3.007088  0.000000  0.176648 0 1.000000
 2.902160  0.000000  0.721799 0 1.000000
 0.038478  0.000000  0.435285 0 1.000000
-1.856526  0.000000  0.923972 0 1.000000
-1.847545  0.000000  0.261370 0 1.000000
-2.979646  0.000000  1.027917 0 1.000000
-1.544553  0.000000 -0.881290 0 1.000000
 1.996553  0.000000 -1.942441 0 1.000000
-3.151569  0.000000 -0.034145 0 1.000000
 0.725540  0.000000 -1.507772 0 1.000000
 1.327199  0.000000  0.641232 0 1.000000
-2.324045  0.000000  0.638689 0 1.000000
 2.139089  0.000000  0.351650 0 1.000000
 4.485474  0.000000  1.445562 0 1.000000
-1.122961  0.000000 -0.421199 0 1.000000
 2.985858  0.000000  1.063353 0 1.000000
-2.980853  0.000000  1.273472 0 1.000000
 1.187826  0.000000 -1.969450 0 1.000000
-3.084224  0.000000  1.697388 0 1.000000
-0.861104  0.000000  1.645764 0 1.000000
 3.667485  0.000000 -0.371942 0 1.000000
-2.104229  0.000000  0.601724 0 1.000000
 1.451044  0.000000 -1.337527 0 1.000000
 0.106737  0.000000  0.722086 0 1.000000
-1.132981  0.000000 -1.253027 0 1.000000
-1.851049  0.000000  1.685951 0 1.000000
-1.973288  0.000000 -1.550257 0 1.000000
 2.396128  0.000000 -0.621514 0 1.000000
-0.343806  0.000000 -0.073835 0 1.000000
 3.948535  0.000000  1.691816 0 1.000000
 0.190860  0.000000 -1.517118 0 1.000000
-0.508786  0.000000  0.813993 0 1.000000
 3.543314  0.000000  0.672149 0 1.000000
-1.995887  0.000000  0.586479 0 1.000000
 1.328906  0.000000  2.240770 0 1.000000
-2.684263  0.000000  1.701236 0 1.000000
 1.052592  0.000000  0.045606 0 1.000000
-0.867845  0.000000 -1.047739 0 1.000000
-2.416759  0.000000  0.809548 0 1.000000
 3.162760  0.000000  0.342574 0 1.000000
 1.063327  0.000000 -2.097733 0 1.000000
 1.477923  0.000000  0.298390 0 1.000000
 0.457748  0.000000 -0.632186 0 1.000000
-0.714864  0.000000  0.982928 0 1.000000
-2.198072  0.000000  2.031376 0 1.000000
 2.557886  0.000000  1.743321 0 1.000000
 0.108679  0.000000  0.887910 0 1.000000
 5.045706  0.000000  0.805814 0 1.000000
 2.388056  0.000000 -0.410965 0 1.000000
-1.519217  0.000000 -0.162792 0 1.000000
-0.847060  0.000000 -1.722123 0 1.000000
 1.215392  0.000000  1.788078 0 1.000000
 1.767373  0.000000  1.992555 0 1.000000
 3.598117  0.000000  1.956447 0 1.000000
-2.268979  0.000000  0.306685 0 1.000000
 0.793957  0.000000 -0.630904 0 1.000000
-2.260910  0.000000 -0.041605 0 1.000000
-1.906759  0.000000  0.252362 0 1.000000
-3.015901  0.000000 -0.082630 0 1.000000
-4.169920  0.000000  0.815065 0 1.000000
 1.380730  0.000000 -0.956167 0 1.000000
-1.311861  0.000000 -1.005230 0 1.000000
-1.490933  0.000000  0.644321 0 1.000000
 0.602776  0.000000  0.816785 0 1.000000
-2.017025  0.000000 -0.286613 0 1.000000
 2.481361  0.000000  1.189821 0 1.000000
 0.212274  0.000000 -1.552046 0 1.000000
 0.336490  0.000000 -2.016705 0 1.000000
 3.382028  0.000000  0.141850 0 1.000000
-0.643557  0.000000  0.851276 0 1.000000
-0.043110  0.000000 -2.106954 0 1.000000
-4.391248  0.000000  0.852759 0 1.000000
 4.487189  0.000000  0.431552 0 1.000000
 2.976616  0.000000 -1.003718 0 1.000000
 2.067012  0.000000  2.335999 0 1.000000
-1.752295  0.000000  0.600999 0 1.000000
 2.693787  0.000000 -0.284381 0 1.000000
-0.591917  0.000000 -1.185382 0 1.000000
 2.421314  0.000000  1.523705 0 1.000000
 0.960214  0.000000  0.846813 0 1.000000
-0.471477  0.000000 -0.796814 0 1.000000
 4.263850  0.000000  0.478278 0 1.000000
-4.309969  0.000000  1.476793 0 1.000000
-1.824478  0.000000  1.154086 0 1.000000
 2.951288  0.000000 -0.028323 0 1.000000
 3.617189  0.000000  1.560646 0 1.000000
 1.417735  0.000000  2.363978 0 1.000000
-0.727018  0.000000  1.525279 0 1.000000
 0.026985  0.000000 -2.156268 0 1.000000
-1.390495  0.000000 -1.139817 0 1.000000
 0.458880  0.000000  0.396284 0 1.000000
-0.395438  0.000000  1.354600 0 1.000000
 4.609378  0.000000  0.556180 0 1.000000
-2.248494  0.000000 -0.163445 0 1.000000
 4.912666  0.000000  0.850204 0 1.000000
-0.474031  0.000000  2.062961 0 1.000000
 4.217507  0.000000  1.148482 0 1.000000
 4.238633  0.000000  0.757941 0 1.000000
-0.203153  0.000000 -0.749538 0 1.000000
-2.076642  0.000000  1.138789 0 1.000000
 0.361529  0.000000 -1.137707 0 1.000000
-1.516242  0.000000  1.191320 0 1.000000
 3.278370  0.000000  0.377807 0 1.000000
-0.379144  0.000000  1.647341 0 1.000000
-0.441050  0.000000 -2.182544 0 1.000000
-1.622381  0.000000 -1.098038 0 1.000000
 3.715079  0.000000 -0.617735 0 1.000000
 4.615790  0.000000  1.359262 0 1.000000
-4.441533  0.000000  0.928038 0 1.000000
 1.821580  0.000000  1.986571 0 1.000000
 1.324496  0.000000 -0.795086 0 1.000000
 0.900798  0.000000 -2.069774 0 1.000000
 2.222122  0.000000  0.642527 0 1.000000
 1.606909  0.000000  0.182317 0 1.000000
-1.665780  0.000000 -1.606381 0 1.000000
 4.277016  0.000000  0.092357 0 1.000000
 4.193747  0.000000  0.937388 0 1.000000
-3.732230  0.000000  0.638619 0 1.000000
-3.567778  0.000000  1.096664 0 1.000000
 3.089408  0.000000  0.972056 0 1.000000
-3.082981  0.000000  1.527214 0 1.000000
 0.003741  0.000000  0.926198 0 1.000000
 1.844008  0.000000 -0.249305 0 1.000000
 0.205731  0.000000 -1.644449 0 1.000000
 3.829654  0.000000  1.492820 0 1.000000
 2.301146  0.000000  2.315994 0 1.000000
 0.929750  0.000000  1.358978 0 1.000000
 1.546167  0.000000 -1.931498 0 1.000000
-0.874176  0.000000  1.524351 0 1.000000
 1.725401  0.000000 -1.549377 0 1.000000
-0.323890  0.000000 -0.708544 0 1.000000
-2.320317  0.000000  1.303463 0 1.000000
-3.205946  0.000000  0.464545 0 1.000000
 3.673079  0.000000  1.223838 0 1.000000
 2.950230  0.000000  2.065222 0 1.000000
 3.655422  0.000000  0.091730 0 1.000000
 1.795125  0.000000  2.534105 0 1.000000
-1.067599  0.000000 -1.013691 0 1.000000
 4.867175  0.000000  0.085919 0 1.000000
 2.544212  0.000000  2.231419 0 1.000000
 3.085609  0.000000  2.076819 0 1.000000
 1.674494  0.000000  2.496059 0 1.000000
-0.484290  0.000000  0.856904 0 1.000000
 3.234314  0.000000  1.061355 0 1.000000
-1.608321  0.000000  0.678136 0 1.000000
-0.365030  0.000000  0.463729 0 1.000000
-1.568633  0.000000  1.533307 0 1.000000
 0.927761  0.000000  0.933003 0 1.000000
-3.287130  0.000000  0.049266 0 1.000000
 2.666199  0.000000  2.282520 0 1.000000
-0.165632  0.000000  0.727298 0 1.000000
 1.004010  0.000000  2.159998 0 1.000000
 2.084641  0.000000  2.453821 0 1.000000
-1.140448  0.000000  0.224066 0 1.000000
 0.195506  0.000000  1.440175 0 1.000000
 2.874026  0.000000 -0.422364 0 1.000000
 4.424508  0.000000 -0.332044 0 1.000000
 1.150021  0.000000  1.140512 0 1.000000
 1.563685  0.000000 -1.091207 0 1.000000
 0.064546  0.000000 -1.806139 0 1.000000
-0.517111  0.000000 -0.194592 0 1.000000
 0.953658  0.000000 -0.967971 0 1.000000
 4.752979  0.000000  0.816206 0 1.000000
 1.421913  0.000000  0.209708 0 1.000000
-2.036842  0.000000 -0.032126 0 1.000000
 0.862204  0.000000 -0.833822 0 1.000000
-1.671381  0.000000  1.870876 0 1.000000
 3.331746  0.000000  1.391944 0 1.000000
 3.558337  0.000000 -0.249248 0 1.000000
 1.379638  0.000000  1.727019 0 1.000000
 3.116939  0.000000  0.926208 0 1.000000
-2.590155  0.000000  1.098997 0 1.000000
 0.798633  0.000000  2.065032 0 1.000000
-3.874805  0.000000  0.637621 0 1.000000
 2.917223  0.000000  1.009893 0 1.000000
-2.176090  0.000000  0.134151 0 1.000000
-1.115720  0.000000 -0.663057 0 1.000000
-1.374828  0.000000 -0.667201 0 1.000000
-0.587944  0.000000  1.019654 0 1.000000
 2.774938  0.000000  1.197170 0 1.000000
 0.245913  0.000000  0.680253 0 1.000000
-2.278848  0.000000  0.894082 0 1.000000
 1.489634  0.000000 -0.114525 0 1.000000
 0.411695  0.000000 -1.817900 0 1.000000
 0.465620  0.000000 -0.548387 0 1.000000
 3.567885  0.000000  0.801560 0 1.000000
-0.132978  0.000000 -1.724677 0 1.000000
-2.335141  0.000000  1.099723 0 1.000000
 2.520323  0.000000  0.006941 0 1.000000
 1.056507  0.000000 -1.088507 0 1.000000
 4.235469  0.000000  1.611652 0 1.000000
-3.411726  0.000000  0.770528 0 1.000000
 3.132499  0.000000  1.978772 0 1.000000
 1.378881  0.000000 -0.452372 0 1.000000
-0.450195  0.000000  1.862408 0 1.000000
 2.919786  0.000000 -0.916343 0 1.000000
-1.669708  0.000000  1.443550 0 1.000000
 4.358805  0.000000  0.984434 0 1.000000
 1.075343  0.000000  1.278624 0 1.000000
-2.080948  0.000000 -1.473634 0 1.000000
-0.415396  0.000000  0.463265 0 1.000000
 1.056785  0.000000  0.595014 0 1.000000
-0.973364  0.000000  0.601046 0 1.000000
-0.361153  0.000000  0.802821 0 1.000000
 0.832316  0.000000 -0.755469 0 1.000000
 1.368148  0.000000 -0.247316 0 1.000000
-0.300606  0.000000  1.858776 0 1.000000
-2.325883  0.000000  1.741691 0 1.000000
 2.382372  0.000000  0.927146 0 1.000000
 1.281997  0.000000 -2.316987 0 1.000000
 0.968846  0.000000 -1.687115 0 1.000000
 3.962108  0.000000 -0.378420 0 1.000000
 1.099470  0.000000  2.244490 0 1.000000
-1.468718  0.000000  0.164144 0 1.000000
-1.033196  0.000000 -1.509765 0 1.000000
 1.836871  0.000000  0.840922 0 1.000000
-3.958887  0.000000  0.255210 0 1.000000
 2.001422  0.000000 -2.105026 0 1.000000
 0.610717  0.000000  1.061960 0 1.000000
 4.670085  0.000000 -0.321174 0 1.000000
 1.826760  0.000000  1.064018 0 1.000000
 0.489346  0.000000 -1.256214 0 1.000000
-0.987100  0.000000 -1.943260 0 1.000000
 0.126097  0.000000 -0.626848 0 1.000000
 2.268737  0.000000 -0.457675 0 1.000000
-1.830965  0.000000 -1.717651 0 1.000000
 3.273943  0.000000 -0.298594 0 1.000000
 1.823787  0.000000  0.473725 0 1.000000
-2.387392  0.000000 -0.592828 0 1.000000
-2.061083  0.000000  0.605550 0 1.000000
 0.259557  0.000000  0.133250 0 1.000000
 0.547745  0.000000  2.154180 0 1.000000
-2.474875  0.000000 -0.287548 0 1.000000
 1.491092  0.000000  0.816682 0 1.000000
 1.365527  0.000000  0.932023 0 1.000000
 3.199958  0.000000  2.113377 0 1.000000
-4.043058  0.000000  0.424473 0 1.000000
 2.557145  0.000000 -0.789059 0 1.000000
-0.112156  0.000000 -1.006325 0 1.000000
-1.572829  0.000000  0.352550 0 1.000000
-4.065606  0.000000  0.389476 0 1.000000
-0.301182  0.000000  1.267926 0 1.000000
 2.852817  0.000000 -0.802717 0 1.000000
 1.368837  0.000000 -0.171147 0 1.000000
 4.997358  0.000000  0.808821 0 1.000000
-0.759218  0.000000 -0.628720 0 1.000000
 1.527868  0.000000  1.563411 0 1.000000
 2.899402  0.000000  1.822226 0 1.000000
-0.622902  0.000000  0.142010 0 1.000000
-4.136512  0.000000  1.182794 0 1.000000
-2.710219  0.000000  1.569635 0 1.000000
 1.197405  0.000000  0.978912 0 1.000000
 5.023139  0.000000  0.514836 0 1.000000
 1.874810  0.000000 -1.476402 0 1.000000
-2.090868  0.000000 -1.084779 0 1.000000
 0.576710  0.000000 -1.859797 0 1.000000
 0.259870  0.000000 -2.153766 0 1.000000
-0.590410  0.000000  0.756267 0 1.000000
-2.406862  0.000000 -0.626344 0 1.000000
-0.014792  0.000000 -0.669581 0 1.000000
 1.856712  0.000000 -1.425432 0 1.000000
 1.195501  0.000000 -0.720355 0 1.000000
-0.110356  0.000000 -1.760864 0 1.000000
-1.744704  0.000000 -1.470655 0 1.000000
 0.428904  0.000000  1.861419 0 1.000000
 1.337003  0.000000 -0.468574 0 1.000000
 1.122030  0.000000  0.164680 0 1.000000
-3.533062  0.000000  1.057433 0 1.000000
-3.309147  0.000000 -0.074155 0 1.000000
 0.686229  0.000000  0.505660 0 1.000000
-2.172088  0.000000  1.742507 0 1.000000
 2.386993  0.000000  1.192563 0 1.000000
 0.510089  0.000000  1.236990 0 1.000000
 2.155216  0.000000 -1.139410 0 1.000000
-0.364688  0.000000 -0.534236 0 1.000000
 4.048277  0.000000  1.187601 0 1.000000
 3.401525  0.000000 -0.678614 0 1.000000
-0.744157  0.000000  0.433719 0 1.000000
-2.774851  0.000000  0.346325 0 1.000000
 1.262565  0.000000 -0.419353 0 1.000000
-0.202826  0.000000  1.350514 0 1.000000
-0.104486  0.000000 -0.426521 0 1.000000
-0.179326  0.000000 -0.468518 0 1.000000
 1.398711  0.000000  1.690144 0 1.000000
 2.332872  0.000000 -1.266915 0 1.000000
-0.802096  0.000000  1.563370 0 1.000000
 1.230563  0.000000  2.069092 0 1.000000
 1.034534  0.000000  2.075126 0 1.000000
-4.065986  0.000000  0.299754 0 1.000000
 3.437874  0.000000  1.562659 0 1.000000
 3.474616  0.000000  1.322894 0 1.000000
-1.223536  0.000000 -0.243745 0 1.000000
-0.200257  0.000000 -1.184863 0 1.000000
-2.213031  0.000000 -0.208899 0 1.000000
-2.242861  0.000000  0.841695 0 1.000000
-1.607144  0.000000  1.771759 0 1.000000
-0.953909  0.000000 -0.380424 0 1.000000
 0.238857  0.000000 -1.261970 0 1.000000
 1.303279  0.000000  1.268729 0 1.000000
-1.720377  0.000000  1.768088 0 1.000000
 0.658727  0.000000 -0.200242 0 1.000000
 0.091538  0.000000 -2.028434 0 1.000000
 4.263599  0.000000  1.313412 0 1.000000
-0.253398  0.000000 -0.330176 0 1.000000
-1.676822  0.000000 -1.462629 0 1.000000
-2.627096  0.000000  0.178468 0 1.000000
-2.130437  0.000000 -0.111570 0 1.000000
 1.832156  0.000000 -1.378088 0 1.000000
-1.242450  0.000000  0.055704 0 1.000000
 2.001284  0.000000  2.530957 0 1.000000
 3.984906  0.000000  1.440496 0 1.000000
 1.577611  0.000000  2.074451 0 1.000000
-0.314420  0.000000 -0.203256 0 1.000000
 1.192745  0.000000 -0.114144 0 1.000000
-2.205467  0.000000  0.177002 0 1.000000
 3.180015  0.000000 -0.204597 0 1.000000
 0.425948  0.000000 -0.594418 0 1.000000
-4.372865  0.000000  0.725702 0 1.000000
-2.126190  0.000000 -1.393872 0 1.000000
 0.141324  0.000000  1.774921 0 1.000000
 3.646102  0.000000 -0.507018 0 1.000000
 2.452440  0.000000  0.564772 0 1.000000
-2.009143  0.000000  0.512584 0 1.000000
 2.088211  0.000000  2.106438 0 1.000000
-4.168597  0.000000  0.635788 0 1.000000
 3.300095  0.000000  1.692580 0 1.000000
 1.822916  0.000000 -1.883033 0 1.000000
-0.085842  0.000000 -0.451228 0 1.000000
 0.207870  0.000000  2.154712 0 1.000000
-2.264657  0.000000 -0.205131 0 1.000000
-1.156312  0.000000 -1.309632 0 1.000000
 0.399552  0.000000  0.393988 0 1.000000
 0.672604  0.000000 -2.266130 0 1.000000
-3.859540  0.000000  0.512431 0 1.000000
 3.981361  0.000000 -0.168227 0 1.000000
 3.061109  0.000000  0.502428 0 1.000000
-0.156932  0.000000 -0.660257 0 1.000000
-4.361572  0.000000  1.148524 0 1.000000
 3.162020  0.000000 -0.425649 0 1.000000
 1.755648  0.000000 -1.766517 0 1.000000
-0.534991  0.000000  1.860939 0 1.000000
-0.308034  0.000000 -1.184860 0 1.000000
 4.012795  0.000000 -0.454571 0 1.000000
 2.197888  0.000000  1.190388 0 1.000000
 3.956958  0.000000  0.040738 0 1.000000
-2.042718  0.000000 -0.919348 0 1.000000
-2.395788  0.000000  1.274385 0 1.000000
 1.056461  0.000000 -2.519541 0 1.000000
-1.519214  0.000000  0.930543 0 1.000000
 2.006687  0.000000  2.163696 0 1.000000
 2.187107  0.000000  0.349663 0 1.000000
 0.462735  0.000000  0.636901 0 1.000000
 3.864497  0.000000 -0.543723 0 1.000000
 0.652735  0.000000  1.913745 0 1.000000
-0.716283  0.000000  1.909618 0 1.000000
-2.199111  0.000000  1.523170 0 1.000000
-2.215178  0.000000 -1.471850 0 1.000000
 1.433753  0.000000  0.813699 0 1.000000
-2.443449  0.000000  1.431311 0 1.000000
-0.766043  0.000000 -0.040755 0 1.000000
 4.615575  0.000000  0.346318 0 1.000000
 4.092434  0.000000  0.179178 0 1.000000
 3.387608  0.000000  1.979544 0 1.000000
-0.961359  0.000000 -0.026408 0 1.000000
 3.190686  0.000000 -0.366548 0 1.000000
-0.993856  0.000000  0.300185 0 1.000000
 3.966490  0.000000 -0.712884 0 1.000000
 3.047096  0.000000  1.822439 0 1.000000
-0.957870  0.000000  0.970278 0 1.000000
-1.247385  0.000000  1.321282 0 1.000000
-1.002394  0.000000  1.063305 0 1.000000
 0.329787  0.000000 -0.156165 0 1.000000
-1.823839  0.000000  0.293618 0 1.000000
 2.178811  0.000000  2.029109 0 1.000000
 4.114156  0.000000  0.902324 0 1.000000
-2.302631  0.000000  0.939181 0 1.000000
 1.373049  0.000000  0.631318 0 1.000000
 1.251520  0.000000 -1.764707 0 1.000000
 0.864203  0.000000  2.210600 0 1.000000
-1.737556  0.000000  1.562046 0 1.000000
-1.102042  0.000000  0.882215 0 1.000000
-1.276059  0.000000  0.933763 0 1.000000
 3.987155  0.000000 -0.594786 0 1.000000
-3.279063  0.000000  0.508543 0 1.000000
 3.422417  0.000000 -0.789911 0 1.000000
 0.764938  0.000000  0.167173 0 1.000000
 2.384569  0.000000 -0.247158 0 1.000000
 2.048831  0.000000  1.191842 0 1.000000
-2.118142  0.000000  0.635618 0 1.000000
 1.522474  0.000000  2.502703 0 1.000000
 3.005855  0.000000  1.940086 0 1.000000
 1.843159  0.000000  0.252246 0 1.000000
 3.135782  0.000000  0.982839 0 1.000000
 2.095876  0.000000  1.695537 0 1.000000
-2.300667  0.000000 -0.583985 0 1.000000
 2.918372  0.000000 -1.082212 0 1.000000
-0.866121  0.000000  0.965691 0 1.000000
 1.597971  0.000000  0.428391 0 1.000000
-3.222755  0.000000  0.426975 0 1.000000
 0.917813  0.000000 -2.353061 0 1.000000
-0.379824  0.000000 -1.550704 0 1.000000
 3.090986  0.000000  1.479969 0 1.000000
 0.845946  0.000000 -0.888951 0 1.000000
 3.144249  0.000000  0.891667 0 1.000000
 4.962129  0.000000  0.927219 0 1.000000
-3.080600  0.000000  0.510091 0 1.000000
-0.656939  0.000000 -2.067245 0 1.000000
-3.562626  0.000000  0.352441 0 1.000000
 0.760643  0.000000 -2.482403 0 1.000000
-0.702928  0.000000  0.390880 0 1.000000
 0.939533  0.000000 -1.807623 0 1.000000
 3.683066  0.000000  0.058127 0 1.000000
-3.628924  0.000000  1.152379 0 1.000000
 1.792774  0.000000  1.857084 0 1.000000
 1.212229  0.000000 -1.503759 0 1.000000
-0.688425  0.000000  0.762582 0 1.000000
-2.153529  0.000000 -1.255526 0 1.000000
-3.283150  0.000000  1.735346 0 1.000000
 1.881417  0.000000  1.566529 0 1.000000
 0.797800  0.000000  1.314366 0 1.000000
-2.881654  0.000000  0.339243 0 1.000000
-0.218835  0.000000  2.160234 0 1.000000
-0.348888  0.000000  2.197740 0 1.000000
 0.740160  0.000000  1.151802 0 1.000000
 4.349232  0.000000 -0.552097 0 1.000000
 1.115808  0.000000  1.356759 0 1.000000
 4.500563  0.000000 -0.206868 0 1.000000
-2.677571  0.000000  0.755201 0 1.000000
-0.767757  0.000000  1.323688 0 1.000000
 2.791726  0.000000  0.800680 0 1.000000
-2.494707  0.000000  1.026024 0 1.000000
-1.195478  0.000000 -1.135178 0 1.000000
 2.380182  0.000000  1.533120 0 1.000000
 0.504484  0.000000  0.552473 0 1.000000
 1.990581  0.000000 -1.098493 0 1.000000
 2.008354  0.000000 -0.966766 0 1.000000
 3.304217  0.000000  1.951403 0 1.000000
-2.188988  0.000000  1.364253 0 1.000000
-3.115564  0.000000  0.262581 0 1.000000
 4.348641  0.000000 -0.453215 0 1.000000
 0.906063  0.000000 -0.792588 0 1.000000
 1.335913  0.000000  1.323526 0 1.000000
-0.268305  0.000000  0.476948 0 1.000000
 4.427584  0.000000  0.682472 0 1.000000
 4.076923  0.000000  0.251082 0 1.000000
 2.489401  0.000000  2.374564 0 1.000000
 1.940223  0.000000 -2.015029 0 1.000000
-0.126531  0.000000  1.570281 0 1.000000
 0.295602  0.000000 -0.999979 0 1.000000
 0.764312  0.000000  1.279691 0 1.000000
-2.714087  0.000000  0.643787 0 1.000000
 0.857274  0.000000 -2.058667 0 1.000000
 1.605255  0.000000  2.548129 0 1.000000
 2.333253  0.000000  0.765814 0 1.000000
 2.647612  0.000000  2.065319 0 1.000000
-2.423782  0.000000  1.897751 0 1.000000
 1.101504  0.000000 -1.051398 0 1.000000
 1.783742  0.000000  0.631950 0 1.000000
-1.595082  0.000000  0.715295 0 1.000000
 2.302411  0.000000 -1.220727 0 1.000000
 1.508062  0.000000 -2.096481 0 1.000000
 1.670544  0.000000  2.234655 0 1.000000
 1.164719  0.000000 -1.518443 0 1.000000
 1.243196  0.000000 -0.448459 0 1.000000
 0.752187  0.000000  0.642007 0 1.000000
-3.279525  0.000000  1.604412 0 1.000000
-2.713920  0.000000  0.462585 0 1.000000
-1.147748  0.000000 -0.537009 0 1.000000
 0.143507  0.000000 -2.099349 0 1.000000
-0.469149  0.000000  0.799104 0 1.000000
-0.486541  0.000000 -0.407171 0 1.000000
 1.693520  0.000000 -0.828429 0 1.000000
 2.870159  0.000000  0.248365 0 1.000000
-0.185126  0.000000 -1.718831 0 1.000000
 1.446768  0.000000  2.374685 0 1.000000
-1.252825  0.000000 -0.623814 0 1.000000
-0.175843  0.000000  1.897879 0 1.000000
 2.851596  0.000000  1.727864 0 1.000000
-1.182076  0.000000  1.524413 0 1.000000
 3.573087  0.000000  0.038249 0 1.000000
-0.727676  0.000000 -0.509948 0 1.000000
 0.076379  0.000000  1.574200 0 1.000000
-2.424792  0.000000 -1.129766 0 1.000000
 0.459260  0.000000  2.318923 0 1.000000
 3.630805  0.000000 -0.799163 0 1.000000
 3.176729  0.000000 -0.703388 0 1.000000
 0.064763  0.000000  0.971885 0 1.000000
 4.033322  0.000000 -0.154419 0 1.000000
 1.916072  0.000000  1.995928 0 1.000000
 0.680195  0.000000 -2.021327 0 1.000000
-3.297294  0.000000  0.635854 0 1.000000
 1.215792  0.000000  0.087623 0 1.000000
-2.654305  0.000000  0.128201 0 1.000000
 1.975187  0.000000 -0.619040 0 1.000000
-4.272140  0.000000  0.812568 0 1.000000
-3.271351  0.000000  1.264118 0 1.000000
 0.389814  0.000000  2.022747 0 1.000000
-3.977876  0.000000  0.799549 0 1.000000
-1.752870  0.000000  2.038861 0 1.000000
 1.511590  0.000000 -0.333388 0 1.000000
 0.832877  0.000000  1.112959 0 1.000000
-3.537409  0.000000 -0.043010 0 1.000000
 1.544096  0.000000 -2.023358 0 1.000000
-0.140852  0.000000 -0.932179 0 1.000000
-0.972883  0.000000  0.688732 0 1.000000
 0.817945  0.000000  1.186123 0 1.000000
 0.386496  0.000000  1.698437 0 1.000000
 1.998179  0.000000 -0.328962 0 1.000000
-4.334561  0.000000  0.601506 0 1.000000
 1.122922  0.000000 -0.159936 0 1.000000
-1.800619  0.000000  1.105559 0 1.000000
 0.315059  0.000000 -0.026046 0 1.000000
 0.880121  0.000000  1.025756 0 1.000000
-0.241421  0.000000 -1.842970 0 1.000000
 4.238250  0.000000  0.419134 0 1.000000
 2.087153  0.000000  0.765170 0 1.000000
-0.147611  0.000000  1.363383 0 1.000000
 2.244992  0.000000  0.502210 0 1.000000
 0.139419  0.000000 -1.857899 0 1.000000
 0.159604  0.000000  1.991445 0 1.000000
 0.509640  0.000000  2.329266 0 1.000000
 0.294221  0.000000 -1.593610 0 1.000000
 1.001641  0.000000 -1.130562 0 1.000000
-4.460197  0.000000  1.233458 0 1.000000
 4.238898  0.000000  0.857534 0 1.000000
-0.307879  0.000000  0.934068 0 1.000000
 0.414101  0.000000 -2.313781 0 1.000000
 1.725397  0.000000 -1.225336 0 1.000000
 1.236626  0.000000 -2.479375 0 1.000000
-2.195103  0.000000  1.601999 0 1.000000
 0.760621  0.000000 -0.800841 0 1.000000
 0.898260  0.000000 -0.293422 0 1.000000
 0.946484  0.000000  0.634716 0 1.000000
-0.025193  0.000000 -0.467730 0 1.000000
 1.876272  0.000000  1.153934 0 1.000000
-1.529667  0.000000 -0.368910 0 1.000000
-3.831247  0.000000  1.232830 0 1.000000
 4.863814  0.000000  1.016370 0 1.000000
 3.098342  0.000000 -0.457192 0 1.000000
 2.548312  0.000000  2.071583 0 1.000000
 3.601132  0.000000  0.167353 0 1.000000
-0.412497  0.000000 -0.038224 0 1.000000
 1.412822  0.000000  0.170564 0 1.000000
-3.303114  0.000000  0.206752 0 1.000000
-0.824548  0.000000 -1.421435 0 1.000000
-0.816358  0.000000 -1.303960 0 1.000000
 3.388053  0.000000  1.054325 0 1.000000
 0.554633  0.000000 -1.226523 0 1.000000
 2.744989  0.000000  0.645221 0 1.000000
 4.730434  0.000000  1.183586 0 1.000000
 1.960053  0.000000 -1.129701 0 1.000000
-2.703411  0.000000  0.969610 0 1.000000
 0.920064  0.000000 -0.419905 0 1.000000
 2.040005  0.000000  0.937489 0 1.000000
 2.578339  0.000000  1.684271 0 1.000000
-1.748265  0.000000  1.692776 0 1.000000
-2.893726  0.000000  1.567137 0 1.000000
 0.149677  0.000000  1.615989 0 1.000000
 0.479902  0.000000  2.118448 0 1.000000
 1.529570  0.000000 -0.626007 0 1.000000
 2.959712  0.000000  1.780310 0 1.000000
 1.207765  0.000000  1.094235 0 1.000000
-1.200900  0.000000  1.645046 0 1.000000
 4.681007  0.000000  1.180973 0 1.000000
-4.008136  0.000000  0.676286 0 1.000000
 4.064660  0.000000  0.212615 0 1.000000
-3.181175  0.000000  0.178901 0 1.000000
-2.534099  0.000000  0.761013 0 1.000000
 3.038481  0.000000  1.571370 0 1.000000
 1.240804  0.000000  2.409268 0 1.000000
 2.263768  0.000000  2.321785 0 1.000000
-0.266862  0.000000 -1.888247 0 1.000000
-2.104879  0.000000  0.001292 0 1.000000
-1.244444  0.000000  1.983086 0 1.000000
 1.668501  0.000000  1.558208 0 1.000000
 1.087631  0.000000 -2.493332 0 1.000000
 3.404233  0.000000  0.767379 0 1.000000
-0.191300  0.000000  1.093725 0 1.000000
 1.409016  0.000000 -0.588451 0 1.000000
-0.331649  0.000000  0.476635 0 1.000000
-1.760187  0.000000  0.340823 0 1.000000
 1.384018  0.000000  0.817324 0 1.000000
 3.300409  0.000000  0.671014 0 1.000000
 4.329031  0.000000 -0.491385 0 1.000000
-3.785020  0.000000  1.317985 0 1.000000
-1.471673  0.000000 -0.920002 0 1.000000
-3.342480  0.000000  0.797798 0 1.000000
 4.581059  0.000000  0.260152 0 1.000000
-3.526930  0.000000  0.292390 0 1.000000
 2.611601  0.000000  0.894795 0 1.000000
 3.611002  0.000000  0.604168 0 1.000000
 2.212166  0.000000 -0.209727 0 1.000000
 2.256760  0.000000 -0.543535 0 1.000000
 1.364447  0.000000 -1.759962 0 1.000000
-0.952153  0.000000 -0.294295 0 1.000000
-3.949064  0.000000  1.616290 0 1.000000
-1.054360  0.000000  1.492983 0 1.000000
 0.708677  0.000000 -1.980480 0 1.000000
 0.680935  0.000000  1.944225 0 1.000000
-2.442245  0.000000 -0.842799 0 1.000000
-1.595019  0.000000 -1.649776 0 1.000000
-2.402826  0.000000  1.941511 0 1.000000
 4.187582  0.000000  0.857367 0 1.000000
 1.194989  0.000000  1.491151 0 1.000000
-0.657545  0.000000  0.984344 0 1.000000
 3.067996  0.000000  0.690501 0 1.000000
-1.279567  0.000000 -0.839347 0 1.000000
 0.953980  0.000000 -0.884512 0 1.000000
 2.405146  0.000000 -0.375592 0 1.000000
 4.857356  0.000000  0.178255 0 1.000000
-2.554332  0.000000  1.316997 0 1.000000
 1.362763  0.000000  0.681546 0 1.000000
 0.760121  0.000000 -0.966067 0 1.000000
-1.397247  0.000000 -1.645698 0 1.000000
-2.350097  0.000000 -0.588579 0 1.000000
-2.305388  0.000000 -0.495857 0 1.000000
 1.731293  0.000000  1.912824 0 1.000000
 0.415278  0.000000  2.237978 0 1.000000
-0.656356  0.000000  1.393548 0 1.000000
 1.487137  0.000000 -0.544047 0 1.000000
 0.415709  0.000000 -1.386800 0 1.000000
 4.047527  0.000000 -0.334744 0 1.000000
 1.552186  0.000000  0.343412 0 1.000000
 2.118739  0.000000 -1.308583 0 1.000000
-2.041755  0.000000 -0.492271 0 1.000000
 3.315958  0.000000  1.776462 0 1.000000
-2.698888  0.000000  1.387713 0 1.000000
-1.717594  0.000000 -1.671742 0 1.000000
 3.525430  0.000000  1.830639 0 1.000000
 2.261978  0.000000  0.048481 0 1.000000
 0.949068  0.000000  1.742016 0 1.000000
 0.514878  0.000000  1.480147 0 1.000000
-4.170483  0.000000  1.390323 0 1.000000
-1.778567  0.000000  0.888180 0 1.000000
-0.341791  0.000000  0.251882 0 1.000000
-0.184244  0.000000  0.222309 0 1.000000
-1.154775  0.000000  1.743300 0 1.000000
-1.643633  0.000000 -1.304044 0 1.000000
 2.754189  0.000000 -0.971560 0 1.000000
 4.272688  0.000000 -0.334526 0 1.000000
-1.959007  0.000000 -0.498910 0 1.000000
-0.761095  0.000000 -1.050744 0 1.000000
 1.001231  0.000000 -1.554709 0 1.000000
 0.898054  0.000000  2.081871 0 1.000000
-1.847155  0.000000  1.271316 0 1.000000
-3.033827  0.000000  1.270787 0 1.000000
-0.680728  0.000000 -1.860081 0 1.000000
-1.872167  0.000000 -1.470767 0 1.000000
 1.506131  0.000000 -2.359325 0 1.000000
-0.885844  0.000000  0.934713 0 1.000000
-0.397927  0.000000 -2.024421 0 1.000000
 1.404928  0.000000 -2.186914 0 1.000000
 3.241748  0.000000  0.387914 0 1.000000
 3.767455  0.000000  0.636066 0 1.000000
-1.469339  0.000000  0.520268 0 1.000000
-4.147495  0.000000  1.365127 0 1.000000
-0.856292  0.000000 -1.293549 0 1.000000
-1.751301  0.000000 -1.089886 0 1.000000
-1.963968  0.000000  0.849698 0 1.000000
-1.909057  0.000000  0.435735 0 1.000000
-1.712718  0.000000 -1.425791 0 1.000000
 4.160290  0.000000  0.124558 0 1.000000
-2.082667  0.000000 -1.377176 0 1.000000
-1.915410  0.000000 -1.503670 0 1.000000
 3.444119  0.000000  1.192478 0 1.000000
-0.776714  0.000000 -0.002068 0 1.000000
 4.982389  0.000000  0.730572 0 1.000000
 1.725645  0.000000 -0.119938 0 1.000000
-1.619771  0.000000  1.447884 0 1.000000
-1.620831  0.000000 -1.688061 0 1.000000
-0.669725  0.000000 -1.055070 0 1.000000
-2.815932  0.000000  1.053431 0 1.000000
 2.971120  0.000000  1.950367 0 1.000000
 1.367506  0.000000 -2.106959 0 1.000000
-0.774499  0.000000 -0.672293 0 1.000000
-1.255683  0.000000 -0.718373 0 1.000000
-0.119145  0.000000 -0.798111 0 1.000000
 1.625413  0.000000 -1.553817 0 1.000000
-2.471464  0.000000  1.219112 0 1.000000
-1.262044  0.000000  1.872179 0 1.000000
-0.757536  0.000000  0.814887 0 1.000000
-0.132736  0.000000  1.827938 0 1.000000
-1.342050  0.000000 -0.027443 0 1.000000
 0.659736  0.000000 -0.706656 0 1.000000
-1.558712  0.000000  1.698601 0 1.000000
 3.567508  0.000000  0.307074 0 1.000000
 1.587978  0.000000 -0.299896 0 1.000000
 0.867682  0.000000 -1.420850 0 1.000000
 0.166730  0.000000 -2.136884 0 1.000000
 1.418173  0.000000  1.783924 0 1.000000
 2.625415  0.000000  2.294416 0 1.000000
 1.502767  0.000000 -0.843262 0 1.000000
 3.974924  0.000000  1.737967 0 1.000000
-0.705789  0.000000 -0.969265 0 1.000000
 0.669276  0.000000 -0.238593 0 1.000000
 0.434123  0.000000 -0.323252 0 1.000000
-0.924472  0.000000  0.342839 0 1.000000
 1.781978  0.000000  1.737083 0 1.000000
-2.019225  0.000000  0.476561 0 1.000000
 3.581890  0.000000 -0.375243 0 1.000000
-0.190746  0.000000 -1.015078 0 1.000000
-0.726393  0.000000 -1.015228 0 1.000000
 1.659082  0.000000 -1.686372 0 1.000000
 3.141341  0.000000  1.642757 0 1.000000
 4.008279  0.000000  1.397143 0 1.000000
-1.091484  0.000000  0.382596 0 1.000000
-0.107857  0.000000 -0.159567 0 1.000000
-2.035587  0.000000  1.303482 0 1.000000
-0.559129  0.000000  1.731187 0 1.000000
-3.083514  0.000000  0.671762 0 1.000000
-0.335360  0.000000 -0.914400 0 1.000000
 1.852735  0.000000 -1.842666 0 1.000000
-2.382819  0.000000 -0.672595 0 1.000000
 1.678173  0.000000 -0.465506 0 1.000000
-1.024133  0.000000  1.108382 0 1.000000
-2.468402  0.000000  1.981047 0 1.000000
 4.382925  0.000000  0.171349 0 1.000000
 0.255158  0.000000  0.815460 0 1.000000
-1.169193  0.000000  0.012213 0 1.000000
 2.302296  0.000000 -0.041712 0 1.000000
-0.101084  0.000000  1.009474 0 1.000000
 1.643369  0.000000 -1.267626 0 1.000000
 3.567636  0.000000  1.317420 0 1.000000
 1.967660  0.000000 -2.306608 0 1.000000
 3.701984  0.000000  0.339827 0 1.000000
-2.418868  0.000000 -0.202668 0 1.000000
 4.892874  0.000000  0.564688 0 1.000000
 2.255217  0.000000  0.207597 0 1.000000
-1.293894  0.000000  1.568682 0 1.000000
-4.421063  0.000000  1.229691 0 1.000000
 3.229154  0.000000  0.137186 0 1.000000
-0.315855  0.000000 -0.787211 0 1.000000
 3.771882  0.000000  0.902224 0 1.000000
-2.231328  0.000000  0.634112 0 1.000000
-2.100674  0.000000  1.610444 0 1.000000
-0.278216  0.000000  0.553442 0 1.000000
 4.520913  0.000000  0.174224 0 1.000000
-1.703737  0.000000  0.944565 0 1.000000
 1.653247  0.000000  2.445177 0 1.000000
 3.136813  0.000000 -1.047992 0 1.000000
 3.624262  0.000000  1.228993 0 1.000000
 1.271147  0.000000 -2.433844 0 1.000000
 4.127622  0.000000  0.255993 0 1.000000
 0.548279  0.000000 -2.139032 0 1.000000
 2.444890  0.000000  1.063028 0 1.000000
 0.622634  0.000000 -2.009842 0 1.000000
 4.250003  0.000000  1.063075 0 1.000000
 0.790926  0.000000 -2.227069 0 1.000000
 2.871162  0.000000 -1.084427 0 1.000000
-2.584562  0.000000  0.592987 0 1.000000
 1.020780  0.000000  0.004196 0 1.000000
-1.291962  0.000000  1.238479 0 1.000000
 1.509124  0.000000 -0.750251 0 1.000000
 1.438300  0.000000 -1.893384 0 1.000000
 4.376569  0.000000  1.523900 0 1.000000
 2.892753  0.000000 -0.704456 0 1.000000
-1.903415  0.000000  2.039224 0 1.000000
 0.426939  0.000000  2.115784 0 1.000000
 4.522110  0.000000  0.337666 0 1.000000
 3.169188  0.000000  0.603095 0 1.000000
-3.850646  0.000000  1.356974 0 1.000000
 0.648245  0.000000 -2.239676 0 1.000000
 2.964015  0.000000 -0.250153 0 1.000000
 0.912232  0.000000 -0.506084 0 1.000000
 4.145028  0.000000 -0.088176 0 1.000000
 4.139149  0.000000 -0.155345 0 1.000000
-1.465360  0.000000 -1.674559 0 1.000000
-0.001873  0.000000  1.179474 0 1.000000
-4.128262  0.000000  1.393187 0 1.000000
 3.980886  0.000000  0.098038 0 1.000000
 0.149693  0.000000 -2.023970 0 1.000000
-1.156305  0.000000 -1.479702 0 1.000000
-2.606294  0.000000  1.140196 0 1.000000
 2.986583  0.000000  0.206617 0 1.000000
 2.062331  0.000000  1.487345 0 1.000000
-1.001346  0.000000 -1.381892 0 1.000000
-0.320613  0.000000  1.061425 0 1.000000
 1.094907  0.000000 -1.297922 0 1.000000
-2.085174  0.000000  1.225199 0 1.000000
-0.781094  0.000000 -1.176850 0 1.000000
-2.370549  0.000000  0.551781 0 1.000000
 2.452780  0.000000  0.887824 0 1.000000
 1.599974  0.000000  1.187346 0 1.000000
-0.447592  0.000000 -1.854027 0 1.000000
 0.760405  0.000000  0.472731 0 1.000000
 1.335950  0.000000 -1.302381 0 1.000000
 4.432659  0.000000  0.759129 0 1.000000
-0.787419  0.000000 -2.026395 0 1.000000
-3.869585  0.000000  0.140872 0 1.000000
 2.289135  0.000000  0.424662 0 1.000000
-1.207149  0.000000  0.383794 0 1.000000
-3.485797  0.000000  0.815598 0 1.000000
 2.951559  0.000000  0.465468 0 1.000000
 0.698038  0.000000  0.124009 0 1.000000
 0.819519  0.000000 -0.667152 0 1.000000
-3.837160  0.000000  1.572826 0 1.000000
-1.834243  0.000000  0.480531 0 1.000000
 1.828607  0.000000  1.152748 0 1.000000
 0.131596  0.000000  1.859024 0 1.000000
-2.335136  0.000000 -0.078069 0 1.000000
 0.439677  0.000000 -0.166323 0 1.000000
 0.236537  0.000000  2.279083 0 1.000000
 0.824533  0.000000  1.520805 0 1.000000
 4.773414  0.000000  0.350022 0 1.000000
-1.232944  0.000000  0.590535 0 1.000000
 2.157344  0.000000  1.068518 0 1.000000
-0.619106  0.000000 -1.227194 0 1.000000
-1.959814  0.000000  0.590334 0 1.000000
 1.635345  0.000000  1.729977 0 1.000000
-0.609005  0.000000  0.295846 0 1.000000
 4.894550  0.000000  0.051548 0 1.000000
-2.506270  0.000000  1.745985 0 1.000000
 1.016595  0.000000  2.364745 0 1.000000
-0.531256  0.000000 -0.508654 0 1.000000
 0.115948  0.000000 -0.371367 0 1.000000
-1.872376  0.000000  1.395777 0 1.000000
-3.253780  0.000000  0.811530 0 1.000000
 1.364602  0.000000 -1.931744 0 1.000000
 0.727651  0.000000 -1.844967 0 1.000000
-0.404601  0.000000  0.502584 0 1.000000
-1.125891  0.000000  0.603480 0 1.000000
 0.413909  0.000000  0.554300 0 1.000000
 0.826282  0.000000  2.195922 0 1.000000
 4.974105  0.000000  1.019887 0 1.000000
-3.421620  0.000000  1.350090 0 1.000000
-2.674252  0.000000 -0.153969 0 1.000000
-2.594766  0.000000  1.182378 0 1.000000
-3.127441  0.000000  0.518667 0 1.000000
-0.255468  0.000000  1.112718 0 1.000000
 3.738815  0.000000 -0.247907 0 1.000000
-0.311233  0.000000  1.226573 0 1.000000
 2.703245  0.000000 -0.211385 0 1.000000
 2.576262  0.000000  0.334914 0 1.000000
-1.509492  0.000000 -0.257429 0 1.000000
 0.433150  0.000000 -0.913577 0 1.000000
-0.536086  0.000000  0.944758 0 1.000000
-0.158015  0.000000  1.015240 0 1.000000
-0.117113  0.000000  0.640043 0 1.000000
 0.290921  0.000000 -1.168372 0 1.000000
-4.193865  0.000000  0.925108 0 1.000000
-0.810598  0.000000  1.222115 0 1.000000
 1.157401  0.000000 -1.925077 0 1.000000
-0.883217  0.000000  0.425646 0 1.000000
-1.617019  0.000000 -1.426917 0 1.000000
 0.996954  0.000000 -1.975256 0 1.000000
 1.292582  0.000000  2.160025 0 1.000000
 3.095718  0.000000  0.291256 0 1.000000
-0.397523  0.000000 -1.085011 0 1.000000
-2.922932  0.000000  1.020996 0 1.000000
-1.433046  0.000000 -0.803374 0 1.000000
-3.343779  0.000000  0.548312 0 1.000000
 2.910629  0.000000  0.350531 0 1.000000
-0.459813  0.000000 -0.718088 0 1.000000
 1.560097  0.000000 -0.073093 0 1.000000
-1.073496  0.000000 -0.164955 0 1.000000
 0.286992  0.000000  0.761466 0 1.000000
-1.126611  0.000000 -1.343512 0 1.000000
 1.094695  0.000000 -2.312641 0 1.000000
-1.468650  0.000000 -1.426183 0 1.000000
-1.936348  0.000000  0.218525 0 1.000000
 0.759963  0.000000  0.727308 0 1.000000
 1.088732  0.000000  1.143705 0 1.000000
-1.915171  0.000000  0.505418 0 1.000000
 1.144685  0.000000  2.322048 0 1.000000
-0.362095  0.000000  1.573921 0 1.000000
-1.080533  0.000000 -0.760305 0 1.000000
 0.452908  0.000000  1.736784 0 1.000000
 0.427885  0.000000  1.097473 0 1.000000
-2.506415  0.000000  0.986217 0 1.000000
 1.740393  0.000000  0.682313 0 1.000000
-2.303549  0.000000  1.608724 0 1.000000
 0.789376  0.000000 -2.140207 0 1.000000
-0.277348  0.000000  1.155799 0 1.000000
 2.814289  0.000000  0.936402 0 1.000000
 3.209956  0.000000  0.338977 0 1.000000
-1.246600  0.000000 -1.394366 0 1.000000
 2.703121  0.000000  0.966476 0 1.000000
-0.250449  0.000000  0.096007 0 1.000000
 1.407028  0.000000 -2.446574 0 1.000000
 0.626664  0.000000  1.604053 0 1.000000
 0.211272  0.000000 -1.718101 0 1.000000
 1.695980  0.000000 -2.010421 0 1.000000
 0.385808  0.000000 -2.193843 0 1.000000
-0.059072  0.000000  1.012829 0 1.000000
-0.769133  0.000000 -1.395216 0 1.000000
-1.902250  0.000000 -1.429253 0 1.000000
-3.418202  0.000000  1.693506 0 1.000000
 2.919781  0.000000  1.179515 0 1.000000
-2.875569  0.000000  1.937444 0 1.000000
 1.904339  0.000000  1.018562 0 1.000000
 3.255658  0.000000  1.013879 0 1.000000
 1.192916  0.000000 -0.282969 0 1.000000
-1.338323  0.000000  1.303606 0 1.000000
 3.545860  0.000000  0.094144 0 1.000000
-2.903558  0.000000  0.037678 0 1.000000
 0.603314  0.000000 -0.040193 0 1.000000
 4.071756  0.000000  1.652593 0 1.000000
-1.666279  0.000000  0.851690 0 1.000000
-3.290707  0.000000  1.140634 0 1.000000
-3.335966  0.000000  0.723258 0 1.000000
 1.850316  0.000000 -0.931791 0 1.000000
-2.395380  0.000000 -0.760380 0 1.000000
-0.426630  0.000000 -0.969165 0 1.000000
 1.674028  0.000000  1.745439 0 1.000000
-0.555751  0.000000 -0.045035 0 1.000000
 1.018894  0.000000 -0.161535 0 1.000000
-2.176207  0.000000  0.054598 0 1.000000
 1.300140  0.000000  2.445047 0 1.000000
 0.861319  0.000000 -2.518074 0 1.000000
-1.927211  0.000000  1.394720 0 1.000000
-2.401233  0.000000  0.345638 0 1.000000
 3.757103  0.000000  1.869047 0 1.000000
-2.508952  0.000000  0.806628 0 1.000000
 3.903328  0.000000  1.442737 0 1.000000
 0.169547  0.000000  1.744421 0 1.000000
 1.356171  0.000000  0.508836 0 1.000000
-0.827946  0.000000 -1.925909 0 1.000000
-0.560215  0.000000 -1.893857 0 1.000000
-1.001871  0.000000  0.053489 0 1.000000
-0.365015  0.000000 -1.971504 0 1.000000
 2.259324  0.000000  1.390255 0 1.000000
 2.510217  0.000000 -1.208628 0 1.000000
 1.624765  0.000000  0.637014 0 1.000000
 2.065162  0.000000  0.306199 0 1.000000
 0.970591  0.000000  1.936085 0 1.000000
 2.308042  0.000000  1.306249 0 1.000000
 2.303352  0.000000  1.909742 0 1.000000
-0.238801  0.000000 -0.835396 0 1.000000
 2.268354  0.000000  0.722870 0 1.000000
-2.117724  0.000000  1.236912 0 1.000000
-0.769552  0.000000 -0.293695 0 1.000000
-2.872891  0.000000  0.691074 0 1.000000
-1.754470  0.000000 -1.683521 0 1.000000
 1.585094  0.000000 -1.295577 0 1.000000
 1.865462  0.000000 -1.141338 0 1.000000
 0.074982  0.000000 -2.141948 0 1.000000
 2.969797  0.000000  1.008806 0 1.000000
-0.880672  0.000000 -1.513467 0 1.000000
 1.247906  0.000000  0.472189 0 1.000000
 2.312982  0.000000  1.812356 0 1.000000
 3.443944  0.000000  0.588598 0 1.000000
-2.071798  0.000000 -0.460677 0 1.000000
 2.060864  0.000000 -1.216309 0 1.000000
-1.569852  0.000000  0.597278 0 1.000000
 0.017609  0.000000 -0.703160 0 1.000000
-0.951954  0.000000  0.379877 0 1.000000
 1.231877  0.000000 -1.549566 0 1.000000
-2.224383  0.000000  0.809315 0 1.000000
-1.126622  0.000000  0.174397 0 1.000000
 0.317324  0.000000 -0.456600 0 1.000000
-2.003349  0.000000 -1.177366 0 1.000000
-0.492147  0.000000 -0.079543 0 1.000000
 4.589356  0.000000  1.313238 0 1.000000
-0.189813  0.000000 -0.832162 0 1.000000
-0.096252  0.000000 -0.077632 0 1.000000
 1.967796  0.000000 -0.537883 0 1.000000
-0.477846  0.000000 -1.639447 0 1.000000
 2.708361  0.000000 -0.029752 0 1.000000
 0.987120  0.000000  2.490135 0 1.000000
 0.863542  0.000000 -0.168518 0 1.000000
-1.398914  0.000000 -0.710197 0 1.000000
 1.963669  0.000000  0.207427 0 1.000000
 0.351794  0.000000 -1.041893 0 1.000000
 4.009501  0.000000 -0.284233 0 1.000000
 4.054069  0.000000  0.304412 0 1.000000
 1.647310  0.000000 -0.083681 0 1.000000
 2.251186  0.000000  0.639080 0 1.000000
-1.553530  0.000000  0.858131 0 1.000000
-2.994308  0.000000 -0.110047 0 1.000000
 4.326195  0.000000 -0.245043 0 1.000000
-1.487012  0.000000  0.813411 0 1.000000
-1.670975  0.000000  1.600291 0 1.000000
 1.923943  0.000000 -1.722960 0 1.000000
 0.442528  0.000000  1.348622 0 1.000000
 2.875259  0.000000  1.945384 0 1.000000
 4.401315  0.000000  0.479411 0 1.000000
 0.138972  0.000000  1.357607 0 1.000000
-0.711543  0.000000 -2.051046 0 1.000000
 1.749892  0.000000  1.769556 0 1.000000
 0.919795  0.000000 -1.262290 0 1.000000
 2.934825  0.000000  1.911828 0 1.000000
 2.090940  0.000000  1.276743 0 1.000000
 1.097807  0.000000 -0.550503 0 1.000000
 0.565742  0.000000  1.066752 0 1.000000
-0.317314  0.000000  0.302766 0 1.000000
-3.338033  0.000000  1.659316 0 1.000000
 0.794518  0.000000  0.477369 0 1.000000
-0.487871  0.000000  0.261034 0 1.000000
 3.033738  0.000000  1.228216 0 1.000000
 3.423228  0.000000  0.556689 0 1.000000
 1.338658  0.000000  0.122624 0 1.000000
 1.650745  0.000000  0.685196 0 1.000000
 4.893698  0.000000  0.131233 0 1.000000
-2.120357  0.000000  1.472883 0 1.000000
-1.865245  0.000000  0.585881 0 1.000000
 2.033975  0.000000 -1.606146 0 1.000000
 1.850451  0.000000  1.360330 0 1.000000
 1.086842  0.000000 -0.199599 0 1.000000
-0.289336  0.000000  0.503032 0 1.000000
 1.220850  0.000000 -0.155526 0 1.000000
-4.233731  0.000000  0.594943 0 1.000000
-1.252453  0.000000 -0.802228 0 1.000000
-0.948416  0.000000 -1.719766 0 1.000000
-2.582154  0.000000  0.096403 0 1.000000
 2.551863  0.000000 -1.057787 0 1.000000
 1.937428  0.000000 -1.348187 0 1.000000
 1.217068  0.000000  2.197941 0 1.000000
-2.899724  0.000000 -0.027676 0 1.000000
 3.229554  0.000000  1.730584 0 1.000000
-2.314353  0.000000  1.822999 0 1.000000
 2.739763  0.000000  2.331743 0 1.000000
 4.580655  0.000000 -0.253856 0 1.000000
 0.434331  0.000000  0.761601 0 1.000000
-2.061363  0.000000  1.614372 0 1.000000
-0.028179  0.000000  0.381810 0 1.000000
-4.310406  0.000000  0.549684 0 1.000000
 1.450478  0.000000  0.605783 0 1.000000
 4.010616  0.000000  1.474253 0 1.000000
 4.288027  0.000000  0.176436 0 1.000000
 0.864385  0.000000 -2.178365 0 1.000000
-0.799665  0.000000  0.463434 0 1.000000
 4.095817  0.000000  0.598435 0 1.000000
-0.274723  0.000000 -1.727940 0 1.000000
-3.401800  0.000000  0.730673 0 1.000000
-2.507388  0.000000 -0.956979 0 1.000000
 0.936143  0.000000 -0.366534 0 1.000000
 1.547025  0.000000  0.250676 0 1.000000
-0.584478  0.000000  1.604158 0 1.000000
 4.166528  0.000000  1.146280 0 1.000000
-3.924017  0.000000  0.804726 0 1.000000
 2.305456  0.000000  1.222286 0 1.000000
-3.318787  0.000000  1.444332 0 1.000000
-1.690554  0.000000 -0.195317 0 1.000000
-2.995690  0.000000  0.475381 0 1.000000
-1.834484  0.000000 -1.298562 0 1.000000
 0.215227  0.000000 -1.394722 0 1.000000
 2.197445  0.000000  1.686625 0 1.000000
-0.994785  0.000000  1.735274 0 1.000000
-0.501624  0.000000  2.033901 0 1.000000
-3.518525  0.000000  1.020313 0 1.000000
 3.789672  0.000000  1.100038 0 1.000000
 1.111059  0.000000 -0.836274 0 1.000000
-0.925413  0.000000 -0.499640 0 1.000000
-2.439681  0.000000 -0.169020 0 1.000000
 0.517108  0.000000  1.914139 0 1.000000
-3.089738  0.000000  0.646171 0 1.000000
-1.436465  0.000000 -1.135784 0 1.000000
-3.491795  0.000000  0.730473 0 1.000000
-1.274005  0.000000 -1.937814 0 1.000000
 2.299182  0.000000 -0.959881 0 1.000000
 1.326796  0.000000  0.731329 0 1.000000
 4.105887  0.000000 -0.451772 0 1.000000
 2.108935  0.000000  1.987867 0 1.000000
 3.072037  0.000000  1.450645 0 1.000000
-3.811438  0.000000  1.104538 0 1.000000
 1.257619  0.000000  0.013742 0 1.000000
-0.381115  0.000000  1.994906 0 1.000000
 3.338808  0.000000  0.547500 0 1.000000
-3.215170  0.000000 -0.164567 0 1.000000
 4.505098  0.000000  0.214429 0 1.000000
-1.465352  0.000000  1.020272 0 1.000000
-2.829621  0.000000 -0.255020 0 1.000000
 1.678451  0.000000 -2.392658 0 1.000000
-0.326611  0.000000  0.714854 0 1.000000
 1.526750  0.000000 -0.124923 0 1.000000
-0.998268  0.000000  1.829215 0 1.000000
-0.683372  0.000000  1.358930 0 1.000000
-0.998858  0.000000 -0.974518 0 1.000000
 4.510689  0.000000  0.291401 0 1.000000
-1.981534  0.000000  1.824147 0 1.000000
 2.862360  0.000000  0.591124 0 1.000000
-2.900486  0.000000  0.311169 0 1.000000
-2.767208  0.000000  1.574651 0 1.000000
-0.800767  0.000000  0.724266 0 1.000000
-2.105783  0.000000  2.031167 0 1.000000
-4.261618  0.000000  1.148893 0 1.000000
-2.288277  0.000000 -0.677666 0 1.000000
-2.620812  0.000000 -0.203226 0 1.000000
 0.675980  0.000000  0.769082 0 1.000000
 4.787113  0.000000  0.053614 0 1.000000
-0.703897  0.000000  1.050761 0 1.000000
-0.925805  0.000000 -0.237547 0 1.000000
-0.025730  0.000000 -0.032728 0 1.000000
 3.297628  0.000000  1.525011 0 1.000000
-0.914232  0.000000  1.323148 0 1.000000
 3.353179  0.000000  0.944424 0 1.000000
 0.845163  0.000000 -0.045420 0 1.000000
 0.573108  0.000000 -1.422168 0 1.000000
-2.523528  0.000000  1.818899 0 1.000000
-0.123303  0.000000  0.973735 0 1.000000
 3.499307  0.000000  1.684308 0 1.000000
-3.107974  0.000000  1.564741 0 1.000000
-0.279200  0.000000 -0.701835 0 1.000000
-1.530664  0.000000  0.047669 0 1.000000
-2.606252  0.000000  0.293283 0 1.000000
 1.894517  0.000000  0.248445 0 1.000000
 0.794811  0.000000  2.232867 0 1.000000
-1.120460  0.000000  0.844481 0 1.000000
-1.685836  0.000000 -1.714998 0 1.000000
 0.357213  0.000000  1.395277 0 1.000000
-3.240253  0.000000  1.141824 0 1.000000
-0.218322  0.000000  0.122835 0 1.000000
 0.242140  0.000000 -1.174988 0 1.000000
-0.900465  0.000000  1.557834 0 1.000000
 2.676490  0.000000 -0.507563 0 1.000000
-3.985958  0.000000  0.886889 0 1.000000
-1.422307  0.000000 -1.853200 0 1.000000
 1.399274  0.000000 -1.262777 0 1.000000
 1.020285  0.000000  0.513363 0 1.000000
-0.029856  0.000000  0.297131 0 1.000000
-0.541099  0.000000 -1.256312 0 1.000000
 0.991279  0.000000 -0.033835 0 1.000000
 1.968154  0.000000 -0.708467 0 1.000000
 1.765361  0.000000  0.968672 0 1.000000
 0.791095  0.000000 -0.125829 0 1.000000
-0.482977  0.000000 -0.833547 0 1.000000
-1.327841  0.000000  0.095592 0 1.000000
 1.312023  0.000000 -1.771123 0 1.000000
-0.061073  0.000000  1.618546 0 1.000000
-2.760338  0.000000  0.375508 0 1.000000
 3.995859  0.000000 -0.332975 0 1.000000
 0.011545  0.000000  1.152905 0 1.000000
 0.843167  0.000000  2.238226 0 1.000000
-2.130356  0.000000  0.049316 0 1.000000
 1.334555  0.000000  0.296758 0 1.000000
 3.676688  0.000000  1.661608 0 1.000000
 0.683942  0.000000  0.339924 0 1.000000
-2.334825  0.000000 -1.267502 0 1.000000
 2.123840  0.000000 -0.296372 0 1.000000
 1.264000  0.000000 -0.252899 0 1.000000
-0.880605  0.000000  1.270575 0 1.000000
 0.850525  0.000000 -2.473252 0 1.000000
-1.780398  0.000000  1.050678 0 1.000000
-0.704549  0.000000 -1.137795 0 1.000000
-1.548087  0.000000 -0.719962 0 1.000000
 2.633081  0.000000  0.599765 0 1.000000
 3.960683  0.000000  0.632067 0 1.000000
 3.333962  0.000000  0.039632 0 1.000000
 0.308997  0.000000  1.237918 0 1.000000
 1.487736  0.000000  1.400949 0 1.000000
 0.059204  0.000000  0.221199 0 1.000000
-0.220694  0.000000  0.799594 0 1.000000
 4.491960  0.000000  0.817282 0 1.000000
 1.505900  0.000000  0.775466 0 1.000000
 4.165819  0.000000 -0.363427 0 1.000000
 2.974495  0.000000  2.028556 0 1.000000
-0.367159  0.000000  1.311606 0 1.000000
 3.388038  0.000000 -0.973619 0 1.000000
 1.220860  0.000000 -1.943853 0 1.000000
 1.282861  0.000000 -1.884912 0 1.000000
 0.253558  0.000000 -0.467493 0 1.000000
 0.241821  0.000000 -0.761399 0 1.000000
-1.963460  0.000000 -1.165963 0 1.000000
-3.470058  0.000000  0.183813 0 1.000000
-0.929999  0.000000 -0.922360 0 1.000000
 1.342726  0.000000 -2.568146 0 1.000000
 2.722394  0.000000  1.781078 0 1.000000
 3.479929  0.000000  0.298526 0 1.000000
 1.532146  0.000000  1.897911 0 1.000000
-0.974512  0.000000 -0.081245 0 1.000000
 0.601127  0.000000 -1.383479 0 1.000000
 1.318740  0.000000  0.183284 0 1.000000
-2.004932  0.000000  1.092308 0 1.000000
 0.086562  0.000000 -0.424947 0 1.000000
 1.350404  0.000000  0.004870 0 1.000000
 1.994325  0.000000  1.866997 0 1.000000
 3.640047  0.000000 -0.422513 0 1.000000
 1.705826  0.000000  2.124973 0 1.000000
-0.460121  0.000000 -1.553591 0 1.000000
 1.790075  0.000000 -2.020333 0 1.000000
 1.964604  0.000000  1.142351 0 1.000000
-1.128315  0.000000  0.002797 0 1.000000
-2.957942  0.000000  1.912817 0 1.000000
-4.273721  0.000000  0.635173 0 1.000000
 3.353127  0.000000  1.780776 0 1.000000
 0.650987  0.000000  2.404577 0 1.000000
-0.707898  0.000000  1.396532 0 1.000000
-4.093565  0.000000  0.594859 0 1.000000
 2.164327  0.000000  0.633831 0 1.000000
-2.328332  0.000000 -0.718156 0 1.000000
 0.057728  0.000000 -0.973228 0 1.000000
 1.192036  0.000000  2.160028 0 1.000000
 0.213492  0.000000 -1.479863 0 1.000000
-3.845960  0.000000  1.103716 0 1.000000
-0.130594  0.000000  1.229267 0 1.000000
 1.241602  0.000000 -1.732033 0 1.000000
 3.527074  0.000000  1.567630 0 1.000000
-2.685761  0.000000 -0.000145 0 1.000000
 1.450678  0.000000  0.336249 0 1.000000
 0.760160  0.000000 -0.452493 0 1.000000
-1.273198  0.000000  0.181976 0 1.000000
-0.081725  0.000000  2.153923 0 1.000000
-3.983513  0.000000  0.214148 0 1.000000
 2.804215  0.000000 -0.703588 0 1.000000
-3.532264  0.000000  1.568975 0 1.000000
 0.603790  0.000000 -1.221133 0 1.000000
 2.525313  0.000000  0.671285 0 1.000000
 0.864251  0.000000 -0.498707 0 1.000000
-1.245001  0.000000 -0.028482 0 1.000000
 0.935624  0.000000  1.402003 0 1.000000
 1.550583  0.000000 -1.001624 0 1.000000
-0.197955  0.000000  0.604182 0 1.000000
 0.357965  0.000000 -1.209798 0 1.000000
-0.835632  0.000000 -0.152603 0 1.000000
 1.876650  0.000000  0.376478 0 1.000000
 3.496834  0.000000 -0.077429 0 1.000000
 0.068302  0.000000 -0.889909 0 1.000000
-1.035171  0.000000  0.352011 0 1.000000
-2.218552  0.000000 -0.450634 0 1.000000
 0.646252  0.000000  2.319329 0 1.000000
 2.062428  0.000000  1.650780 0 1.000000
 1.174304  0.000000 -0.069666 0 1.000000
 0.282623  0.000000  0.005037 0 1.000000
 1.062757  0.000000  1.019018 0 1.000000
-1.664784  0.000000  1.023711 0 1.000000
 4.341645  0.000000  0.171875 0 1.000000
 3.322006  0.000000  0.462412 0 1.000000
-0.660962  0.000000 -0.119184 0 1.000000
-1.421565  0.000000 -0.406008 0 1.000000
 1.498518  0.000000 -2.275173 0 1.000000
 1.669951  0.000000  1.472201 0 1.000000
 0.683127  0.000000 -1.690735 0 1.000000
-2.110480  0.000000 -0.249543 0 1.000000
 1.442562  0.000000  2.077878 0 1.000000
 0.545468  0.000000  0.901115 0 1.000000
 1.972641  0.000000  0.969920 0 1.000000
-1.872565  0.000000 -0.467120 0 1.000000
-0.636123  0.000000  0.259446 0 1.000000
 3.837036  0.000000  0.942131 0 1.000000
 0.174465  0.000000  0.130273 0 1.000000
 3.973947  0.000000 -0.542660 0 1.000000
 3.507653  0.000000  1.521474 0 1.000000
-1.058440  0.000000 -1.042966 0 1.000000
 3.498662  0.000000  0.423121 0 1.000000
-1.986402  0.000000 -0.800202 0 1.000000
-3.564019  0.000000  1.195043 0 1.000000
-3.537833  0.000000  0.725773 0 1.000000
 0.976669  0.000000  0.009728 0 1.000000
-0.053559  0.000000  1.936298 0 1.000000
-4.071751  0.000000  1.564060 0 1.000000
 1.171914  0.000000  2.368456 0 1.000000
 0.448003  0.000000 -1.124389 0 1.000000
-1.423571  0.000000  1.193847 0 1.000000
-0.925172  0.000000  0.591934 0 1.000000
 2.799860  0.000000 -0.205060 0 1.000000
 4.558282  0.000000  1.066367 0 1.000000
 3.559310  0.000000  0.253754 0 1.000000
-2.566822  0.000000 -0.375867 0 1.000000
 0.262235  0.000000  0.311020 0 1.000000
-2.030399  0.000000 -1.467089 0 1.000000
 3.950867  0.000000  1.778621 0 1.000000
 1.722839  0.000000  0.297125 0 1.000000
 4.525734  0.000000  1.270139 0 1.000000
-0.339456  0.000000 -1.689384 0 1.000000
 2.701619  0.000000  2.153083 0 1.000000
 0.291195  0.000000  1.263408 0 1.000000
-0.305243  0.000000  2.123005 0 1.000000
 3.671278  0.000000 -0.622875 0 1.000000
-0.469920  0.000000  0.563983 0 1.000000
 0.699002  0.000000  0.459627 0 1.000000
-0.098944  0.000000  1.945815 0 1.000000
-4.102795  0.000000  0.428210 0 1.000000
 1.159685  0.000000 -2.430885 0 1.000000
 0.294956  0.000000 -1.683366 0 1.000000
 1.684382  0.000000  0.377959 0 1.000000
-3.273463  0.000000  1.441323 0 1.000000
 1.670777  0.000000  0.967518 0 1.000000
-4.047966  0.000000  0.256774 0 1.000000
-4.291073  0.000000  1.514746 0 1.000000
 0.491709  0.000000  1.602054 0 1.000000
-1.237874  0.000000  1.726585 0 1.000000
 0.487166  0.000000 -0.070348 0 1.000000
 4.750981  0.000000  0.225777 0 1.000000
-4.112707  0.000000  0.378427 0 1.000000
-1.042523  0.000000  0.646705 0 1.000000
-3.127745  0.000000  1.444560 0 1.000000
 2.359619  0.000000  0.470675 0 1.000000
 2.606517  0.000000  0.135788 0 1.000000
 1.314930  0.000000 -0.505728 0 1.000000
 4.277379  0.000000  1.024483 0 1.000000
 0.383416  0.000000  2.201721 0 1.000000
 2.256521  0.000000 -0.128132 0 1.000000
-0.412384  0.000000  0.048670 0 1.000000
 3.268639  0.000000  1.096829 0 1.000000
 0.003561  0.000000 -1.173057 0 1.000000
 1.552034  0.000000  0.507342 0 1.000000
-0.153964  0.000000 -0.590013 0 1.000000
 4.431053  0.000000  0.001639 0 1.000000
 2.093987  0.000000  0.691474 0 1.000000
 1.333060  0.000000 -1.891287 0 1.000000
 0.906590  0.000000 -1.299480 0 1.000000
-0.132403  0.000000  1.064787 0 1.000000
-0.589866  0.000000  2.029565 0 1.000000
 4.964168  0.000000  0.688356 0 1.000000
 0.950089  0.000000 -1.312449 0 1.000000
-0.823529  0.000000  0.014731 0 1.000000
-2.276477  0.000000  1.814262 0 1.000000
 2.570177  0.000000  1.433080 0 1.000000
-0.264866  0.000000  1.557516 0 1.000000
 1.385181  0.000000  1.058863 0 1.000000
 3.205134  0.000000 -0.505318 0 1.000000
 1.654710  0.000000 -2.195185 0 1.000000
 3.015526  0.000000 -0.592377 0 1.000000
 2.100065  0.000000  0.014836 0 1.000000
-1.834761  0.000000  0.648843 0 1.000000
 0.965312  0.000000  2.448087 0 1.000000
-2.229352  0.000000  0.890675 0 1.000000
 1.918796  0.000000  1.473889 0 1.000000
 3.381865  0.000000  1.239320 0 1.000000
 2.799150  0.000000  1.065987 0 1.000000
 2.878680  0.000000  1.864978 0 1.000000
 2.285404  0.000000  0.935313 0 1.000000
 0.799647  0.000000 -1.473813 0 1.000000
 2.060942  0.000000  0.048943 0 1.000000
-0.687169  0.000000  0.928772 0 1.000000
-1.081707  0.000000 -1.519484 0 1.000000
 4.162236  0.000000  0.973559 0 1.000000
 0.904288  0.000000  1.144473 0 1.000000
 3.670122  0.000000 -0.195198 0 1.000000
 2.374636  0.000000 -0.670559 0 1.000000
-1.816237  0.000000  0.081198 0 1.000000
 1.289305  0.000000  1.736863 0 1.000000
 4.527747  0.000000  0.672013 0 1.000000
 1.349814  0.000000 -1.594155 0 1.000000
 0.911854  0.000000  1.956721 0 1.000000
 3.823517  0.000000  0.804069 0 1.000000
 0.435120  0.000000  1.607771 0 1.000000
 2.031098  0.000000 -2.104193 0 1.000000
 1.594233  0.000000  2.459810 0 1.000000
 1.842311  0.000000  2.119381 0 1.000000
 0.580471  0.000000 -0.916975 0 1.000000
-2.952787  0.000000  0.807163 0 1.000000
 1.260467  0.000000 -0.913174 0 1.000000
 1.525952  0.000000 -1.468001 0 1.000000
 2.333967  0.000000  1.185879 0 1.000000
-1.872961  0.000000  1.136834 0 1.000000
-1.519757  0.000000  2.033642 0 1.000000
 1.327142  0.000000 -1.814806 0 1.000000
-3.655839  0.000000  1.098382 0 1.000000
-0.925839  0.000000 -0.579705 0 1.000000
 1.061661  0.000000 -0.762778 0 1.000000
 0.164342  0.000000  0.218699 0 1.000000
 0.354683  0.000000 -2.139346 0 1.000000
-1.388112  0.000000  0.050528 0 1.000000
 0.040740  0.000000  0.925331 0 1.000000
 0.605440  0.000000 -0.457487 0 1.000000
 0.703650  0.000000  1.403363 0 1.000000
-1.919147  0.000000  1.897007 0 1.000000
 3.374978  0.000000 -0.628775 0 1.000000
-2.145467  0.000000 -0.762283 0 1.000000
-3.703808  0.000000  1.267218 0 1.000000
-1.079550  0.000000  0.849768 0 1.000000
 1.436797  0.000000 -0.710609 0 1.000000
-4.127616  0.000000  0.972876 0 1.000000
-0.269341  0.000000  0.633110 0 1.000000
 2.212209  0.000000  0.211933 0 1.000000
-0.148803  0.000000  1.526387 0 1.000000
 2.812803  0.000000  1.022566 0 1.000000
 1.561723  0.000000  1.022208 0 1.000000
 1.672127  0.000000 -1.886426 0 1.000000
 1.520283  0.000000  0.970399 0 1.000000
-1.780870  0.000000  0.218623 0 1.000000
-0.963915  0.000000  1.982718 0 1.000000
-0.685744  0.000000 -0.754566 0 1.000000
-0.551031  0.000000  0.016570 0 1.000000
 0.904915  0.000000 -2.234308 0 1.000000
 0.618297  0.000000 -1.858908 0 1.000000
 3.726320  0.000000  1.396113 0 1.000000
-2.654337  0.000000  0.219655 0 1.000000
-3.234588  0.000000  0.639782 0 1.000000
-3.127347  0.000000  0.001172 0 1.000000
 0.113254  0.000000 -0.298851 0 1.000000
 1.742198  0.000000 -2.449074 0 1.000000
 2.099610  0.000000  0.607159 0 1.000000
-2.188213  0.000000 -0.239571 0 1.000000
 1.719394  0.000000  2.234924 0 1.000000
 1.213836  0.000000  0.599691 0 1.000000
 4.524412  0.000000  0.095285 0 1.000000
 2.497461  0.000000  0.968681 0 1.000000
-0.620346  0.000000  0.628984 0 1.000000
 2.111381  0.000000  1.303437 0 1.000000
-0.861034  0.000000 -1.130689 0 1.000000
 0.921603  0.000000 -1.178498 0 1.000000
 1.822662  0.000000 -0.876301 0 1.000000
 0.948515  0.000000 -1.982651 0 1.000000
 0.082204  0.000000  0.251429 0 1.000000
-2.421949  0.000000 -0.792473 0 1.000000
-1.416488  0.000000  1.278720 0 1.000000
-0.585155  0.000000  1.949455 0 1.000000
 3.805057  0.000000  1.691789 0 1.000000
 1.691293  0.000000 -1.184520 0 1.000000
 1.101728  0.000000 -0.046296 0 1.000000
-0.947679  0.000000 -1.561352 0 1.000000
 3.635292  0.000000 -0.209053 0 1.000000
 2.446113  0.000000 -0.636549 0 1.000000
-1.856836  0.000000  1.613757 0 1.000000
 1.499609  0.000000  0.850295 0 1.000000
-3.094724  0.000000 -0.208124 0 1.000000
 2.587463  0.000000  1.189121 0 1.000000
-0.459995  0.000000  1.321246 0 1.000000
 0.116838  0.000000  0.986662 0 1.000000
-1.122646  0.000000  1.683291 0 1.000000
 4.371522  0.000000  1.445352 0 1.000000
 0.304385  0.000000 -0.369146 0 1.000000
 2.445130  0.000000  0.730282 0 1.000000
 2.800875  0.000000 -0.876540 0 1.000000
 0.235153  0.000000 -1.684879 0 1.000000
 0.969967  0.000000  1.183944 0 1.000000
 2.742782  0.000000  1.899207 0 1.000000
 0.472472  0.000000 -0.996930 0 1.000000
-3.933944  0.000000  0.311756 0 1.000000
-3.401762  0.000000  1.732389 0 1.000000
-0.239411  0.000000  0.512099 0 1.000000
 1.112434  0.000000 -2.020378 0 1.000000
-0.928727  0.000000  2.031269 0 1.000000
-0.224695  0.000000 -0.367748 0 1.000000
 0.938321  0.000000  1.064551 0 1.000000
-1.607873  0.000000  0.853174 0 1.000000
-0.201559  0.000000  1.523855 0 1.000000
 1.623110  0.000000  0.902194 0 1.000000
 0.975907  0.000000  0.594524 0 1.000000
-1.534069  0.000000  0.395700 0 1.000000
-2.878386  0.000000 -0.242765 0 1.000000
 1.873591  0.000000  2.068613 0 1.000000
 0.683782  0.000000  0.932833 0 1.000000
 1.218206  0.000000 -2.525198 0 1.000000
 2.821494  0.000000  1.871588 0 1.000000
 3.648990  0.000000  1.280949 0 1.000000
 0.945308  0.000000  2.242355 0 1.000000
 4.502082  0.000000  1.485454 0 1.000000
 1.726103  0.000000  0.967357 0 1.000000
-3.336832  0.000000  1.234752 0 1.000000
-2.425986  0.000000 -0.957407 0 1.000000
-1.289496  0.000000 -0.119314 0 1.000000
 3.141309  0.000000  1.901766 0 1.000000
-1.199120  0.000000  0.561040 0 1.000000
-2.074512  0.000000 -0.704842 0 1.000000
-2.164913  0.000000  1.990045 0 1.000000
 0.184599  0.000000  0.177498 0 1.000000
 1.001023  0.000000 -0.206309 0 1.000000
 2.091104  0.000000  2.035464 0 1.000000
-3.906966  0.000000  1.020724 0 1.000000
-1.973825  0.000000  1.743409 0 1.000000
-0.268619  0.000000 -0.538480 0 1.000000
-1.051012  0.000000  0.043939 0 1.000000
-0.662859  0.000000  1.141919 0 1.000000
 3.683232  0.000000 -0.546357 0 1.000000
-0.450381  0.000000  2.125565 0 1.000000
 3.605262  0.000000 -0.669610 0 1.000000
-3.674070  0.000000  0.050917 0 1.000000
-1.255043  0.000000  1.148252 0 1.000000
-2.016948  0.000000 -1.381342 0 1.000000
-1.350953  0.000000  0.037693 0 1.000000
 0.279134  0.000000 -2.096359 0 1.000000
-2.495058  0.000000  1.366745 0 1.000000
 2.665817  0.000000 -0.836009 0 1.000000
-1.785104  0.000000  0.040079 0 1.000000
 0.408611  0.000000 -1.969644 0 1.000000
 0.241475  0.000000 -1.435231 0 1.000000
 1.146995  0.000000  1.987807 0 1.000000
-2.947123  0.000000  0.309324 0 1.000000
-2.458938  0.000000  0.139810 0 1.000000
 1.851143  0.000000  2.194902 0 1.000000
-1.061098  0.000000 -1.220159 0 1.000000
 1.549715  0.000000  1.274732 0 1.000000
 2.319820  0.000000  1.063896 0 1.000000
 2.771913  0.000000  1.776989 0 1.000000
-2.003001  0.000000  0.346601 0 1.000000
 1.484553  0.000000 -1.306030 0 1.000000
 2.550103  0.000000  2.327923 0 1.000000
 1.755664  0.000000  0.417806 0 1.000000
-0.354344  0.000000  0.349382 0 1.000000
 0.711688  0.000000 -0.212895 0 1.000000
 2.022535  0.000000  1.052192 0 1.000000
 3.112677  0.000000 -0.168418 0 1.000000
 2.598175  0.000000  2.242755 0 1.000000
 2.032889  0.000000  0.841417 0 1.000000
 2.845104  0.000000  0.554139 0 1.000000
 1.725839  0.000000 -0.879776 0 1.000000
 0.113441  0.000000 -0.798606 0 1.000000
-0.842492  0.000000 -0.746290 0 1.000000
-1.688825  0.000000  1.643096 0 1.000000
 1.889902  0.000000  0.518711 0 1.000000
-4.264510  0.000000  1.309001 0 1.000000
 1.383988  0.000000  2.153991 0 1.000000
 1.284598  0.000000  0.885796 0 1.000000
 1.632251  0.000000  2.252813 0 1.000000
 3.581637  0.000000  1.661103 0 1.000000
-1.780402  0.000000  0.392569 0 1.000000
 1.414638  0.000000 -0.414825 0 1.000000
 1.560184  0.000000  0.844924 0 1.000000
 4.788595  0.000000  1.237694 0 1.000000
 2.985593  0.000000  1.228101 0 1.000000
 1.629615  0.000000 -1.980170 0 1.000000
 2.649001  0.000000  1.643102 0 1.000000
-2.101005  0.000000 -1.267175 0 1.000000
-1.262253  0.000000 -1.759043 0 1.000000
 1.452313  0.000000 -1.013912 0 1.000000
 3.968355  0.000000  0.131591 0 1.000000
-2.727470  0.000000  0.847175 0 1.000000
 1.537816  0.000000  1.994955 0 1.000000
 2.689463  0.000000 -0.456145 0 1.000000
 1.246440  0.000000 -0.878244 0 1.000000
 2.187577  0.000000  2.120927 0 1.000000
 4.630875  0.000000  1.015148 0 1.000000
-2.252470  0.000000 -0.844812 0 1.000000
-3.161954  0.000000  1.446961 0 1.000000
-0.061269  0.000000 -1.087569 0 1.000000
-0.823977  0.000000 -1.178178 0 1.000000
-2.269542  0.000000  0.554274 0 1.000000
 3.646068  0.000000  1.693060 0 1.000000
-0.729237  0.000000 -0.084014 0 1.000000
 4.737468  0.000000  1.231836 0 1.000000
 2.107615  0.000000  1.406713 0 1.000000
 0.414620  0.000000 -1.643597 0 1.000000
-1.658514  0.000000 -0.914151 0 1.000000
 1.904877  0.000000 -1.600754 0 1.000000
-2.288661  0.000000 -1.170218 0 1.000000
 3.745279  0.000000 -0.326549 0 1.000000
-3.384487  0.000000  0.978350 0 1.000000
 3.469370  0.000000  1.902920 0 1.000000
 1.169939  0.000000 -0.333223 0 1.000000
 4.174519  0.000000  0.085473 0 1.000000
 0.427452  0.000000  0.588207 0 1.000000
-0.891970  0.000000 -0.405620 0 1.000000
 0.576355  0.000000  0.260402 0 1.000000
 3.610624  0.000000 -0.408237 0 1.000000
-1.385491  0.000000 -1.298365 0 1.000000
 2.569491  0.000000 -0.074509 0 1.000000
-0.635759  0.000000  0.170472 0 1.000000
 1.899675  0.000000  0.429435 0 1.000000
 0.997346  0.000000  2.239849 0 1.000000
 0.084950  0.000000 -1.084220 0 1.000000
 1.001256  0.000000  1.481040 0 1.000000
 0.914437  0.000000 -1.093099 0 1.000000
-1.223073  0.000000  1.775519 0 1.000000
 0.972817  0.000000 -1.760318 0 1.000000
 3.884102  0.000000  0.263929 0 1.000000
 2.683207  0.000000  0.598867 0 1.000000
-1.483754  0.000000 -0.460733 0 1.000000
 4.997574  0.000000  0.974601 0 1.000000
 3.658859  0.000000 -0.582248 0 1.000000
 1.765079  0.000000  1.142477 0 1.000000
 3.776006  0.000000  1.478675 0 1.000000
 1.316775  0.000000 -0.072214 0 1.000000
-0.828025  0.000000 -0.328151 0 1.000000
-0.681759  0.000000  1.190724 0 1.000000
 2.090187  0.000000 -1.845272 0 1.000000
 0.950781  0.000000 -0.626237 0 1.000000
 4.763911  0.000000  0.096094 0 1.000000
 2.016030  0.000000 -1.479994 0 1.000000
-0.428127  0.000000 -0.128992 0 1.000000
 0.701881  0.000000  1.220959 0 1.000000
 1.368157  0.000000  0.769810 0 1.000000
-1.568304  0.000000  0.680219 0 1.000000
-1.785367  0.000000  1.985333 0 1.000000
-0.475295  0.000000 -1.974625 0 1.000000
-2.056392  0.000000  1.346514 0 1.000000
-4.532460  0.000000  1.110850 0 1.000000
-3.309980  0.000000  0.087549 0 1.000000
 4.039352  0.000000  1.352236 0 1.000000
 2.530662  0.000000  1.028967 0 1.000000
-1.193840  0.000000 -1.887707 0 1.000000
 3.732168  0.000000  0.550258 0 1.000000
-3.845144  0.000000  1.689459 0 1.000000
-0.889591  0.000000  1.618209 0 1.000000
 1.494703  0.000000  1.025863 0 1.000000
-4.149145  0.000000  1.103421 0 1.000000
-1.074661  0.000000  1.437974 0 1.000000
 1.921396  0.000000  2.332966 0 1.000000
-0.501778  0.000000  1.434949 0 1.000000
-4.102615  0.000000  1.028934 0 1.000000
 0.962990  0.000000  1.693321 0 1.000000
-1.764531  0.000000  0.003488 0 1.000000
 4.029525  0.000000 -0.673302 0 1.000000
 0.409253  0.000000  0.126920 0 1.000000
 3.507088  0.000000 -0.918642 0 1.000000
-0.622783  0.000000 -1.733705 0 1.000000
 0.964426  0.000000 -0.834148 0 1.000000
 0.974661  0.000000  1.017839 0 1.000000
-2.218581  0.000000  1.819923 0 1.000000
-1.726307  0.000000 -0.876120 0 1.000000
-1.329914  0.000000  0.007755 0 1.000000
 2.066088  0.000000 -0.705516 0 1.000000
-3.483469  0.000000  1.486565 0 1.000000
 0.708716  0.000000 -0.025826 0 1.000000
 1.450267  0.000000 -2.350379 0 1.000000
 3.579922  0.000000  1.136020 0 1.000000
 1.093376  0.000000  1.997983 0 1.000000
-2.486920  0.000000  1.692137 0 1.000000
 0.136773  0.000000  1.188383 0 1.000000
 4.298187  0.000000  1.311652 0 1.000000
-0.319933  0.000000  2.148926 0 1.000000
 0.473541  0.000000  2.365054 0 1.000000
 2.207527  0.000000  0.130879 0 1.000000
 0.632221  0.000000  0.519554 0 1.000000
-1.984674  0.000000  0.806148 0 1.000000
 1.073185  0.000000 -1.256368 0 1.000000
 0.169431  0.000000 -1.463751 0 1.000000
 0.833292  0.000000 -0.592368 0 1.000000
-0.046633  0.000000 -1.438077 0 1.000000
-1.045468  0.000000 -0.202854 0 1.000000
 1.048554  0.000000 -0.213291 0 1.000000
 2.536579  0.000000  0.170478 0 1.000000
-0.560410  0.000000 -0.786897 0 1.000000
 2.507286  0.000000  1.830811 0 1.000000
 3.105571  0.000000 -0.330513 0 1.000000
-0.910747  0.000000 -0.712657 0 1.000000
-0.055835  0.000000 -1.350196 0 1.000000
-0.184101  0.000000  1.054197 0 1.000000
-0.005597  0.000000  1.519929 0 1.000000
-0.248901  0.000000 -2.018862 0 1.000000
-2.484016  0.000000 -0.575366 0 1.000000
 1.669233  0.000000  0.884485 0 1.000000
-2.711280  0.000000  1.225148 0 1.000000
-1.921355  0.000000 -1.394903 0 1.000000
 4.153144  0.000000  1.307126 0 1.000000
-2.616272  0.000000  0.133156 0 1.000000
-0.639673  0.000000  0.428742 0 1.000000
 1.684752  0.000000  0.548067 0 1.000000
-1.901264  0.000000 -1.673825 0 1.000000
-2.545496  0.000000 -0.325315 0 1.000000
-0.734369  0.000000  1.025918 0 1.000000
 0.028428  0.000000  0.804032 0 1.000000
-1.320376  0.000000 -0.499297 0 1.000000
-1.325528  0.000000  1.619074 0 1.000000
-1.631103  0.000000  0.635681 0 1.000000
 3.397228  0.000000  0.345776 0 1.000000
 3.744002  0.000000  1.281183 0 1.000000
-3.180976  0.000000  1.523751 0 1.000000
-1.661246  0.000000 -1.176052 0 1.000000
 4.138812  0.000000 -0.327926 0 1.000000
 1.091746  0.000000 -1.556568 0 1.000000
 2.062390  0.000000 -2.149857 0 1.000000
 2.070642  0.000000 -2.234882 0 1.000000
 2.371828  0.000000  1.012100 0 1.000000
 3.156642  0.000000  0.772019 0 1.000000
-0.298690  0.000000 -1.924431 0 1.000000
 1.905538  0.000000  0.591120 0 1.000000
 1.772087  0.000000  1.234702 0 1.000000
 1.474224  0.000000 -2.577568 0 1.000000
 1.360032  0.000000  2.543687 0 1.000000
-0.862003  0.000000 -0.212461 0 1.000000
 5.126044  0.000000  0.311867 0 1.000000
-3.100603  0.000000  1.233301 0 1.000000
 4.690162  0.000000  0.208777 0 1.000000
 2.311947  0.000000  0.555000 0 1.000000
 1.668585  0.000000 -1.730128 0 1.000000
-2.370392  0.000000  0.140083 0 1.000000
-3.415765  0.000000  1.515120 0 1.000000
-2.165565  0.000000  0.209669 0 1.000000
-1.644237  0.000000  0.980701 0 1.000000
 1.651291  0.000000 -1.926784 0 1.000000
-1.287500  0.000000  1.491794 0 1.000000
 2.284278  0.000000 -0.663563 0 1.000000
 1.304610  0.000000  2.532992 0 1.000000
-0.506219  0.000000 -1.886306 0 1.000000
-0.999068  0.000000  0.967733 0 1.000000
 0.466807  0.000000 -2.140993 0 1.000000
 3.183241  0.000000  0.813747 0 1.000000
 0.819446  0.000000  0.082939 0 1.000000
-0.107706  0.000000 -0.921192 0 1.000000
 1.440487  0.000000  1.309397 0 1.000000
 3.706737  0.000000  1.868080 0 1.000000
 2.428192  0.000000  2.374373 0 1.000000
 1.848637  0.000000  1.872441 0 1.000000
-0.877362  0.000000  0.518217 0 1.000000
 0.864167  0.000000  0.510667 0 1.000000
 2.090004  0.000000 -2.110462 0 1.000000
 3.595605  0.000000  0.253722 0 1.000000
-0.970876  0.000000  1.951763 0 1.000000
-2.634837  0.000000  0.510229 0 1.000000
 1.202740  0.000000  2.273780 0 1.000000
-1.957322  0.000000  0.422960 0 1.000000
 2.679207  0.000000  1.183752 0 1.000000
 0.344830  0.000000  2.210544 0 1.000000
 1.480489  0.000000  0.714185 0 1.000000
 4.212049  0.000000 -0.281628 0 1.000000
-2.743638  0.000000  1.852859 0 1.000000
-2.313939  0.000000  0.306158 0 1.000000
 4.770215  0.000000  0.601370 0 1.000000
-3.585756  0.000000  0.811692 0 1.000000
 0.937195  0.000000  0.806264 0 1.000000
 1.306935  0.000000  0.932125 0 1.000000
-0.378323  0.000000  0.551513 0 1.000000
 1.132090  0.000000  0.549264 0 1.000000
-0.585221  0.000000  0.432328 0 1.000000
 0.441192  0.000000 -1.334566 0 1.000000
 2.409266  0.000000 -0.044188 0 1.000000
 0.998206  0.000000  1.564359 0 1.000000
-1.489124  0.000000 -0.032136 0 1.000000
-3.049813  0.000000  0.057176 0 1.000000
 1.210791  0.000000 -0.919858 0 1.000000
 0.936347  0.000000  1.137266 0 1.000000
 3.821626  0.000000 -0.621053 0 1.000000
-0.513348  0.000000  1.995447 0 1.000000
 0.881714  0.000000  2.286513 0 1.000000
 1.743572  0.000000 -0.412508 0 1.000000
 1.498784  0.000000  1.852768 0 1.000000
-2.402398  0.000000 -0.329358 0 1.000000
 0.240119  0.000000  1.018560 0 1.000000
 0.369551  0.000000 -0.625428 0 1.000000
-1.564111  0.000000 -0.328705 0 1.000000
 3.663069  0.000000 -0.032028 0 1.000000
-2.446376  0.000000  0.096826 0 1.000000
-1.863024  0.000000  0.097208 0 1.000000
-0.395194  0.000000  1.859041 0 1.000000
 1.934953  0.000000  2.126093 0 1.000000
-0.694103  0.000000  0.843458 0 1.000000
-1.701121  0.000000  1.686544 0 1.000000
-1.798439  0.000000 -0.920662 0 1.000000
-0.294562  0.000000 -2.093377 0 1.000000
 3.306923  0.000000  0.437488 0 1.000000
 1.837068  0.000000 -0.331814 0 1.000000
 1.252314  0.000000 -2.181481 0 1.000000
 2.361317  0.000000  0.304053 0 1.000000
-1.881640  0.000000  2.066325 0 1.000000
 4.863162  0.000000  0.690937 0 1.000000
 1.580688  0.000000 -1.556398 0 1.000000
 4.913975  0.000000  0.346598 0 1.000000
 1.210279  0.000000  0.347547 0 1.000000
-2.346392  0.000000 -1.335759 0 1.000000
-2.326629  0.000000 -1.382347 0 1.000000
-3.005720  0.000000 -0.035992 0 1.000000
-0.034006  0.000000  0.648179 0 1.000000
 0.120251  0.000000 -1.057694 0 1.000000
 2.333021  0.000000 -0.751789 0 1.000000
-0.322439  0.000000  1.906663 0 1.000000
-1.253341  0.000000 -0.214056 0 1.000000
-3.499042  0.000000  1.744516 0 1.000000
-2.821555  0.000000  0.249881 0 1.000000
 0.629108  0.000000  0.174607 0 1.000000
-1.014073  0.000000 -0.536207 0 1.000000
 3.944627  0.000000  0.504144 0 1.000000
-1.213510  0.000000  1.863055 0 1.000000
 2.461250  0.000000 -0.449244 0 1.000000
 0.637117  0.000000 -2.450171 0 1.000000
-3.883660  0.000000  0.986598 0 1.000000
-2.289233  0.000000  1.094408 0 1.000000
 3.413111  0.000000  0.435814 0 1.000000
-2.922562  0.000000  0.421756 0 1.000000
 3.290378  0.000000  1.474558 0 1.000000
 2.046089  0.000000  1.279554 0 1.000000
-4.040150  0.000000  0.757643 0 1.000000
-3.098963  0.000000  0.226983 0 1.000000
 3.969950  0.000000  0.901697 0 1.000000
 1.105739  0.000000  0.586621 0 1.000000
 2.828611  0.000000  1.357658 0 1.000000
 0.876015  0.000000  1.694355 0 1.000000
-1.744033  0.000000 -0.459281 0 1.000000
-1.092587  0.000000 -1.394500 0 1.000000
 2.623075  0.000000 -0.170171 0 1.000000
 1.037106  0.000000 -1.804449 0 1.000000
-2.706975  0.000000  1.906974 0 1.000000
-0.569255  0.000000 -2.135479 0 1.000000
-3.845518  0.000000  0.860070 0 1.000000
 4.550236  0.000000 -0.366438 0 1.000000
 1.217565  0.000000 -2.024037 0 1.000000
 2.698691  0.000000  1.060898 0 1.000000
 2.925501  0.000000 -0.161210 0 1.000000
-1.268763  0.000000  1.015113 0 1.000000
 0.952926  0.000000 -1.386428 0 1.000000
-0.149736  0.000000 -1.518846 0 1.000000
 4.542204  0.000000  0.387153 0 1.000000
 0.475432  0.000000 -0.420493 0 1.000000
 1.188871  0.000000 -1.122871 0 1.000000
-2.006718  0.000000  1.953493 0 1.000000
 4.064547  0.000000  0.646655 0 1.000000
-2.086106  0.000000  0.207599 0 1.000000
 3.811051  0.000000  0.632844 0 1.000000
 2.952706  0.000000  1.399967 0 1.000000
-1.691960  0.000000  1.473978 0 1.000000
 0.700757  0.000000  1.485009 0 1.000000
-2.348438  0.000000  1.361479 0 1.000000
 0.705956  0.000000  1.149439 0 1.000000
-0.545373  0.000000 -2.111655 0 1.000000
 3.218450  0.000000  1.854003 0 1.000000
 2.924387  0.000000  0.755253 0 1.000000
 2.972560  0.000000 -0.168404 0 1.000000
 1.459321  0.000000 -1.096347 0 1.000000
 2.280231  0.000000  2.038517 0 1.000000
 3.749862  0.000000 -0.763942 0 1.000000
-0.270057  0.000000 -0.786236 0 1.000000
-1.853243  0.000000 -0.755640 0 1.000000
 3.956775  0.000000 -0.026399 0 1.000000
-3.660991  0.000000  0.591674 0 1.000000
-0.762687  0.000000  1.557670 0 1.000000
-2.121436  0.000000  0.986281 0 1.000000
 3.840497  0.000000 -0.425786 0 1.000000
 3.202557  0.000000  0.432344 0 1.000000
-1.377810  0.000000  0.098906 0 1.000000
 4.324775  0.000000  1.110815 0 1.000000
-2.030308  0.000000 -1.132894 0 1.000000
-3.563785  0.000000  1.281213 0 1.000000
-2.130933  0.000000  1.997185 0 1.000000
 2.119321  0.000000 -1.129421 0 1.000000
-0.536579  0.000000  0.436193 0 1.000000
 0.696129  0.000000 -1.222723 0 1.000000
-0.994776  0.000000  0.900968 0 1.000000
-1.619894  0.000000  0.173162 0 1.000000
 1.860846  0.000000  0.053598 0 1.000000
 4.011387  0.000000  1.644329 0 1.000000
 0.175105  0.000000 -2.234589 0 1.000000
 2.556272  0.000000 -1.129502 0 1.000000
 2.104914  0.000000 -1.388450 0 1.000000
-1.252382  0.000000 -0.459881 0 1.000000
-0.697484  0.000000  1.868404 0 1.000000
 3.785217  0.000000  0.590945 0 1.000000
-0.786131  0.000000  1.101706 0 1.000000
-0.227085  0.000000  0.051560 0 1.000000
 4.338844  0.000000  0.597339 0 1.000000
 0.832558  0.000000 -2.364872 0 1.000000
 4.763978  0.000000  0.268053 0 1.000000
 3.010232  0.000000  0.595289 0 1.000000
 3.224325  0.000000 -0.030716 0 1.000000
-1.603732  0.000000  1.948533 0 1.000000
 1.865318  0.000000 -2.155197 0 1.000000
 0.954618  0.000000  1.661951 0 1.000000
 2.431225  0.000000  0.098361 0 1.000000
 1.922140  0.000000  1.909534 0 1.000000
 1.999614  0.000000  2.117938 0 1.000000
 3.898779  0.000000  1.197806 0 1.000000
-2.798699  0.000000 -0.122164 0 1.000000
-2.293950  0.000000  0.516786 0 1.000000
 2.414952  0.000000  1.988852 0 1.000000
-0.371095  0.000000  0.985259 0 1.000000
-2.229496  0.000000 -1.310531 0 1.000000
-2.242705  0.000000  0.501493 0 1.000000
-0.839522  0.000000  1.440052 0 1.000000
-2.457664  0.000000  1.137008 0 1.000000
-0.390571  0.000000 -2.101419 0 1.000000
-4.448517  0.000000  1.180517 0 1.000000
 1.968642  0.000000  1.070312 0 1.000000
 0.167628  0.000000  1.905544 0 1.000000
 2.698340  0.000000  1.994804 0 1.000000
-0.610877  0.000000 -0.031296 0 1.000000
 3.678948  0.000000  0.212780 0 1.000000
-0.462374  0.000000 -2.069859 0 1.000000
 0.436558  0.000000  0.513086 0 1.000000
 2.426091  0.000000  2.111301 0 1.000000
 2.660320  0.000000  2.241267 0 1.000000
 2.411242  0.000000  1.405047 0 1.000000
-0.986647  0.000000  0.519378 0 1.000000
 0.158744  0.000000 -0.203354 0 1.000000
-0.863009  0.000000  0.218410 0 1.000000
 3.351342  0.000000  1.948032 0 1.000000
-0.557273  0.000000  0.811421 0 1.000000
-1.554361  0.000000  0.923554 0 1.000000
 1.296654  0.000000  0.972622 0 1.000000
 0.549729  0.000000 -2.485352 0 1.000000
-1.987039  0.000000 -0.117403 0 1.000000
 4.848313  0.000000  0.048426 0 1.000000
-1.532503  0.000000  1.149425 0 1.000000
-1.791816  0.000000 -1.133101 0 1.000000
-4.162022  0.000000  1.069345 0 1.000000
 2.080203  0.000000 -1.000320 0 1.000000
 1.846119  0.000000  0.429307 0 1.000000
 1.621740  0.000000  1.400050 0 1.000000
 0.628853  0.000000  2.113025 0 1.000000
-2.532002  0.000000  1.437081 0 1.000000
-1.538767  0.000000  1.228204 0 1.000000
 1.234828  0.000000 -2.406919 0 1.000000
 1.408006  0.000000  2.189890 0 1.000000
 2.459154  0.000000 -1.054065 0 1.000000
 2.330023  0.000000  1.609345 0 1.000000
 0.206842  0.000000 -2.155924 0 1.000000
 1.238630  0.000000  2.234733 0 1.000000
 0.559175  0.000000  1.994205 0 1.000000
 0.921360  0.000000 -0.584833 0 1.000000
 2.380867  0.000000  1.701954 0 1.000000
-2.171458  0.000000 -1.472310 0 1.000000
-2.759300  0.000000  0.814115 0 1.000000
-1.377728  0.000000  0.256462 0 1.000000
-0.131217  0.000000  1.145340 0 1.000000
-3.325768  0.000000  0.772230 0 1.000000
-2.913141  0.000000  0.882471 0 1.000000
 2.119618  0.000000  0.043881 0 1.000000
 1.327891  0.000000  1.829133 0 1.000000
 1.630881  0.000000  1.575508 0 1.000000
-0.005366  0.000000  0.846805 0 1.000000
 1.923654  0.000000  0.972900 0 1.000000
 4.730726  0.000000  1.027418 0 1.000000
 1.301615  0.000000  1.862805 0 1.000000
 2.210714  0.000000  1.643674 0 1.000000
 0.727823  0.000000 -0.341905 0 1.000000
 1.524003  0.000000  0.207512 0 1.000000
 2.097167  0.000000 -0.156832 0 1.000000
-2.929166  0.000000  0.849861 0 1.000000
-2.313054  0.000000 -1.136513 0 1.000000
 4.800547  0.000000  0.895044 0 1.000000
 1.426345  0.000000  1.137943 0 1.000000
 3.885456  0.000000 -0.418233 0 1.000000
 2.138634  0.000000  1.264504 0 1.000000
-1.545571  0.000000 -1.130001 0 1.000000
 2.225464  0.000000  0.173260 0 1.000000
 3.774292  0.000000 -0.801966 0 1.000000
 4.058778  0.000000  1.486952 0 1.000000
 3.687867  0.000000  1.266905 0 1.000000
-3.248709  0.000000  0.142178 0 1.000000
-2.822366  0.000000  1.354721 0 1.000000
 1.851587  0.000000  2.032477 0 1.000000
 2.023214  0.000000 -1.818759 0 1.000000
 2.390228  0.000000 -1.016021 0 1.000000
 3.721247  0.000000 -0.028758 0 1.000000
-0.703061  0.000000 -1.045937 0 1.000000
 1.673160  0.000000 -1.309559 0 1.000000
-0.571121  0.000000 -1.046692 0 1.000000
 3.805148  0.000000  1.534788 0 1.000000
 0.743962  0.000000  0.811811 0 1.000000
-2.556912  0.000000 -0.027930 0 1.000000
 0.820483  0.000000 -0.167205 0 1.000000
-4.112786  0.000000  1.065246 0 1.000000
 3.067009  0.000000  1.787512 0 1.000000
 0.843759  0.000000 -0.548085 0 1.000000
-3.966371  0.000000  0.394497 0 1.000000
-0.240062  0.000000 -1.267147 0 1.000000
 3.140988  0.000000  0.467161 0 1.000000
-2.579233  0.000000  0.858670 0 1.000000
 1.969032  0.000000 -0.042119 0 1.000000
-1.420004  0.000000  0.258041 0 1.000000
-2.094310  0.000000 -0.846434 0 1.000000
 3.366800  0.000000  1.683431 0 1.000000
 1.237145  0.000000 -1.900949 0 1.000000
-1.711954  0.000000  0.005332 0 1.000000
-0.546458  0.000000  1.776830 0 1.000000
 1.973685  0.000000  2.413317 0 1.000000
-2.433796  0.000000  0.349665 0 1.000000
-3.737034  0.000000  0.729624 0 1.000000
 1.048773  0.000000 -0.117825 0 1.000000
 1.845666  0.000000 -1.678830 0 1.000000
 0.704971  0.000000 -0.701699 0 1.000000
-2.236180  0.000000  1.780050 0 1.000000
 4.190212  0.000000 -0.074548 0 1.000000
-2.881731  0.000000  1.867419 0 1.000000
 4.580278  0.000000  0.091329 0 1.000000
-1.155531  0.000000 -0.627315 0 1.000000
 1.266343  0.000000 -0.328951 0 1.000000
-2.107150  0.000000 -0.666236 0 1.000000
 0.963669  0.000000 -0.675128 0 1.000000
-1.618505  0.000000  1.365630 0 1.000000
 0.710265  0.000000  2.402572 0 1.000000
 0.565967  0.000000  0.560002 0 1.000000
 0.816407  0.000000  0.010242 0 1.000000
 3.371809  0.000000  1.155670 0 1.000000
 0.939454  0.000000  2.417281 0 1.000000
-1.984537  0.000000  1.232778 0 1.000000
 2.068639  0.000000  0.731940 0 1.000000
-2.528971  0.000000  0.166353 0 1.000000
 0.434993  0.000000 -1.254647 0 1.000000
 2.186574  0.000000  1.858246 0 1.000000
-3.975533  0.000000  0.646457 0 1.000000
 1.331986  0.000000 -0.122692 0 1.000000
-1.906276  0.000000  0.004997 0 1.000000
 1.864081  0.000000  1.475285 0 1.000000
 0.173970  0.000000  2.165446 0 1.000000
 1.511672  0.000000 -1.857269 0 1.000000
 3.081597  0.000000  0.385136 0 1.000000
 0.308428  0.000000  1.653557 0 1.000000
 1.900278  0.000000 -2.365141 0 1.000000
 0.646871  0.000000  2.161859 0 1.000000
 1.287023  0.000000 -1.221589 0 1.000000
-3.739451  0.000000  1.152204 0 1.000000
 2.944494  0.000000  1.150562 0 1.000000
 4.403419  0.000000  1.569510 0 1.000000
 1.003714  0.000000  0.809853 0 1.000000
-2.254282  0.000000  1.951029 0 1.000000
 0.777883  0.000000 -1.925380 0 1.000000
 1.652737  0.000000  1.111713 0 1.000000
 0.417602  0.000000 -1.127959 0 1.000000
-2.450851  0.000000  1.013110 0 1.000000
 1.134995  0.000000 -1.548101 0 1.000000
 2.796185  0.000000  0.302051 0 1.000000
-2.369995  0.000000 -0.121024 0 1.000000
 0.231980  0.000000  1.952384 0 1.000000
 1.561947  0.000000 -2.178280 0 1.000000
 1.423199  0.000000 -2.404499 0 1.000000
-0.428253  0.000000 -1.132704 0 1.000000
-0.319742  0.000000  0.554360 0 1.000000
-1.909365  0.000000 -1.601555 0 1.000000
 2.814049  0.000000 -0.244339 0 1.000000
 0.291526  0.000000 -0.759568 0 1.000000
 1.839060  0.000000  2.285698 0 1.000000
-1.568725  0.000000 -0.920045 0 1.000000
 0.631800  0.000000 -0.670533 0 1.000000
-0.564687  0.000000  1.825104 0 1.000000
 4.869279  0.000000  0.860139 0 1.000000
 3.462817  0.000000 -0.069373 0 1.000000
-2.505286  0.000000 -1.043907 0 1.000000
-1.394115  0.000000  0.635991 0 1.000000
 1.474682  0.000000 -1.211539 0 1.000000
-0.890410  0.000000 -0.162572 0 1.000000
-3.456649  0.000000  1.098469 0 1.000000
 0.887237  0.000000 -0.208720 0 1.000000
-1.855325  0.000000 -1.257185 0 1.000000
 2.021738  0.000000 -0.466594 0 1.000000
-3.443844  0.000000  1.474524 0 1.000000
 1.214876  0.000000  0.182020 0 1.000000
-4.575196  0.000000  0.850439 0 1.000000
 1.425169  0.000000  0.127063 0 1.000000
 1.865283  0.000000  2.418902 0 1.000000
 4.351424  0.000000  0.817565 0 1.000000
-1.053906  0.000000  0.975651 0 1.000000
 0.575530  0.000000 -2.103678 0 1.000000
 2.342771  0.000000  0.688117 0 1.000000
 0.302954  0.000000  0.634348 0 1.000000
 4.229136  0.000000  1.282089 0 1.000000
 0.058695  0.000000 -1.884524 0 1.000000
 0.399620  0.000000  1.059367 0 1.000000
 1.913011  0.000000 -0.125079 0 1.000000
-0.233162  0.000000  0.729918 0 1.000000
 0.706738  0.000000 -1.883333 0 1.000000
-4.162343  0.000000  1.239752 0 1.000000
 1.008411  0.000000 -0.088749 0 1.000000
-1.695491  0.000000  0.724827 0 1.000000
 0.652281  0.000000  1.734168 0 1.000000
 1.169489  0.000000  2.020824 0 1.000000
-0.283043  0.000000 -1.646553 0 1.000000
 0.558579  0.000000  1.148992 0 1.000000
-2.157632  0.000000 -0.088428 0 1.000000
 1.462073  0.000000  1.098016 0 1.000000
-3.391630  0.000000  0.886037 0 1.000000
 2.221030  0.000000  1.746515 0 1.000000
-2.716622  0.000000  0.209438 0 1.000000
-3.411484  0.000000  0.509802 0 1.000000
 1.990950  0.000000  0.508448 0 1.000000
 1.281272  0.000000  1.407885 0 1.000000
 3.653071  0.000000 -0.836607 0 1.000000
 4.259620  0.000000  0.122714 0 1.000000
-2.291448  0.000000 -1.097271 0 1.000000
-3.627665  0.000000  0.473133 0 1.000000
-0.744210  0.000000  0.678356 0 1.000000
 1.244038  0.000000  0.635127 0 1.000000
-1.953217  0.000000  0.942811 0 1.000000
 4.136830  0.000000  0.601898 0 1.000000
 0.614369  0.000000  1.653093 0 1.000000
 1.043298  0.000000  0.553966 0 1.000000
 4.809599  0.000000  1.015668 0 1.000000
 1.239166  0.000000 -0.026975 0 1.000000
-2.246401  0.000000  0.096880 0 1.000000
 1.991444  0.000000 -1.350809 0 1.000000
 2.329904  0.000000  0.255422 0 1.000000
 3.396529  0.000000  1.436496 0 1.000000
 1.158922  0.000000 -0.912211 0 1.000000
 3.020384  0.000000  0.431803 0 1.000000
 1.126225  0.000000  0.518947 0 1.000000
-1.107956  0.000000 -0.630330 0 1.000000
 2.134923  0.000000  2.041479 0 1.000000
 3.220116  0.000000  0.847313 0 1.000000
 4.650850  0.000000 -0.037728 0 1.000000
-1.882403  0.000000  1.314673 0 1.000000
 3.423221  0.000000  0.726810 0 1.000000
 0.681183  0.000000  1.615035 0 1.000000
 1.105985  0.000000  1.515767 0 1.000000
 4.726784  0.000000  0.501643 0 1.000000
 0.135406  0.000000  0.426770 0 1.000000
-0.562606  0.000000 -0.972297 0 1.000000
 2.593839  0.000000 -0.889363 0 1.000000
 1.971186  0.000000  0.041035 0 1.000000
 0.241230  0.000000  0.255693 0 1.000000
-1.513838  0.000000  0.332702 0 1.000000
 0.188015  0.000000 -0.594926 0 1.000000
-2.336725  0.000000  0.859928 0 1.000000
-1.326190  0.000000 -1.848524 0 1.000000
 1.403645  0.000000  2.529783 0 1.000000
 0.049253  0.000000  1.611573 0 1.000000
 1.333661  0.000000 -2.143975 0 1.000000
 1.241031  0.000000 -0.194945 0 1.000000
-2.167100  0.000000 -0.959667 0 1.000000
 1.778249  0.000000 -0.383994 0 1.000000
-4.103197  0.000000  0.773555 0 1.000000
-3.741796  0.000000  1.222051 0 1.000000
 4.738464  0.000000  0.550210 0 1.000000
-1.025820  0.000000  0.929426 0 1.000000
 1.279540  0.000000  0.810285 0 1.000000
-1.834413  0.000000 -1.127863 0 1.000000
-2.558726  0.000000  0.050348 0 1.000000
 4.190557  0.000000  0.760433 0 1.000000
 0.541095  0.000000 -1.773140 0 1.000000
 4.265209  0.000000  0.055154 0 1.000000
-3.439931  0.000000  1.741121 0 1.000000
 1.912110  0.000000 -1.299438 0 1.000000
 0.631169  0.000000 -0.921398 0 1.000000
-3.348066  0.000000  1.828223 0 1.000000
 1.901723  0.000000 -1.172389 0 1.000000
 2.244652  0.000000  1.360826 0 1.000000
-1.171199  0.000000  0.170372 0 1.000000
 3.792482  0.000000 -0.836935 0 1.000000
 0.504518  0.000000 -0.887014 0 1.000000
 1.048743  0.000000 -1.900524 0 1.000000
-3.725735  0.000000  0.050913 0 1.000000
-0.547257  0.000000  0.843706 0 1.000000
-3.336847  0.000000  0.300525 0 1.000000
 4.114541  0.000000  0.811338 0 1.000000
 0.306201  0.000000  0.982164 0 1.000000
 4.119009  0.000000 -0.215361 0 1.000000
 0.019013  0.000000 -1.389875 0 1.000000
-4.000347  0.000000  1.685065 0 1.000000
-1.494984  0.000000  1.408440 0 1.000000
-0.908677  0.000000  0.391751 0 1.000000
-0.635766  0.000000  2.040593 0 1.000000
 3.597567  0.000000  0.005074 0 1.000000
-3.375530  0.000000  1.365755 0 1.000000
-0.304688  0.000000  1.109770 0 1.000000
 2.014965  0.000000  1.141130 0 1.000000
-2.313666  0.000000 -0.538046 0 1.000000
 1.866074  0.000000 -1.056219 0 1.000000
 1.730505  0.000000  0.135911 0 1.000000
 0.625904  0.000000  0.857479 0 1.000000
 2.017261  0.000000  2.492208 0 1.000000
-0.030954  0.000000 -1.475526 0 1.000000
-1.642095  0.000000  1.909200 0 1.000000
 0.871396  0.000000 -1.016216 0 1.000000
-1.079133  0.000000 -0.507683 0 1.000000
 3.696640  0.000000 -0.325249 0 1.000000
-1.981872  0.000000  1.571321 0 1.000000
-4.542907  0.000000  0.923529 0 1.000000
-2.611718  0.000000 -0.373988 0 1.000000
 0.706107  0.000000  0.547134 0 1.000000
-1.076146  0.000000 -0.255867 0 1.000000
 3.217632  0.000000  1.431515 0 1.000000
 0.060004  0.000000 -2.241013 0 1.000000
-2.791260  0.000000  1.619453 0 1.000000
 0.218776  0.000000 -1.292522 0 1.000000
-0.849607  0.000000  0.383034 0 1.000000
-1.157175  0.000000 -0.885876 0 1.000000
-3.954482  0.000000  0.853378 0 1.000000
 1.231400  0.000000 -2.155650 0 1.000000
 3.237681  0.000000 -0.804675 0 1.000000
 3.934680  0.000000 -0.424237 0 1.000000
-0.402951  0.000000 -0.669835 0 1.000000
-0.032377  0.000000  1.398661 0 1.000000
-3.587025  0.000000  1.809609 0 1.000000
-1.517471  0.000000  0.518281 0 1.000000
 2.493979  0.000000  1.229009 0 1.000000
 1.570007  0.000000 -2.403364 0 1.000000
 0.039037  0.000000  1.020361 0 1.000000
-0.656102  0.000000  1.485186 0 1.000000
-4.568626  0.000000  1.066708 0 1.000000
-1.152272  0.000000  1.491192 0 1.000000
 1.351759  0.000000 -2.025052 0 1.000000
-2.261334  0.000000  0.645607 0 1.000000
-0.193275  0.000000  1.700777 0 1.000000
-2.493015  0.000000  1.779963 0 1.000000
 0.921578  0.000000  1.609635 0 1.000000
-0.127411  0.000000  1.732122 0 1.000000
 2.090077  0.000000 -0.494366 0 1.000000
 0.691027  0.000000 -0.111026 0 1.000000
 4.456354  0.000000 -0.462594 0 1.000000
 1.510989  0.000000  2.196291 0 1.000000
-0.630077  0.000000 -0.073279 0 1.000000
 0.035835  0.000000 -0.085547 0 1.000000
-3.833814  0.000000  0.124501 0 1.000000
-3.364104  0.000000  0.259329 0 1.000000
-1.177752  0.000000  1.197790 0 1.000000
 2.715624  0.000000 -0.159174 0 1.000000
 0.332686  0.000000  1.268813 0 1.000000
 3.259484  0.000000  0.179088 0 1.000000
-1.125319  0.000000 -1.523326 0 1.000000
 1.157320  0.000000 -2.535353 0 1.000000
-0.594747  0.000000  0.604743 0 1.000000
 1.719288  0.000000  2.162500 0 1.000000
-0.336422  0.000000 -1.346748 0 1.000000
-1.348015  0.000000  1.811266 0 1.000000
 1.681402  0.000000  2.406028 0 1.000000
 2.500481  0.000000  0.640569 0 1.000000
 2.207230  0.000000  2.074179 0 1.000000
-3.271943  0.000000  1.698684 0 1.000000
-1.433425  0.000000  0.715981 0 1.000000
 1.830055  0.000000 -0.127181 0 1.000000
 1.636632  0.000000 -1.384178 0 1.000000
 0.203866  0.000000  0.796962 0 1.000000
-1.545924  0.000000  0.884646 0 1.000000
 0.221945  0.000000 -1.126688 0 1.000000
-0.307297  0.000000 -0.677534 0 1.000000
-1.817028  0.000000 -0.164936 0 1.000000
 1.016170  0.000000  1.696858 0 1.000000
 1.604255  0.000000  0.940341 0 1.000000
-1.337551  0.000000  1.141286 0 1.000000
 4.115909  0.000000  0.306681 0 1.000000
 1.793830  0.000000 -1.343749 0 1.000000
 2.726713  0.000000 -0.326063 0 1.000000
-3.974948  0.000000  1.141484 0 1.000000
-4.201414  0.000000  0.680099 0 1.000000
-1.053726  0.000000  1.822953 0 1.000000
-0.240409  0.000000 -0.588744 0 1.000000
 1.426074  0.000000 -1.129790 0 1.000000
 3.008651  0.000000  1.443667 0 1.000000
-1.740490  0.000000  1.992978 0 1.000000
 0.074813  0.000000 -0.546592 0 1.000000
-2.751810  0.000000  0.637285 0 1.000000
-1.481946  0.000000  0.551280 0 1.000000
 1.161853  0.000000 -2.265078 0 1.000000
 4.463335  0.000000  0.972270 0 1.000000
-0.793065  0.000000 -0.999059 0 1.000000
 3.730585  0.000000 -0.382426 0 1.000000
 0.663041  0.000000 -0.803606 0 1.000000
 1.604833  0.000000 -2.096005 0 1.000000
 1.440332  0.000000 -1.214783 0 1.000000
 1.416074  0.000000 -0.745541 0 1.000000
-1.622362  0.000000  0.353581 0 1.000000
 1.056593  0.000000 -1.846855 0 1.000000
 3.727063  0.000000  0.889491 0 1.000000
-0.120609  0.000000  0.897516 0 1.000000
 0.341164  0.000000  1.610697 0 1.000000
-1.951749  0.000000  1.352792 0 1.000000
-2.079324  0.000000  0.298943 0 1.000000
-0.225371  0.000000 -2.148221 0 1.000000
 3.165937  0.000000  1.101407 0 1.000000
-1.305495  0.000000  1.993480 0 1.000000
-1.116870  0.000000  1.012486 0 1.000000
 4.252568  0.000000 -0.286025 0 1.000000
-2.193169  0.000000 -1.427260 0 1.000000
-0.460243  0.000000  0.463969 0 1.000000
 1.458715  0.000000  1.523325 0 1.000000
 0.619947  0.000000  2.284959 0 1.000000
 0.151085  0.000000 -0.754881 0 1.000000
-3.472692  0.000000  1.348034 0 1.000000
 0.037325  0.000000 -2.268234 0 1.000000
 2.352525  0.000000  0.971244 0 1.000000
 0.026531  0.000000  0.142130 0 1.000000
 4.157146  0.000000 -0.036752 0 1.000000
-1.826223  0.000000  0.216527 0 1.000000
-1.395439  0.000000 -0.450074 0 1.000000
 1.007818  0.000000  1.023919 0 1.000000
 2.892786  0.000000  1.482872 0 1.000000
 4.274892  0.000000  0.504638 0 1.000000
-0.272964  0.000000 -0.209350 0 1.000000
 2.141959  0.000000  1.027909 0 1.000000
-1.367844  0.000000  0.176236 0 1.000000
-1.462852  0.000000  0.333785 0 1.000000
 1.072644  0.000000 -2.029138 0 1.000000
 1.144515  0.000000  0.472761 0 1.000000
 4.932833  0.000000  0.985587 0 1.000000
 1.350807  0.000000 -2.525675 0 1.000000
-4.243574  0.000000  1.012211 0 1.000000
-1.970721  0.000000  0.295026 0 1.000000
 0.033623  0.000000  0.594503 0 1.000000
 1.819923  0.000000  2.165081 0 1.000000
-1.725433  0.000000  0.055415 0 1.000000
-0.758680  0.000000  0.986502 0 1.000000
-1.153987  0.000000 -1.387183 0 1.000000
 0.707861  0.000000  0.973155 0 1.000000
 1.262959  0.000000  1.106226 0 1.000000
 2.843837  0.000000 -1.138681 0 1.000000
 3.330829  0.000000 -0.371968 0 1.000000
 5.016504  0.000000  1.023680 0 1.000000
 2.359311  0.000000 -0.546251 0 1.000000
 4.991259  0.000000  0.898510 0 1.000000
 3.091438  0.000000  0.812290 0 1.000000
 1.215051  0.000000 -2.607585 0 1.000000
-0.004143  0.000000 -1.095736 0 1.000000
 2.776110  0.000000  2.033824 0 1.000000
 1.519338  0.000000  0.897912 0 1.000000
 0.928316  0.000000  0.001907 0 1.000000
-4.045818  0.000000  1.272002 0 1.000000
 4.590690  0.000000  0.815616 0 1.000000
 1.935342  0.000000 -0.764172 0 1.000000
 3.763406  0.000000 -0.637009 0 1.000000
 0.630219  0.000000 -0.004498 0 1.000000
-2.107550  0.000000 -1.433258 0 1.000000
-1.316127  0.000000  0.848376 0 1.000000
 3.712910  0.000000  0.379480 0 1.000000
 3.626380  0.000000 -0.537464 0 1.000000
-1.176001  0.000000 -1.592012 0 1.000000
 2.196195  0.000000  1.347509 0 1.000000
 0.983234  0.000000 -0.299914 0 1.000000
-4.098280  0.000000  1.516241 0 1.000000
 2.368134  0.000000 -0.960213 0 1.000000
 0.833035  0.000000 -1.176325 0 1.000000
 5.033029  0.000000  0.986692 0 1.000000
 1.699519  0.000000  1.095830 0 1.000000
-0.891719  0.000000 -0.761748 0 1.000000
-1.596305  0.000000 -0.880648 0 1.000000
 2.841874  0.000000  1.142221 0 1.000000
-0.286706  0.000000  1.442062 0 1.000000
 2.059171  0.000000  0.882376 0 1.000000
 2.364427  0.000000 -1.227305 0 1.000000
 0.694035  0.000000 -0.453930 0 1.000000
-0.061541  0.000000  1.529518 0 1.000000
 3.895377  0.000000  1.783188 0 1.000000
-2.002166  0.000000  1.365688 0 1.000000
 1.251400  0.000000 -0.589252 0 1.000000
-0.921671  0.000000 -0.405807 0 1.000000
-1.124590  0.000000  1.771983 0 1.000000
 0.722946  0.000000 -1.084280 0 1.000000
 4.187279  0.000000 -0.245254 0 1.000000
 0.097459  0.000000  0.848976 0 1.000000
 1.730190  0.000000 -0.628126 0 1.000000
 0.285059  0.000000  1.193550 0 1.000000
 0.880352  0.000000 -0.592552 0 1.000000
-0.955687  0.000000 -1.466912 0 1.000000
-4.146288  0.000000  1.527638 0 1.000000
 2.595642  0.000000  1.059285 0 1.000000
-2.799586  0.000000  1.998209 0 1.000000
-1.433519  0.000000  0.386058 0 1.000000
-2.417948  0.000000  0.553795 0 1.000000
-2.767316  0.000000  0.714417 0 1.000000
 2.647317  0.000000 -0.963935 0 1.000000
-3.954668  0.000000  0.923792 0 1.000000
 0.355707  0.000000 -0.205274 0 1.000000
 1.886698  0.000000  1.093714 0 1.000000
 2.934836  0.000000  0.299286 0 1.000000
-1.564514  0.000000 -1.178723 0 1.000000
-1.266691  0.000000 -1.506837 0 1.000000
-1.694294  0.000000  1.061369 0 1.000000
-1.895199  0.000000  0.177795 0 1.000000
 4.033725  0.000000  1.281714 0 1.000000
 3.269749  0.000000  2.027437 0 1.000000
 3.306286  0.000000 -0.918099 0 1.000000
-1.915410  0.000000  1.947145 0 1.000000
-3.535941  0.000000  1.148119 0 1.000000
-0.628058  0.000000 -2.025037 0 1.000000
 3.165164  0.000000 -0.252136 0 1.000000
 0.739666  0.000000  1.239443 0 1.000000
-1.428371  0.000000 -0.153863 0 1.000000
 2.644974  0.000000 -0.126211 0 1.000000
 0.579765  0.000000  1.353843 0 1.000000
-0.511563  0.000000  0.224268 0 1.000000
-2.053638  0.000000 -1.001905 0 1.000000
 2.598343  0.000000  0.978528 0 1.000000
-0.813511  0.000000  0.295477 0 1.000000
-4.293975  0.000000  0.763243 0 1.000000
-1.857689  0.000000 -1.433120 0 1.000000
-3.588975  0.000000  0.460627 0 1.000000
-0.351452  0.000000 -0.406656 0 1.000000
 1.658577  0.000000 -0.506931 0 1.000000
-1.006090  0.000000 -0.196429 0 1.000000
 1.262359  0.000000  1.940949 0 1.000000
 1.343706  0.000000 -0.961595 0 1.000000
-3.697330  0.000000  1.685382 0 1.000000
-0.154553  0.000000 -0.490045 0 1.000000
 3.488962  0.000000  0.216401 0 1.000000
-1.720282  0.000000  0.840106 0 1.000000
-0.203468  0.000000  0.424363 0 1.000000
 4.024310  0.000000 -0.625256 0 1.000000
 4.025082  0.000000  0.210751 0 1.000000
-3.245985  0.000000  0.549710 0 1.000000
-2.951988  0.000000  1.142268 0 1.000000
 1.820131  0.000000  1.315978 0 1.000000
 1.210368  0.000000  0.001752 0 1.000000
 1.779346  0.000000 -1.817469 0 1.000000
 3.093998  0.000000  1.305942 0 1.000000
 0.764830  0.000000  1.111740 0 1.000000
 0.653097  0.000000 -1.214938 0 1.000000
 1.254819  0.000000  2.374238 0 1.000000
-0.022832  0.000000 -1.042890 0 1.000000
-1.450427  0.000000  1.645930 0 1.000000
-2.314919  0.000000  0.977343 0 1.000000
 1.940624  0.000000  0.928333 0 1.000000
 3.046690  0.000000  1.731015 0 1.000000
 3.480574  0.000000  0.395354 0 1.000000
-3.888921  0.000000  1.492839 0 1.000000
 0.453474  0.000000  0.223636 0 1.000000
-1.032633  0.000000  0.000789 0 1.000000
 0.997132  0.000000 -2.053055 0 1.000000
-0.778651  0.000000 -0.753918 0 1.000000
-1.645780  0.000000  0.052919 0 1.000000
 0.508585  0.000000 -2.312353 0 1.000000
 3.533312  0.000000  0.379257 0 1.000000
 3.455438  0.000000  0.263886 0 1.000000
 4.326802  0.000000 -0.411222 0 1.000000
 0.528205  0.000000 -0.002003 0 1.000000
-1.238714  0.000000 -0.873096 0 1.000000
 2.953044  0.000000  1.320497 0 1.000000
 3.598644  0.000000  0.682787 0 1.000000
 1.951961  0.000000  2.192093 0 1.000000
 2.412576  0.000000  0.377918 0 1.000000
 4.193353  0.000000  1.028305 0 1.000000
-0.452982  0.000000  0.677683 0 1.000000
-3.620780  0.000000  1.530728 0 1.000000
 0.138676  0.000000 -2.347052 0 1.000000
-1.801575  0.000000  1.866205 0 1.000000
 2.148376  0.000000  1.185386 0 1.000000
-0.275279  0.000000  1.913066 0 1.000000
-0.486563  0.000000  0.671724 0 1.000000
-1.730457  0.000000  1.322748 0 1.000000
 4.762400  0.000000  0.925787 0 1.000000
 1.822707  0.000000  1.566016 0 1.000000
 3.214599  0.000000  1.606789 0 1.000000
-1.011423  0.000000  1.321642 0 1.000000
 4.459412  0.000000  0.641244 0 1.000000
 0.959744  0.000000 -1.931967 0 1.000000
 1.580485  0.000000 -1.473977 0 1.000000
-0.682487  0.000000  1.522709 0 1.000000
-1.726866  0.000000  0.636935 0 1.000000
 4.240230  0.000000  0.335609 0 1.000000
 0.280569  0.000000 -1.269774 0 1.000000
 1.099545  0.000000 -0.637306 0 1.000000
-1.881022  0.000000  0.217972 0 1.000000
 3.336235  0.000000 -0.549594 0 1.000000
-0.197980  0.000000  0.691571 0 1.000000
 0.650306  0.000000  1.983826 0 1.000000
-1.450529  0.000000 -1.645759 0 1.000000
-0.778304  0.000000  1.267181 0 1.000000
-0.385821  0.000000  0.435509 0 1.000000
 0.609725  0.000000  0.644446 0 1.000000
-3.897389  0.000000  0.502704 0 1.000000
 3.284531  0.000000  0.896592 0 1.000000
-2.155888  0.000000 -0.494639 0 1.000000
 3.284726  0.000000  1.652580 0 1.000000
 4.703835  0.000000  0.644736 0 1.000000
 1.953822  0.000000 -1.757748 0 1.000000
 4.693226  0.000000  0.142403 0 1.000000
 1.651037  0.000000 -0.925372 0 1.000000
 2.702576  0.000000  0.644999 0 1.000000
-2.060389  0.000000  1.704224 0 1.000000
 2.877349  0.000000 -0.753008 0 1.000000
 2.301300  0.000000 -0.715800 0 1.000000
-1.348481  0.000000  0.638156 0 1.000000
 0.193770  0.000000 -0.162068 0 1.000000
 1.455746  0.000000 -0.077903 0 1.000000
-3.104817  0.000000  1.659067 0 1.000000
 4.767315  0.000000  0.848126 0 1.000000
 1.560209  0.000000 -0.574677 0 1.000000
 0.539103  0.000000 -0.580112 0 1.000000
-3.726277  0.000000  1.060772 0 1.000000
-1.887493  0.000000  0.480173 0 1.000000
 1.648074  0.000000 -1.004893 0 1.000000
 3.212091  0.000000  1.191742 0 1.000000
 1.694985  0.000000  0.518535 0 1.000000
-1.286856  0.000000  0.548237 0 1.000000
 0.979234  0.000000  0.258230 0 1.000000
-2.835955  0.000000  1.783529 0 1.000000
-2.114302  0.000000 -1.127655 0 1.000000
 2.290983  0.000000 -0.756400 0 1.000000
-2.586943  0.000000 -0.333592 0 1.000000
 0.931204  0.000000  2.039513 0 1.000000
 3.731676  0.000000  0.628512 0 1.000000
-2.679340  0.000000  0.598954 0 1.000000
 3.482131  0.000000 -0.110655 0 1.000000
-0.973395  0.000000  0.769865 0 1.000000
 2.793600  0.000000  1.907711 0 1.000000
-2.523884  0.000000  1.139482 0 1.000000
-2.943207  0.000000  0.464091 0 1.000000
 3.572277  0.000000 -0.718302 0 1.000000
-1.701850  0.000000  1.095051 0 1.000000
 1.613478  0.000000 -2.599510 0 1.000000
 2.531497  0.000000  1.852256 0 1.000000
 0.197656  0.000000  2.109874 0 1.000000
 2.825010  0.000000  1.956931 0 1.000000
 2.580621  0.000000  1.611615 0 1.000000
-0.999772  0.000000 -1.631388 0 1.000000
-2.444973  0.000000  1.351591 0 1.000000
 3.918761  0.000000  0.459988 0 1.000000
 2.358092  0.000000  0.887869 0 1.000000
-2.469104  0.000000  1.051093 0 1.000000
 0.317025  0.000000 -2.056604 0 1.000000
-2.881710  0.000000  1.346566 0 1.000000
-0.730395  0.000000 -0.923574 0 1.000000
-2.230258  0.000000 -0.552786 0 1.000000
 3.768561  0.000000 -0.468654 0 1.000000
-0.550466  0.000000 -0.076502 0 1.000000
-1.897823  0.000000  1.191041 0 1.000000
 3.887248  0.000000  1.698780 0 1.000000
-1.010471  0.000000 -0.119497 0 1.000000
 0.474869  0.000000 -0.155931 0 1.000000
-1.324449  0.000000 -1.431416 0 1.000000
 4.290772  0.000000  0.771908 0 1.000000
 0.772510  0.000000  0.927588 0 1.000000
 2.259709  0.000000  2.155172 0 1.000000
-3.088183  0.000000  1.055783 0 1.000000
 2.632509  0.000000 -0.003617 0 1.000000
-0.328341  0.000000 -0.367078 0 1.000000
-1.223030  0.000000 -1.767220 0 1.000000
-1.446112  0.000000  1.407263 0 1.000000
 3.298921  0.000000  1.613030 0 1.000000
 0.628705  0.000000  0.337224 0 1.000000
 2.820457  0.000000  0.093554 0 1.000000
 4.339609  0.000000  0.008361 0 1.000000
-0.106666  0.000000 -0.659185 0 1.000000
-0.774223  0.000000 -1.769849 0 1.000000
-2.520366  0.000000  1.307148 0 1.000000
 2.109356  0.000000 -2.057339 0 1.000000
-3.635754  0.000000  1.811027 0 1.000000
 3.593836  0.000000  0.856201 0 1.000000
-2.353863  0.000000 -0.510225 0 1.000000
 4.429393  0.000000 -0.079677 0 1.000000
-2.445493  0.000000 -0.088724 0 1.000000
 2.860372  0.000000  1.769896 0 1.000000
-0.945208  0.000000 -0.120030 0 1.000000
 1.295601  0.000000 -1.297445 0 1.000000
-3.171604  0.000000  1.178634 0 1.000000
 0.053723  0.000000  0.256778 0 1.000000
-1.791722  0.000000  1.738789 0 1.000000
-2.757741  0.000000  0.142732 0 1.000000
 3.781121  0.000000  0.125014 0 1.000000
-0.443795  0.000000  1.528309 0 1.000000
-3.728032  0.000000  1.645590 0 1.000000
-1.607003  0.000000 -0.679944 0 1.000000
 1.466512  0.000000  0.183888 0 1.000000
 4.642867  0.000000  0.637889 0 1.000000
 0.781920  0.000000 -1.181586 0 1.000000
-2.801071  0.000000  1.152262 0 1.000000
 4.284919  0.000000  0.269275 0 1.000000
-0.740258  0.000000 -0.667995 0 1.000000
-2.153688  0.000000  1.869197 0 1.000000
 2.531790  0.000000  0.511908 0 1.000000
 0.607535  0.000000 -2.492447 0 1.000000
-0.204224  0.000000 -0.087770 0 1.000000
-1.701454  0.000000 -0.084665 0 1.000000
 1.389485  0.000000 -0.120805 0 1.000000
-3.730095  0.000000  0.294379 0 1.000000
 3.307497  0.000000 -0.679749 0 1.000000
-1.726809  0.000000 -0.534089 0 1.000000
 1.374347  0.000000  0.223977 0 1.000000
 3.922566  0.000000  0.897205 0 1.000000
-1.427039  0.000000 -1.090338 0 1.000000
-0.240096  0.000000 -2.180303 0 1.000000
 0.767601  0.000000 -1.428566 0 1.000000
 0.827476  0.000000 -2.012104 0 1.000000
 4.672556  0.000000  1.358571 0 1.000000
 2.497336  0.000000 -0.715598 0 1.000000
-0.111065  0.000000 -0.508342 0 1.000000
 1.477817  0.000000 -1.555183 0 1.000000
 0.003494  0.000000  0.522510 0 1.000000
 3.034015  0.000000 -0.542034 0 1.000000
-2.406912  0.000000 -0.457786 0 1.000000
-1.852967  0.000000  1.096448 0 1.000000
 2.708049  0.000000  0.548131 0 1.000000
 0.775418  0.000000 -0.665277 0 1.000000
 1.916873  0.000000 -0.383860 0 1.000000
-0.256355  0.000000 -1.347695 0 1.000000
-0.129016  0.000000  0.724809 0 1.000000
 5.052856  0.000000  0.672932 0 1.000000
 1.670172  0.000000 -0.629087 0 1.000000
-3.361887  0.000000  1.517617 0 1.000000
-0.598777  0.000000  0.083593 0 1.000000
 3.972868  0.000000  0.211156 0 1.000000
-2.339367  0.000000  0.935115 0 1.000000
-3.054502  0.000000  0.391770 0 1.000000
-0.873662  0.000000 -2.027773 0 1.000000
-2.833714  0.000000  0.687299 0 1.000000
 1.246060  0.000000  2.496684 0 1.000000
-2.006167  0.000000 -1.007716 0 1.000000
 1.477403  0.000000 -2.071058 0 1.000000
 4.136199  0.000000  1.694133 0 1.000000
 2.631017  0.000000 -0.509463 0 1.000000
-3.199451  0.000000  0.043665 0 1.000000
 2.270788  0.000000  0.800249 0 1.000000
-0.926273  0.000000 -1.766737 0 1.000000
-1.167162  0.000000 -0.243940 0 1.000000
 5.056878  0.000000  0.596611 0 1.000000
-0.925124  0.000000 -1.092012 0 1.000000
-1.509082  0.000000  1.345543 0 1.000000
-1.728681  0.000000 -0.034122 0 1.000000
 0.097853  0.000000 -2.355063 0 1.000000
 1.530741  0.000000  1.227906 0 1.000000
-4.272806  0.000000  0.881519 0 1.000000
-1.350769  0.000000  0.387294 0 1.000000
 1.610427  0.000000 -2.432859 0 1.000000
-0.762331  0.000000  2.082675 0 1.000000
-3.882524  0.000000  1.728650 0 1.000000
-2.807886  0.000000  1.482383 0 1.000000
-0.668686  0.000000  1.996340 0 1.000000
-1.273671  0.000000 -1.607623 0 1.000000
 3.603986  0.000000 -0.155524 0 1.000000
 0.133055  0.000000 -1.599543 0 1.000000
 1.129328  0.000000 -2.235843 0 1.000000
-2.458848  0.000000  0.814021 0 1.000000
 0.586666  0.000000  0.767510 0 1.000000
 0.186483  0.000000 -1.675767 0 1.000000
-1.498445  0.000000 -1.631826 0 1.000000
-0.691398  0.000000 -2.106638 0 1.000000
 1.160264  0.000000 -0.575181 0 1.000000
 1.978560  0.000000 -1.553674 0 1.000000
 1.935259  0.000000  0.096220 0 1.000000
 2.561370  0.000000 -0.883024 0 1.000000
 0.427721  0.000000  1.267051 0 1.000000
-2.156063  0.000000 -0.590767 0 1.000000
-1.646229  0.000000  1.992452 0 1.000000
-1.298732  0.000000  1.312284 0 1.000000
 1.877172  0.000000  0.292881 0 1.000000
 2.074214  0.000000 -1.547235 0 1.000000
-0.322723  0.000000  2.077649 0 1.000000
-4.387849  0.000000  0.673523 0 1.000000
 1.378403  0.000000  1.229467 0 1.000000
 3.689227  0.000000 -0.255113 0 1.000000
-0.692160  0.000000 -1.939055 0 1.000000
-0.452121  0.000000 -1.683872 0 1.000000
 3.999204  0.000000  1.519982 0 1.000000
 2.559988  0.000000 -0.034669 0 1.000000
 3.705235  0.000000  0.013158 0 1.000000
 3.452977  0.000000 -0.508301 0 1.000000
-2.229838  0.000000 -0.291530 0 1.000000
-2.238816  0.000000  1.359149 0 1.000000
 0.217108  0.000000 -0.130071 0 1.000000
 4.480268  0.000000  0.851280 0 1.000000
 1.003997  0.000000 -2.567423 0 1.000000
-1.923797  0.000000  1.237880 0 1.000000
 0.718049  0.000000  1.274375 0 1.000000
 3.648617  0.000000  0.175150 0 1.000000
 1.571869  0.000000  1.226992 0 1.000000
 0.752611  0.000000 -0.628022 0 1.000000
-1.938484  0.000000 -0.200618 0 1.000000
-2.839221  0.000000  0.431681 0 1.000000
 1.807512  0.000000  0.177461 0 1.000000
 2.578724  0.000000  2.202659 0 1.000000
 3.114737  0.000000  0.269326 0 1.000000
 2.307071  0.000000  1.144933 0 1.000000
 3.477361  0.000000  0.050767 0 1.000000
 3.840121  0.000000  0.678672 0 1.000000
 0.353038  0.000000  1.993237 0 1.000000
-0.721934  0.000000 -0.027332 0 1.000000
 0.862152  0.000000  1.616892 0 1.000000
 1.634294  0.000000  2.335263 0 1.000000
-0.361160  0.000000  1.489485 0 1.000000
 1.412563  0.000000 -0.669831 0 1.000000
 1.753593  0.000000 -0.167659 0 1.000000
 1.696258  0.000000 -2.113862 0 1.000000
 0.192945  0.000000  0.009032 0 1.000000
-3.032610  0.000000  0.685200 0 1.000000
-1.779960  0.000000  0.544398 0 1.000000
-2.035337  0.000000  0.132101 0 1.000000
 0.777915  0.000000  0.687125 0 1.000000
 1.174938  0.000000  0.849048 0 1.000000
 2.205684  0.000000  2.501561 0 1.000000
 1.734436  0.000000 -1.376906 0 1.000000
-0.609643  0.000000  0.716243 0 1.000000
 3.214378  0.000000  2.031822 0 1.000000
 3.486393  0.000000 -0.197029 0 1.000000
-1.288608  0.000000  1.399100 0 1.000000
-1.229283  0.000000 -0.507030 0 1.000000
 1.084665  0.000000 -2.573793 0 1.000000
-0.628365  0.000000  1.359031 0 1.000000
 4.276615  0.000000  1.529496 0 1.000000
-0.417010  0.000000 -1.798109 0 1.000000
 0.946849  0.000000 -0.801224 0 1.000000
-1.407331  0.000000  1.449141 0 1.000000
 1.278266  0.000000 -2.225408 0 1.000000
 1.937183  0.000000  1.362299 0 1.000000
-2.548634  0.000000  0.595305 0 1.000000
 0.092280  0.000000 -2.110683 0 1.000000
 5.136119  0.000000  0.460493 0 1.000000
 0.188560  0.000000  1.533925 0 1.000000
-1.932558  0.000000  0.387405 0 1.000000
-2.122503  0.000000 -0.967846 0 1.000000
 1.967396  0.000000  1.814236 0 1.000000
 4.379591  0.000000  0.604280 0 1.000000
 1.426125  0.000000  0.476482 0 1.000000
 2.316979  0.000000 -0.114044 0 1.000000
 1.120923  0.000000  1.599000 0 1.000000
 2.026982  0.000000 -0.633769 0 1.000000
-0.222105  0.000000 -1.798145 0 1.000000
 1.448622  0.000000 -2.024570 0 1.000000
-3.198697  0.000000  1.323929 0 1.000000
-3.709811  0.000000  0.179159 0 1.000000
 1.240277  0.000000  1.140324 0 1.000000
 1.583184  0.000000 -1.813934 0 1.000000
 2.851678  0.000000  2.073777 0 1.000000
 4.815551  0.000000  0.084477 0 1.000000
-0.378366  0.000000 -0.957304 0 1.000000
-2.204167  0.000000  0.598869 0 1.000000
-1.659555  0.000000 -0.415215 0 1.000000
 0.618491  0.000000 -1.514735 0 1.000000
 1.877441  0.000000 -0.454038 0 1.000000
 1.519688  0.000000  0.549515 0 1.000000
 4.858261  0.000000  0.516879 0 1.000000
 4.385215  0.000000 -0.493368 0 1.000000
-0.925798  0.000000 -1.174139 0 1.000000
 3.065068  0.000000  0.775891 0 1.000000
 1.399893  0.000000  2.020501 0 1.000000
-1.638326  0.000000  1.154514 0 1.000000
-0.741490  0.000000  2.123292 0 1.000000
-0.069326  0.000000 -1.732637 0 1.000000
 1.401072  0.000000 -1.766611 0 1.000000
 0.350644  0.000000 -1.546079 0 1.000000
 3.471570  0.000000 -0.296322 0 1.000000
 0.524044  0.000000 -0.157470 0 1.000000
-2.732956  0.000000  0.941861 0 1.000000
 3.486008  0.000000  1.740101 0 1.000000
 4.314220  0.000000  1.396880 0 1.000000
 1.180524  0.000000  0.053375 0 1.000000
-0.813598  0.000000  0.983753 0 1.000000
-1.402982  0.000000 -1.211579 0 1.000000
-2.279644  0.000000  1.660328 0 1.000000
 1.670959  0.000000 -1.216293 0 1.000000
 0.897934  0.000000 -1.554270 0 1.000000
 0.799437  0.000000 -0.365533 0 1.000000
 4.127560  0.000000  1.097621 0 1.000000
-1.170870  0.000000  0.503112 0 1.000000
 1.910369  0.000000 -1.643350 0 1.000000
-0.814942  0.000000  0.881514 0 1.000000
 0.783934  0.000000 -0.078979 0 1.000000
 4.175550  0.000000  0.001730 0 1.000000
 4.286570  0.000000  1.197114 0 1.000000
-2.246884  0.000000  1.601761 0 1.000000
 0.766575  0.000000 -0.421960 0 1.000000
 2.725578  0.000000  1.275515 0 1.000000
-0.248956  0.000000 -2.099777 0 1.000000
 0.213615  0.000000  1.903513 0 1.000000
-0.562643  0.000000  0.376397 0 1.000000
 2.969292  0.000000  1.366085 0 1.000000
 2.249890  0.000000 -1.295891 0 1.000000
-0.021118  0.000000 -2.314937 0 1.000000
 0.335528  0.000000 -0.999372 0 1.000000
-3.781343  0.000000  0.979315 0 1.000000
 2.572139  0.000000  1.095349 0 1.000000
 2.407248  0.000000  2.078490 0 1.000000
-3.805023  0.000000  1.780172 0 1.000000
-1.727856  0.000000  1.408682 0 1.000000
 0.550251  0.000000  0.133108 0 1.000000
 1.654430  0.000000  1.277746 0 1.000000
-1.878151  0.000000  1.574224 0 1.000000
-0.178296  0.000000 -0.796414 0 1.000000
-2.261705  0.000000  1.477930 0 1.000000
-2.278224  0.000000  0.966382 0 1.000000
-2.231515  0.000000 -0.710768 0 1.000000
 1.143951  0.000000 -0.454735 0 1.000000
 4.663932  0.000000  0.772549 0 1.000000
-1.535074  0.000000 -1.799955 0 1.000000
 4.192677  0.000000  1.195853 0 1.000000
 1.690911  0.000000  2.280282 0 1.000000
-1.373750  0.000000  1.861935 0 1.000000
 0.160709  0.000000 -0.966225 0 1.000000
 2.008201  0.000000  0.304108 0 1.000000
 0.997854  0.000000 -0.381881 0 1.000000
 2.643196  0.000000  0.461484 0 1.000000
 0.273119  0.000000  1.304919 0 1.000000
-0.145530  0.000000  1.606271 0 1.000000
 1.606747  0.000000 -2.265338 0 1.000000
 1.625398  0.000000  1.985876 0 1.000000
 2.757321  0.000000  0.123156 0 1.000000
 1.765266  0.000000 -2.486393 0 1.000000
 0.175417  0.000000 -1.305986 0 1.000000
-0.443019  0.000000 -0.326888 0 1.000000
 3.765435  0.000000  1.733342 0 1.000000
 1.988282  0.000000  2.033212 0 1.000000
-0.012491  0.000000 -1.516938 0 1.000000
 3.738100  0.000000 -0.670848 0 1.000000
 2.155325  0.000000 -0.198274 0 1.000000
-0.307837  0.000000 -0.840313 0 1.000000
-0.061790  0.000000 -1.943759 0 1.000000
 0.402916  0.000000  2.074462 0 1.000000
-2.610267  0.000000  0.392703 0 1.000000
-2.091644  0.000000  0.851922 0 1.000000
-1.531265  0.000000  1.315222 0 1.000000
-3.045395  0.000000 -0.129860 0 1.000000
 0.700628  0.000000  1.654285 0 1.000000
-0.374667  0.000000 -2.056351 0 1.000000
-2.264905  0.000000 -1.395936 0 1.000000
-3.700781  0.000000  1.788328 0 1.000000
-2.091341  0.000000 -0.494533 0 1.000000
 1.928872  0.000000 -1.397240 0 1.000000
 0.774538  0.000000  0.854823 0 1.000000
 0.660872  0.000000  2.072742 0 1.000000
 1.992001  0.000000 -2.023939 0 1.000000
 4.946420  0.000000 -0.042135 0 1.000000
-1.018602  0.000000 -1.009164 0 1.000000
 1.900854  0.000000 -2.270952 0 1.000000
-0.618409  0.000000 -0.626588 0 1.000000
 0.601559  0.000000  0.731447 0 1.000000
 3.324593  0.000000 -0.036147 0 1.000000
-2.849183  0.000000 -0.126197 0 1.000000
 3.793270  0.000000  1.015336 0 1.000000
-4.195757  0.000000  1.281091 0 1.000000
 1.021593  0.000000 -2.535923 0 1.000000
 3.058739  0.000000 -0.583600 0 1.000000
 3.106945  0.000000  1.357879 0 1.000000
-2.572647  0.000000  0.128229 0 1.000000
-1.225515  0.000000 -1.844332 0 1.000000
 2.851467  0.000000  1.830280 0 1.000000
-2.469096  0.000000  1.732207 0 1.000000
 1.930170  0.000000 -2.231000 0 1.000000
-3.645100  0.000000  0.715562 0 1.000000
 2.787933  0.000000  2.073702 0 1.000000
-0.593502  0.000000  0.259016 0 1.000000
 2.168817  0.000000  0.467917 0 1.000000
 4.029360  0.000000 -0.082174 0 1.000000
 2.678561  0.000000  0.353843 0 1.000000
 1.830387  0.000000 -2.478348 0 1.000000
-2.569880  0.000000 -0.885477 0 1.000000
-3.327387  0.000000  0.512637 0 1.000000
-1.494613  0.000000  0.382125 0 1.000000
 0.167532  0.000000 -0.380595 0 1.000000
-1.146011  0.000000  0.551429 0 1.000000
 1.191515  0.000000  1.570651 0 1.000000
-1.519223  0.000000  1.102266 0 1.000000
-0.647565  0.000000  2.107297 0 1.000000
-0.297546  0.000000 -1.518470 0 1.000000
 1.174233  0.000000 -0.840692 0 1.000000
-0.591253  0.000000 -0.336677 0 1.000000
 0.686851  0.000000 -1.933027 0 1.000000
 2.266186  0.000000 -0.883239 0 1.000000
-1.340492  0.000000  0.978647 0 1.000000
-1.301411  0.000000 -0.885183 0 1.000000
 1.788467  0.000000 -0.931433 0 1.000000
-1.494204  0.000000  1.052681 0 1.000000
 0.057719  0.000000 -0.128410 0 1.000000
 0.120720  0.000000  0.472826 0 1.000000
 2.135663  0.000000 -1.174018 0 1.000000
 2.181311  0.000000 -1.095256 0 1.000000
 1.788363  0.000000 -1.086958 0 1.000000
-3.540224  0.000000  1.230163 0 1.000000
-1.458950  0.000000 -1.090237 0 1.000000
 1.681396  0.000000  0.717861 0 1.000000
 3.049107  0.000000  0.211857 0 1.000000
 4.551970  0.000000  0.052085 0 1.000000
-1.712496  0.000000 -1.087965 0 1.000000
 0.218988  0.000000  0.385701 0 1.000000
-2.773568  0.000000  0.090911 0 1.000000
 1.975174  0.000000  2.079220 0 1.000000
-1.204332  0.000000  1.311292 0 1.000000
-3.785274  0.000000  0.306165 0 1.000000
-0.996828  0.000000  1.397120 0 1.000000
 4.620136  0.000000  0.604521 0 1.000000
-0.421471  0.000000 -1.215473 0 1.000000
 2.095090  0.000000  1.866681 0 1.000000
 0.911397  0.000000  0.586815 0 1.000000
 0.136319  0.000000 -0.504354 0 1.000000
-1.460011  0.000000  1.861803 0 1.000000
-1.345714  0.000000 -1.478091 0 1.000000
 1.434638  0.000000 -0.460015 0 1.000000
 3.415683  0.000000  0.592849 0 1.000000
 2.191556  0.000000 -1.266048 0 1.000000
 0.335825  0.000000  0.264801 0 1.000000
 3.614511  0.000000  0.806333 0 1.000000
 2.088612  0.000000 -1.353288 0 1.000000
 0.922681  0.000000 -0.082680 0 1.000000
-3.900446  0.000000  0.266574 0 1.000000
 1.381349  0.000000  0.971058 0 1.000000
-3.401605  0.000000  1.239543 0 1.000000
-0.897257  0.000000  1.487916 0 1.000000
-2.032986  0.000000 -1.301034 0 1.000000
 2.707038  0.000000  1.139655 0 1.000000
-1.372423  0.000000  1.110931 0 1.000000
-1.614352  0.000000 -0.074554 0 1.000000
 0.077860  0.000000 -2.063090 0 1.000000
-1.498762  0.000000 -0.882846 0 1.000000
 4.703262  0.000000  0.731984 0 1.000000
 0.709483  0.000000  1.051250 0 1.000000
-3.850465  0.000000  0.933188 0 1.000000
-1.824441  0.000000  0.814277 0 1.000000
-1.981469  0.000000  0.052283 0 1.000000
-2.961778  0.000000  1.312086 0 1.000000
-3.509693  0.000000  1.346127 0 1.000000
 0.890168  0.000000  2.160672 0 1.000000
 2.328852  0.000000  1.100288 0 1.000000
-2.561861  0.000000  0.799520 0 1.000000
-0.469679  0.000000 -0.462456 0 1.000000
 4.105662  0.000000  0.477684 0 1.000000
 1.441704  0.000000 -0.788916 0 1.000000
 3.691798  0.000000  1.096661 0 1.000000
-2.083587  0.000000 -0.802915 0 1.000000
-0.175103  0.000000 -1.898263 0 1.000000
 4.560271  0.000000 -0.292262 0 1.000000
-2.303286  0.000000 -0.166519 0 1.000000
 1.133071  0.000000 -2.578366 0 1.000000
 3.982286  0.000000 -0.504796 0 1.000000
 0.920806  0.000000  2.364969 0 1.000000
-2.912425  0.000000  0.984898 0 1.000000
-3.637505  0.000000  0.646898 0 1.000000
 0.734689  0.000000 -0.831061 0 1.000000
-2.002403  0.000000 -1.344856 0 1.000000
-0.863335  0.000000  0.046779 0 1.000000
-2.553796  0.000000 -0.961476 0 1.000000
 3.342247  0.000000  0.309572 0 1.000000
 3.292102  0.000000  2.076392 0 1.000000
 4.397943  0.000000  0.980146 0 1.000000
 2.634365  0.000000  1.265878 0 1.000000
-2.256847  0.000000  1.098869 0 1.000000
 2.277069  0.000000  2.373642 0 1.000000
-0.112563  0.000000  0.683149 0 1.000000
 1.708201  0.000000  0.437684 0 1.000000
 4.946293  0.000000  0.894749 0 1.000000
 2.962835  0.000000  1.528508 0 1.000000
-3.022816  0.000000  1.684578 0 1.000000
 2.385212  0.000000  1.855147 0 1.000000
 3.502060  0.000000 -0.329240 0 1.000000
-2.245956  0.000000 -0.589772 0 1.000000
 2.605602  0.000000  0.729892 0 1.000000
 2.992785  0.000000  1.475153 0 1.000000
 4.250148  0.000000 -0.203661 0 1.000000
 0.802130  0.000000 -0.205778 0 1.000000
 1.879096  0.000000  0.970342 0 1.000000
 0.729437  0.000000 -0.257927 0 1.000000
-1.970071  0.000000 -0.631345 0 1.000000
-3.916394  0.000000  1.154033 0 1.000000
-1.225029  0.000000  0.182453 0 1.000000
 0.942222  0.000000  0.473543 0 1.000000
 1.002135  0.000000  1.323281 0 1.000000
 1.256793  0.000000 -0.081416 0 1.000000
 1.959117  0.000000  0.138904 0 1.000000
 4.386630  0.000000  1.023661 0 1.000000
-1.153782  0.000000 -1.560352 0 1.000000
 2.574135  0.000000 -0.673519 0 1.000000
 0.988687  0.000000 -0.460301 0 1.000000
-4.407125  0.000000  0.799151 0 1.000000
 1.746841  0.000000  1.266263 0 1.000000
 1.838847  0.000000  0.351094 0 1.000000
 2.177593  0.000000 -1.167139 0 1.000000
-2.249377  0.000000  0.938653 0 1.000000
-3.613963  0.000000  0.673452 0 1.000000
-0.654049  0.000000 -0.208126 0 1.000000
 2.339048  0.000000  2.201223 0 1.000000
 0.313572  0.000000  1.733735 0 1.000000
 1.086706  0.000000  0.466201 0 1.000000
-0.536771  0.000000  1.603990 0 1.000000
 1.575467  0.000000  0.897441 0 1.000000
 2.027444  0.000000 -1.215963 0 1.000000
 2.259624  0.000000  0.894579 0 1.000000
 0.168536  0.000000 -1.814202 0 1.000000
 0.581430  0.000000 -0.251386 0 1.000000
-0.155669  0.000000 -1.095630 0 1.000000
 2.192594  0.000000  0.519230 0 1.000000
-1.498382  0.000000  0.209213 0 1.000000
 0.313657  0.000000 -0.620736 0 1.000000
-2.312121  0.000000  1.647377 0 1.000000
-0.484284  0.000000 -0.158210 0 1.000000
-1.146478  0.000000 -0.955471 0 1.000000
 1.974692  0.000000 -0.881733 0 1.000000
 0.089530  0.000000  0.093011 0 1.000000
 3.387684  0.000000  0.469299 0 1.000000
-2.113691  0.000000  0.465091 0 1.000000
-1.301090  0.000000 -1.640086 0 1.000000
-0.544083  0.000000  0.522083 0 1.000000
 2.499179  0.000000 -0.039762 0 1.000000
 0.507159  0.000000  1.993150 0 1.000000
 4.450430  0.000000  0.556803 0 1.000000
 3.925074  0.000000  0.049105 0 1.000000
 0.934922  0.000000 -0.042772 0 1.000000
 1.158044  0.000000  0.265378 0 1.000000
-2.520137  0.000000 -0.215387 0 1.000000
-0.126140  0.000000  1.312114 0 1.000000
-0.778836  0.000000  1.350214 0 1.000000
 0.803027  0.000000  1.732017 0 1.000000
-3.730196  0.000000  1.399394 0 1.000000
 0.972030  0.000000 -2.264482 0 1.000000
-0.061163  0.000000  1.281128 0 1.000000
-2.625837  0.000000  1.103413 0 1.000000
 1.334488  0.000000  1.403958 0 1.000000
 1.987833  0.000000  0.090176 0 1.000000
-3.806952  0.000000  1.605490 0 1.000000
-1.379544  0.000000  0.422612 0 1.000000
-0.579835  0.000000  0.000721 0 1.000000
 4.771609  0.000000 -0.001827 0 1.000000
-1.862581  0.000000  1.525347 0 1.000000
-1.116072  0.000000  0.422776 0 1.000000
-3.496981  0.000000  1.642241 0 1.000000
-2.343009  0.000000  0.670928 0 1.000000
-0.291559  0.000000  0.674296 0 1.000000
 3.985542  0.000000  0.339007 0 1.000000
 0.816778  0.000000 -1.857645 0 1.000000
-1.244038  0.000000  1.054192 0 1.000000
 3.967289  0.000000 -0.633548 0 1.000000
 1.425514  0.000000 -2.306525 0 1.000000
-1.530970  0.000000  1.743943 0 1.000000
 0.716925  0.000000  0.249684 0 1.000000
 0.809024  0.000000 -0.876595 0 1.000000
 2.280827  0.000000  0.763793 0 1.000000
-0.921688  0.000000  0.683694 0 1.000000
-2.099919  0.000000  1.188925 0 1.000000
-0.707876  0.000000  0.728020 0 1.000000
 2.381267  0.000000  2.037433 0 1.000000
 1.486973  0.000000 -0.365015 0 1.000000
-1.861076  0.000000 -0.167803 0 1.000000
-0.847775  0.000000  1.305391 0 1.000000
-2.141223  0.000000  1.436326 0 1.000000
-0.867761  0.000000 -0.296693 0 1.000000
-2.816563  0.000000  0.054299 0 1.000000
 0.870804  0.000000 -2.023634 0 1.000000
 3.291226  0.000000  0.043744 0 1.000000
-3.554455  0.000000  0.177066 0 1.000000
-1.802598  0.000000 -1.090455 0 1.000000
-0.744311  0.000000 -0.257796 0 1.000000
 4.640600  0.000000  0.141220 0 1.000000
 0.653081  0.000000 -0.378312 0 1.000000
-2.302669  0.000000 -0.758906 0 1.000000
 2.732926  0.000000  1.945695 0 1.000000
-2.530543  0.000000  0.679214 0 1.000000
-0.830149  0.000000 -0.679585 0 1.000000
-2.247570  0.000000 -0.760950 0 1.000000
-3.141096  0.000000  0.131478 0 1.000000
-0.510574  0.000000  2.064299 0 1.000000
-2.291015  0.000000  1.686877 0 1.000000
 2.323633  0.000000  1.358071 0 1.000000
 2.714965  0.000000  1.012096 0 1.000000
-1.924880  0.000000 -0.633334 0 1.000000
 1.454873  0.000000  1.614701 0 1.000000
 2.487804  0.000000  1.431820 0 1.000000
-4.153670  0.000000  0.346146 0 1.000000
-0.484060  0.000000  1.190338 0 1.000000
 0.233801  0.000000 -2.015209 0 1.000000
 2.239486  0.000000 -0.589899 0 1.000000
-0.668247  0.000000 -0.368606 0 1.000000
 1.959760  0.000000  1.737423 0 1.000000
 0.486596  0.000000  1.270393 0 1.000000
-0.642179  0.000000 -1.085652 0 1.000000
 2.000152  0.000000  1.092389 0 1.000000
-0.198893  0.000000  2.106339 0 1.000000
 0.598428  0.000000 -0.796821 0 1.000000
 1.953868  0.000000  0.343310 0 1.000000
 0.952700  0.000000 -2.069561 0 1.000000
-1.219290  0.000000  1.359075 0 1.000000
 4.524055  0.000000  0.013137 0 1.000000
-0.978375  0.000000  1.683860 0 1.000000
-0.233172  0.000000 -0.884590 0 1.000000
 3.805476  0.000000  0.759881 0 1.000000
 1.652731  0.000000  0.501752 0 1.000000
 0.659972  0.000000  0.379124 0 1.000000
-1.725650  0.000000  0.967048 0 1.000000
-0.214275  0.000000  1.657449 0 1.000000
 1.196374  0.000000  0.142114 0 1.000000
 0.966166  0.000000  1.863750 0 1.000000
-4.125583  0.000000  0.801316 0 1.000000
-2.230600  0.000000  0.472093 0 1.000000
 3.159418  0.000000  0.169128 0 1.000000
-0.087837  0.000000 -0.295576 0 1.000000
 1.521570  0.000000 -0.798640 0 1.000000
-2.368252  0.000000 -0.290572 0 1.000000
 4.389363  0.000000  0.342667 0 1.000000
-1.606705  0.000000 -1.509781 0 1.000000
 2.210899  0.000000  0.480505 0 1.000000
-2.173488  0.000000  1.569630 0 1.000000
 2.016994  0.000000 -0.378079 0 1.000000
-0.183176  0.000000  0.134945 0 1.000000
 2.454837  0.000000  1.234869 0 1.000000
 2.660400  0.000000  1.407029 0 1.000000
 0.661472  0.000000 -2.143973 0 1.000000
 1.675237  0.000000  0.292076 0 1.000000
 1.262515  0.000000 -2.110075 0 1.000000
 2.949853  0.000000  1.476273 0 1.000000
 4.619972  0.000000  0.690235 0 1.000000
-0.568966  0.000000 -1.376369 0 1.000000
-1.047802  0.000000  1.404249 0 1.000000
 1.696187  0.000000  2.538945 0 1.000000
-1.434426  0.000000  1.728472 0 1.000000
-0.202961  0.000000 -1.930565 0 1.000000
-0.025971  0.000000  2.079371 0 1.000000
-2.085848  0.000000 -0.968820 0 1.000000
 3.141803  0.000000  0.047964 0 1.000000
-3.521136  0.000000  1.697719 0 1.000000
 0.693608  0.000000  1.570377 0 1.000000
 0.966716  0.000000  0.337911 0 1.000000
 3.705431  0.000000 -0.423680 0 1.000000
-2.642443  0.000000 -0.241551 0 1.000000
 0.917264  0.000000 -1.849491 0 1.000000
 0.242883  0.000000  0.600435 0 1.000000
 2.497749  0.000000  1.065745 0 1.000000
 1.579260  0.000000 -2.235477 0 1.000000
-0.150954  0.000000  0.772400 0 1.000000
-1.603080  0.000000 -1.351381 0 1.000000
 3.033783  0.000000  1.324361 0 1.000000
 2.769001  0.000000  1.110561 0 1.000000
-2.335249  0.000000 -0.173613 0 1.000000
 2.411259  0.000000  1.489601 0 1.000000
 1.233827  0.000000  1.734944 0 1.000000
-2.871294  0.000000  1.770245 0 1.000000
 0.875731  0.000000  0.184203 0 1.000000
 1.060128  0.000000  0.769350 0 1.000000
 1.190231  0.000000  2.492440 0 1.000000
 1.117582  0.000000  0.849761 0 1.000000
 2.236660  0.000000  0.845870 0 1.000000
 0.115446  0.000000  0.048268 0 1.000000
 5.031480  0.000000  0.479861 0 1.000000
-0.154064  0.000000 -0.168500 0 1.000000
 4.497888  0.000000  1.230919 0 1.000000
 0.156507  0.000000  0.799453 0 1.000000
-0.873865  0.000000 -0.828009 0 1.000000
 2.704005  0.000000 -0.702049 0 1.000000
-2.179587  0.000000 -0.367455 0 1.000000
 0.941469  0.000000  1.820756 0 1.000000
 1.896438  0.000000 -0.584370 0 1.000000
 2.680887  0.000000  1.768589 0 1.000000
 0.962104  0.000000  2.279674 0 1.000000
-4.192085  0.000000  1.180010 0 1.000000
 4.307884  0.000000 -0.286813 0 1.000000
 3.867240  0.000000  1.150265 0 1.000000
-0.441563  0.000000 -0.840881 0 1.000000
-0.192365  0.000000  0.334683 0 1.000000
-0.848475  0.000000  1.401163 0 1.000000
-1.579568  0.000000 -1.396251 0 1.000000
 0.520918  0.000000  0.773933 0 1.000000
-3.568992  0.000000  1.852566 0 1.000000
-1.611365  0.000000 -1.594747 0 1.000000
-0.331810  0.000000  0.887410 0 1.000000
 4.005020  0.000000  1.558845 0 1.000000
-1.451691  0.000000  2.063927 0 1.000000
 3.194385  0.000000  1.057213 0 1.000000
 4.584342  0.000000  1.357213 0 1.000000
-1.200644  0.000000  0.126407 0 1.000000
 1.959453  0.000000 -1.969862 0 1.000000
-1.313166  0.000000 -0.744279 0 1.000000
-1.863928  0.000000  1.351321 0 1.000000
 0.557798  0.000000 -1.980396 0 1.000000
-0.010809  0.000000 -0.500857 0 1.000000
 5.009050  0.000000  0.432759 0 1.000000
-1.326064  0.000000  1.013168 0 1.000000
 3.219453  0.000000 -0.678491 0 1.000000
-2.808338  0.000000  1.911837 0 1.000000
-2.085780  0.000000 -0.376573 0 1.000000
 3.129163  0.000000 -0.710369 0 1.000000
-3.780131  0.000000  1.398083 0 1.000000
-2.777127  0.000000 -0.245718 0 1.000000
 3.118262  0.000000 -1.013910 0 1.000000
 1.134655  0.000000 -2.062336 0 1.000000
-4.494767  0.000000  0.935835 0 1.000000
 0.852461  0.000000  1.219814 0 1.000000
 0.107340  0.000000  1.651456 0 1.000000
-0.854182  0.000000 -0.965550 0 1.000000
 0.114747  0.000000  0.644076 0 1.000000
 3.116458  0.000000  0.676819 0 1.000000
 2.183340  0.000000 -0.677968 0 1.000000
-2.409706  0.000000 -0.886417 0 1.000000
-1.029378  0.000000 -1.092843 0 1.000000
-2.777673  0.000000  1.188645 0 1.000000
 2.984625  0.000000  1.641298 0 1.000000
 4.251872  0.000000 -0.544748 0 1.000000
-1.472338  0.000000 -0.831204 0 1.000000
 3.145702  0.000000 -0.208520 0 1.000000
 4.541435  0.000000  1.309598 0 1.000000
 2.063258  0.000000  0.548698 0 1.000000
 3.409947  0.000000 -0.154134 0 1.000000
 1.267445  0.000000  1.187051 0 1.000000
 2.920401  0.000000  0.174327 0 1.000000
-0.784743  0.000000  0.521012 0 1.000000
-1.171977  0.000000 -0.409636 0 1.000000
-3.667850  0.000000  1.355905 0 1.000000
 2.409915  0.000000 -0.463573 0 1.000000
-0.854008  0.000000 -1.463813 0 1.000000
-0.266740  0.000000 -1.209421 0 1.000000
 3.266382  0.000000  1.444972 0 1.000000
-0.366258  0.000000 -0.450370 0 1.000000
-0.389680  0.000000  1.272702 0 1.000000
 1.489755  0.000000  1.908736 0 1.000000
 3.518167  0.000000 -0.457415 0 1.000000
-2.365515  0.000000 -1.057038 0 1.000000
-1.571187  0.000000 -0.848220 0 1.000000
-3.000417  0.000000 -0.215509 0 1.000000
 3.055534  0.000000  2.119082 0 1.000000
-0.219705  0.000000 -1.125446 0 1.000000
-3.581865  0.000000  0.386303 0 1.000000
 2.590951  0.000000  1.822130 0 1.000000
-0.904547  0.000000 -1.633979 0 1.000000
 3.401911  0.000000 -0.920079 0 1.000000
 4.657695  0.000000  0.211973 0 1.000000
-0.583051  0.000000 -1.089333 0 1.000000
 3.185516  0.000000  0.635928 0 1.000000
 1.788922  0.000000  1.434418 0 1.000000
-2.199658  0.000000  1.187368 0 1.000000
-2.650804  0.000000 -0.281107 0 1.000000
-1.456681  0.000000  1.702862 0 1.000000
-3.022881  0.000000  1.101461 0 1.000000
 3.315882  0.000000  0.599315 0 1.000000
 1.926458  0.000000 -1.463737 0 1.000000
-2.027118  0.000000  1.641473 0 1.000000
-0.233945  0.000000 -1.733920 0 1.000000
-0.629862  0.000000  1.693783 0 1.000000
 4.693650  0.000000 -0.126649 0 1.000000
-2.321620  0.000000  0.727637 0 1.000000
 3.607834  0.000000  1.602781 0 1.000000
 4.616636  0.000000  1.181219 0 1.000000
 1.457406  0.000000  0.855814 0 1.000000
 1.920240  0.000000 -2.306924 0 1.000000
-0.062583  0.000000  2.113511 0 1.000000
-2.321475  0.000000 -0.460945 0 1.000000
 1.934837  0.000000  1.785835 0 1.000000
 3.321716  0.000000 -0.722034 0 1.000000
 1.325465  0.000000 -2.400577 0 1.000000
 2.679072  0.000000  2.108671 0 1.000000
 4.138164  0.000000 -0.667617 0 1.000000
 2.981424  0.000000 -0.278964 0 1.000000
 1.798542  0.000000 -1.175719 0 1.000000
-0.220549  0.000000 -1.888258 0 1.000000
 2.124522  0.000000  1.649799 0 1.000000
 1.041601  0.000000  1.734787 0 1.000000
-1.621304  0.000000 -0.162591 0 1.000000
 2.327457  0.000000  1.447601 0 1.000000
-0.849952  0.000000 -0.449454 0 1.000000
-0.449424  0.000000  0.764413 0 1.000000
-4.136275  0.000000  1.604439 0 1.000000
 1.049982  0.000000  1.985319 0 1.000000
-0.929115  0.000000  1.449602 0 1.000000
 0.048846  0.000000 -0.743441 0 1.000000
 3.258320  0.000000  0.926961 0 1.000000
 0.485675  0.000000  0.770069 0 1.000000
 4.821881  0.000000  1.108755 0 1.000000
 2.812619  0.000000  0.425853 0 1.000000
 0.927071  0.000000 -2.100699 0 1.000000
 4.753387  0.000000 -0.197251 0 1.000000
 3.767814  0.000000  0.972001 0 1.000000
 0.895412  0.000000  0.812501 0 1.000000
-2.256627  0.000000 -0.325897 0 1.000000
 3.109676  0.000000  2.119880 0 1.000000
-3.176483  0.000000  0.933967 0 1.000000
-0.768579  0.000000 -1.982585 0 1.000000
 1.998084  0.000000 -0.247369 0 1.000000
-3.244447  0.000000  1.738491 0 1.000000
 1.410757  0.000000 -0.830971 0 1.000000
 4.323235  0.000000  0.432701 0 1.000000
-2.200262  0.000000 -1.002595 0 1.000000
 2.012208  0.000000  1.322827 0 1.000000
 0.694874  0.000000 -2.071838 0 1.000000
 2.627361  0.000000 -0.746701 0 1.000000
 0.098021  0.000000 -0.847350 0 1.000000
 2.621716  0.000000 -0.999259 0 1.000000
 2.218216  0.000000  1.392722 0 1.000000
 0.117768  0.000000 -0.460381 0 1.000000
 1.941826  0.000000 -0.659001 0 1.000000
-0.502027  0.000000  0.520149 0 1.000000
 1.478865  0.000000  0.564381 0 1.000000
 1.125653  0.000000 -0.247806 0 1.000000
 1.017734  0.000000  1.527552 0 1.000000
 0.678679  0.000000 -1.335944 0 1.000000
 1.186445  0.000000  0.882175 0 1.000000
 0.853890  0.000000  1.395765 0 1.000000
 0.864544  0.000000 -1.184166 0 1.000000
 4.898213  0.000000  0.975832 0 1.000000
 2.235056  0.000000 -0.673369 0 1.000000
 1.211644  0.000000 -1.168807 0 1.000000
-0.325121  0.000000 -1.463987 0 1.000000
 4.458662  0.000000  0.803766 0 1.000000
 2.051651  0.000000 -1.178417 0 1.000000
-0.487133  0.000000 -0.003354 0 1.000000
-1.413918  0.000000  1.611594 0 1.000000
 3.485482  0.000000 -0.883494 0 1.000000
-3.892429  0.000000  1.689174 0 1.000000
 1.185533  0.000000 -1.384365 0 1.000000
 2.455957  0.000000  0.805653 0 1.000000
 1.155065  0.000000  1.442484 0 1.000000
 5.065706  0.000000  0.840973 0 1.000000
-1.104898  0.000000 -0.026778 0 1.000000
-0.683283  0.000000  1.703124 0 1.000000
 4.041868  0.000000  0.002912 0 1.000000
 2.677874  0.000000  0.848796 0 1.000000
 0.578313  0.000000 -1.502993 0 1.000000
-2.413434  0.000000  1.223063 0 1.000000
 2.172813  0.000000 -0.463177 0 1.000000
-4.278145  0.000000  0.563025 0 1.000000
 4.444813  0.000000  1.137281 0 1.000000
-0.246253  0.000000  0.251985 0 1.000000
 3.037355  0.000000  0.971628 0 1.000000
 3.180367  0.000000  1.305653 0 1.000000
 1.184086  0.000000  2.412401 0 1.000000
-3.214075  0.000000 -0.068930 0 1.000000
-0.769610  0.000000 -1.895576 0 1.000000
 1.756489  0.000000  0.332870 0 1.000000
 2.452650  0.000000 -0.364750 0 1.000000
-3.837953  0.000000  1.137487 0 1.000000
 1.154149  0.000000  1.100985 0 1.000000
-3.224654  0.000000  0.514798 0 1.000000
-0.638539  0.000000 -0.832331 0 1.000000
 1.755934  0.000000  0.093324 0 1.000000
 2.657376  0.000000  0.979723 0 1.000000
-4.014977  0.000000  1.053369 0 1.000000
-2.247454  0.000000  0.352649 0 1.000000
 1.384946  0.000000  1.139114 0 1.000000
-1.467967  0.000000  0.853170 0 1.000000
-1.864920  0.000000 -1.515298 0 1.000000
-1.167874  0.000000  0.856860 0 1.000000
 4.220058  0.000000  1.660902 0 1.000000
 0.922533  0.000000  0.096459 0 1.000000
-2.145391  0.000000  0.924323 0 1.000000
 0.050743  0.000000  0.844716 0 1.000000
 0.719995  0.000000 -2.196786 0 1.000000
-2.359342  0.000000  0.306371 0 1.000000
 2.764969  0.000000 -0.847735 0 1.000000
-1.997619  0.000000 -0.834452 0 1.000000
-2.706856  0.000000  1.740138 0 1.000000
 0.063372  0.000000 -0.804842 0 1.000000
-2.821328  0.000000  1.093486 0 1.000000
-4.413538  0.000000  1.323271 0 1.000000
-1.077289  0.000000  2.039191 0 1.000000
-2.372389  0.000000  1.052602 0 1.000000
-1.805762  0.000000  1.613554 0 1.000000
-2.081198  0.000000 -0.878153 0 1.000000
-0.703663  0.000000  1.745987 0 1.000000
-0.884060  0.000000 -1.608088 0 1.000000
 1.378546  0.000000 -1.293281 0 1.000000
 0.870173  0.000000  2.371592 0 1.000000
 4.167401  0.000000  0.733516 0 1.000000
 0.357207  0.000000  1.238168 0 1.000000
-2.591413  0.000000  1.271559 0 1.000000
-4.412925  0.000000  1.056997 0 1.000000
 1.888341  0.000000  1.692492 0 1.000000
-0.148365  0.000000  0.425205 0 1.000000
-0.197694  0.000000 -0.252736 0 1.000000
-3.139453  0.000000  1.138514 0 1.000000
 1.372882  0.000000  2.421189 0 1.000000
-4.172562  0.000000  1.477323 0 1.000000
-0.696821  0.000000  0.253824 0 1.000000
-0.046684  0.000000  0.759416 0 1.000000
 2.508396  0.000000  0.731352 0 1.000000
-1.776714  0.000000 -1.041057 0 1.000000
 3.462835  0.000000  1.525892 0 1.000000
 1.121699  0.000000 -2.192495 0 1.000000
-4.421508  0.000000  1.136602 0 1.000000
-3.504452  0.000000  1.276586 0 1.000000
 3.544350  0.000000 -0.929115 0 1.000000
 0.885935  0.000000  1.482393 0 1.000000
-1.634235  0.000000 -0.786065 0 1.000000
-2.351286  0.000000  1.272132 0 1.000000
 1.461427  0.000000  2.115614 0 1.000000
-0.958336  0.000000  1.490348 0 1.000000
 1.303532  0.000000  2.122571 0 1.000000
-4.477522  0.000000  0.840860 0 1.000000
 0.036609  0.000000 -1.934859 0 1.000000
-1.682837  0.000000 -1.043417 0 1.000000
 0.173884  0.000000  0.715696 0 1.000000
-1.212784  0.000000  1.270063 0 1.000000
-0.379306  0.000000  1.228099 0 1.000000
 1.988965  0.000000 -1.014587 0 1.000000
 0.108521  0.000000  1.304045 0 1.000000
 5.060745  0.000000  0.928830 0 1.000000
 1.436228  0.000000 -1.716141 0 1.000000
-1.507208  0.000000  1.770323 0 1.000000
 2.403788  0.000000  0.296844 0 1.000000
 1.871062  0.000000 -0.974481 0 1.000000
 1.735299  0.000000 -0.464014 0 1.000000
-1.292081  0.000000  1.731390 0 1.000000
-2.312978  0.000000  1.219911 0 1.000000
-2.365762  0.000000  0.894150 0 1.000000
-0.161358  0.000000  1.872167 0 1.000000
 4.646030  0.000000  0.478894 0 1.000000
 3.341197  0.000000  0.379958 0 1.000000
 2.094654  0.000000 -1.093998 0 1.000000
-0.934228  0.000000  1.948722 0 1.000000
 3.162562  0.000000  0.015606 0 1.000000
-1.443097  0.000000  0.475892 0 1.000000
 3.087377  0.000000  0.727953 0 1.000000
 3.788132  0.000000 -0.247269 0 1.000000
 0.375403  0.000000 -0.916920 0 1.000000
-2.040972  0.000000 -1.338243 0 1.000000
 3.749178  0.000000  1.113144 0 1.000000
 0.776850  0.000000  1.014422 0 1.000000
 1.057903  0.000000  2.039598 0 1.000000
-0.208403  0.000000  1.611847 0 1.000000
 3.982463  0.000000  0.268570 0 1.000000
 3.948865  0.000000  1.266578 0 1.000000
-1.410830  0.000000 -1.012742 0 1.000000
 3.869041  0.000000 -0.370647 0 1.000000
 4.272529  0.000000 -0.502607 0 1.000000
 2.895480  0.000000  0.222379 0 1.000000
 0.003641  0.000000 -1.428239 0 1.000000
 0.570282  0.000000 -2.011463 0 1.000000
-1.628331  0.000000  0.381577 0 1.000000
 1.999234  0.000000  0.429811 0 1.000000
 0.555068  0.000000 -1.293442 0 1.000000
 2.680854  0.000000 -0.927498 0 1.000000
-3.893976  0.000000  0.338284 0 1.000000
 0.476976  0.000000 -2.278359 0 1.000000
-1.168882  0.000000 -0.582111 0 1.000000
 0.431926  0.000000 -1.758948 0 1.000000
 0.170905  0.000000 -0.872569 0 1.000000
-2.780505  0.000000  0.675163 0 1.000000
 1.925076  0.000000  1.401330 0 1.000000
 0.731477  0.000000  1.186787 0 1.000000
-0.935694  0.000000  1.861528 0 1.000000
 0.754127  0.000000 -0.033683 0 1.000000
 1.148629  0.000000 -2.388926 0 1.000000
 1.622254  0.000000 -1.730851 0 1.000000
-1.833634  0.000000 -0.878355 0 1.000000
 0.813079  0.000000  2.108820 0 1.000000
 5.108298  0.000000  0.600328 0 1.000000
 4.290524  0.000000  1.443937 0 1.000000
 0.951244  0.000000 -2.486891 0 1.000000
-3.539527  0.000000  1.818266 0 1.000000
-0.033970  0.000000  0.898837 0 1.000000
 4.620900  0.000000  0.174959 0 1.000000
 2.414528  0.000000  1.071204 0 1.000000
 2.619025  0.000000 -0.592475 0 1.000000
 2.354883  0.000000 -0.627862 0 1.000000
 2.966061  0.000000 -0.072543 0 1.000000
-3.652292  0.000000  1.021870 0 1.000000
 0.304112  0.000000  2.250683 0 1.000000
-0.555905  0.000000  1.069197 0 1.000000
 2.056628  0.000000  1.813101 0 1.000000
-4.564408  0.000000  1.147767 0 1.000000
 3.338713  0.000000  0.723395 0 1.000000
-0.765242  0.000000  0.226062 0 1.000000
 2.091826  0.000000  1.952102 0 1.000000
-1.371728  0.000000  0.849814 0 1.000000
-0.482369  0.000000 -2.025655 0 1.000000
-1.290271  0.000000 -1.040677 0 1.000000
-3.234298  0.000000  1.571918 0 1.000000
-3.384056  0.000000  0.463322 0 1.000000
 0.697189  0.000000  2.237947 0 1.000000
-2.747833  0.000000  1.228220 0 1.000000
-0.183558  0.000000  1.563286 0 1.000000
-3.705998  0.000000  1.014512 0 1.000000
-2.085748  0.000000 -0.296964 0 1.000000
-3.156653  0.000000  1.558467 0 1.000000
-0.754246  0.000000 -0.973090 0 1.000000
 2.896089  0.000000 -0.874116 0 1.000000
-2.755699  0.000000  0.298557 0 1.000000
 1.831054  0.000000  1.393493 0 1.000000
-1.521923  0.000000 -1.166515 0 1.000000
 3.424990  0.000000  1.390705 0 1.000000
-0.575662  0.000000 -0.876097 0 1.000000
 0.438281  0.000000 -2.281143 0 1.000000
 1.943342  0.000000  1.605735 0 1.000000
 3.085686  0.000000  0.130421 0 1.000000
 0.721874  0.000000  0.755294 0 1.000000
 3.499720  0.000000 -0.580589 0 1.000000
-0.154808  0.000000  1.433968 0 1.000000
 3.729740  0.000000 -0.544177 0 1.000000
-1.388696  0.000000  0.389899 0 1.000000
-0.482053  0.000000 -1.677540 0 1.000000
-0.412849  0.000000  0.130445 0 1.000000
-1.676493  0.000000  1.736367 0 1.000000
-0.937524  0.000000 -0.761670 0 1.000000
-2.401235  0.000000 -0.405549 0 1.000000
 4.474599  0.000000  0.263270 0 1.000000
 1.696567  0.000000  1.696483 0 1.000000
 3.829085  0.000000  1.646801 0 1.000000
 0.622418  0.000000 -0.071214 0 1.000000
 0.040930  0.000000  1.277870 0 1.000000
 0.809115  0.000000  0.218965 0 1.000000
-0.953520  0.000000 -0.966062 0 1.000000
 2.145529  0.000000  0.673441 0 1.000000
 4.598634  0.000000  0.129022 0 1.000000
-1.072512  0.000000 -1.764152 0 1.000000
 1.538328  0.000000  0.123717 0 1.000000
 2.396069  0.000000 -0.120551 0 1.000000
-1.780005  0.000000 -0.791629 0 1.000000
 0.979860  0.000000  2.029452 0 1.000000
 0.223990  0.000000  1.488136 0 1.000000
 0.656756  0.000000  1.812547 0 1.000000
-0.183386  0.000000 -0.372477 0 1.000000
 1.017803  0.000000 -2.009343 0 1.000000
 4.177408  0.000000 -0.590525 0 1.000000
-0.478463  0.000000 -0.211082 0 1.000000
-3.802333  0.000000  0.931953 0 1.000000
 2.968307  0.000000  1.699122 0 1.000000
-2.698993  0.000000  1.067150 0 1.000000
-3.357016  0.000000  0.433364 0 1.000000
 4.329362  0.000000  0.263971 0 1.000000
-3.223317  0.000000  0.924961 0 1.000000
 2.656183  0.000000 -0.466535 0 1.000000
 4.238249  0.000000 -0.336401 0 1.000000
 1.782684  0.000000  0.307497 0 1.000000
-3.073760  0.000000 -0.077325 0 1.000000
 4.006219  0.000000  0.294406 0 1.000000
 0.462466  0.000000  0.122764 0 1.000000
 1.905192  0.000000  2.279793 0 1.000000
-0.945877  0.000000  1.149390 0 1.000000
 0.937409  0.000000  0.138919 0 1.000000
 4.049025  0.000000 -0.593235 0 1.000000
-1.027792  0.000000  1.945642 0 1.000000
 3.158272  0.000000  1.945606 0 1.000000
-3.173320  0.000000  1.605045 0 1.000000
 0.228790  0.000000 -1.856674 0 1.000000
 1.349765  0.000000  1.606048 0 1.000000
 2.153653  0.000000  0.379269 0 1.000000
 0.667240  0.000000  1.864597 0 1.000000
 2.842608  0.000000 -0.202693 0 1.000000
 3.749669  0.000000 -0.510779 0 1.000000
 1.041613  0.000000  0.297220 0 1.000000
 0.534032  0.000000 -2.023903 0 1.000000
 4.661554  0.000000 -0.156250 0 1.000000
-1.141212  0.000000  0.718218 0 1.000000
-1.057291  0.000000  0.556107 0 1.000000
 1.749993  0.000000  1.936972 0 1.000000
-3.738955  0.000000  0.800927 0 1.000000
 0.876692  0.000000 -1.255233 0 1.000000
 1.373820  0.000000  0.882870 0 1.000000
 0.904952  0.000000 -0.030332 0 1.000000
 4.955582  0.000000  0.008393 0 1.000000
-0.447082  0.000000 -1.506471 0 1.000000
-0.465658  0.000000  0.382436 0 1.000000
 2.432003  0.000000 -0.070979 0 1.000000
 3.121629  0.000000  0.177989 0 1.000000
-0.638802  0.000000 -0.590038 0 1.000000
-2.153209  0.000000  0.091448 0 1.000000
 2.938291  0.000000  1.239702 0 1.000000
-0.010498  0.000000 -0.077466 0 1.000000
 3.353690  0.000000  0.587856 0 1.000000
-1.452209  0.000000 -0.889005 0 1.000000
 0.066359  0.000000 -0.628711 0 1.000000
 1.045089  0.000000  0.462645 0 1.000000
-1.905026  0.000000  0.686941 0 1.000000
-1.294297  0.000000  0.802106 0 1.000000
 0.501869  0.000000  0.044313 0 1.000000
-3.228162  0.000000  0.015408 0 1.000000
 4.424749  0.000000  1.018085 0 1.000000
 3.983280  0.000000  1.109451 0 1.000000
-1.627454  0.000000 -0.300181 0 1.000000
 1.612284  0.000000  1.534168 0 1.000000
 3.765902  0.000000  0.463856 0 1.000000
 1.695993  0.000000  1.438208 0 1.000000
-1.367749  0.000000 -0.087626 0 1.000000
-4.380713  0.000000  0.928598 0 1.000000
 0.385847  0.000000 -2.432171 0 1.000000
-2.795935  0.000000  0.967341 0 1.000000
 2.326512  0.000000  0.083968 0 1.000000
-1.085826  0.000000  0.353909 0 1.000000
 0.912046  0.000000 -0.662290 0 1.000000
 1.505205  0.000000  1.936234 0 1.000000
-2.004223  0.000000 -1.587488 0 1.000000
 0.209914  0.000000  0.057532 0 1.000000
 2.925538  0.000000  0.016001 0 1.000000
 4.194784  0.000000  0.675677 0 1.000000
-3.562770  0.000000  0.847459 0 1.000000
 1.970493  0.000000  1.403805 0 1.000000
 3.898813  0.000000  0.510321 0 1.000000
 3.355279  0.000000 -0.828206 0 1.000000
 1.449095  0.000000  1.363046 0 1.000000
-0.190584  0.000000 -2.093396 0 1.000000
-0.161621  0.000000 -0.833938 0 1.000000
 2.416695  0.000000  2.402377 0 1.000000
 0.513977  0.000000  1.318986 0 1.000000
-0.323333  0.000000  0.378351 0 1.000000
 1.143169  0.000000  1.225619 0 1.000000
 3.764020  0.000000  0.219541 0 1.000000
 0.864327  0.000000  2.126235 0 1.000000
-0.802611  0.000000  1.135372 0 1.000000
-2.119242  0.000000  1.899135 0 1.000000
 0.783840  0.000000 -1.689142 0 1.000000
 3.403009  0.000000  0.000697 0 1.000000
-3.220782  0.000000  1.195013 0 1.000000
-1.732359  0.000000  1.052226 0 1.000000
 1.059153  0.000000 -1.689946 0 1.000000
 3.280562  0.000000  0.646972 0 1.000000
 1.217847  0.000000 -2.107776 0 1.000000
-4.106731  0.000000  0.842447 0 1.000000
 4.323814  0.000000 -0.078959 0 1.000000
 2.421281  0.000000  1.447764 0 1.000000
-3.325485  0.000000  1.108672 0 1.000000
 2.162761  0.000000  1.223190 0 1.000000
-2.869988  0.000000  1.270433 0 1.000000
 1.241396  0.000000 -1.220724 0 1.000000
 0.026301  0.000000  0.311742 0 1.000000
-1.879658  0.000000  1.649996 0 1.000000
 1.732041  0.000000 -1.971084 0 1.000000
 1.600519  0.000000 -1.588576 0 1.000000
-1.662195  0.000000  0.941181 0 1.000000
-0.079494  0.000000 -1.059057 0 1.000000
-0.960843  0.000000  1.897324 0 1.000000
-0.061317  0.000000  1.448203 0 1.000000
-0.615871  0.000000  0.545135 0 1.000000
 0.485797  0.000000  0.848664 0 1.000000
 0.041615  0.000000 -0.003218 0 1.000000
 0.565800  0.000000 -1.641379 0 1.000000
-0.047293  0.000000 -2.009886 0 1.000000
 3.574487  0.000000 -0.034424 0 1.000000
-1.685684  0.000000  0.640062 0 1.000000
 4.167745  0.000000 -0.542078 0 1.000000
 4.572175  0.000000  0.335506 0 1.000000
 3.080862  0.000000 -0.285961 0 1.000000
 3.396938  0.000000  1.364378 0 1.000000
 1.307069  0.000000  1.016646 0 1.000000
 0.853737  0.000000 -1.460611 0 1.000000
 2.605459  0.000000  1.899968 0 1.000000
-4.179835  0.000000  1.563647 0 1.000000
-1.465290  0.000000  0.430689 0 1.000000
 0.727092  0.000000 -0.752126 0 1.000000
 2.165707  0.000000  1.486746 0 1.000000
-2.018068  0.000000  0.732120 0 1.000000
-0.145726  0.000000  1.774595 0 1.000000
-2.936282  0.000000  0.169527 0 1.000000
 2.561606  0.000000 -0.203611 0 1.000000
-2.336151  0.000000 -0.918871 0 1.000000
-2.344236  0.000000  1.683047 0 1.000000
-3.803726  0.000000  0.514150 0 1.000000
 3.063499  0.000000  0.265601 0 1.000000
-1.984766  0.000000  0.466429 0 1.000000
-2.264771  0.000000  1.050262 0 1.000000
 1.778751  0.000000  1.307790 0 1.000000
 2.578429  0.000000 -0.923795 0 1.000000
-0.984550  0.000000 -1.265538 0 1.000000
 2.463427  0.000000  1.895357 0 1.000000
-4.274776  0.000000  0.725115 0 1.000000
 2.068433  0.000000 -0.382782 0 1.000000
-0.549206  0.000000  2.112277 0 1.000000
 3.481090  0.000000  1.660069 0 1.000000
-3.554073  0.000000  0.433035 0 1.000000
 3.499752  0.000000 -0.829214 0 1.000000
-0.937645  0.000000  0.169246 0 1.000000
-0.107450  0.000000  0.256668 0 1.000000
 0.115247  0.000000  2.157988 0 1.000000
 2.040631  0.000000 -0.157396 0 1.000000
 2.959295  0.000000 -0.840798 0 1.000000
 2.061502  0.000000 -0.548482 0 1.000000
-1.887290  0.000000  1.238741 0 1.000000
-0.829942  0.000000 -0.834016 0 1.000000
-2.875613  0.000000  1.703803 0 1.000000
-0.193568  0.000000 -1.091087 0 1.000000
 1.823414  0.000000  0.972453 0 1.000000
-3.715896  0.000000  1.366357 0 1.000000
 1.731057  0.000000 -1.296164 0 1.000000
-0.864156  0.000000  1.236237 0 1.000000
-1.856961  0.000000  1.187934 0 1.000000
 0.200231  0.000000 -1.590632 0 1.000000
 4.038793  0.000000  0.511993 0 1.000000
-0.189399  0.000000 -1.608078 0 1.000000
 3.192694  0.000000  1.908176 0 1.000000
-3.374408  0.000000 -0.071647 0 1.000000
-0.221849  0.000000  1.316920 0 1.000000
 3.437287  0.000000  1.656620 0 1.000000
 0.842994  0.000000 -1.632367 0 1.000000
-0.978737  0.000000 -0.578991 0 1.000000
-2.244156  0.000000 -1.254408 0 1.000000
 1.609679  0.000000 -1.692433 0 1.000000
 1.278723  0.000000  2.485934 0 1.000000
-2.222254  0.000000  0.309445 0 1.000000
-1.398740  0.000000  0.475577 0 1.000000
-0.611217  0.000000  1.559362 0 1.000000
-3.970405  0.000000  1.228607 0 1.000000
-1.272594  0.000000 -0.072567 0 1.000000
-3.472509  0.000000  0.519050 0 1.000000
 0.278719  0.000000 -0.077767 0 1.000000
 2.361120  0.000000 -0.280011 0 1.000000
 1.649801  0.000000 -0.751364 0 1.000000
 3.504486  0.000000  0.760225 0 1.000000
-0.227236  0.000000 -0.801393 0 1.000000
 1.344796  0.000000 -0.298374 0 1.000000
 3.047908  0.000000  1.138674 0 1.000000
-3.109387  0.000000  1.481540 0 1.000000
-0.914337  0.000000 -1.217543 0 1.000000
-2.523241  0.000000  1.654896 0 1.000000
-2.118202  0.000000  0.887963 0 1.000000
 3.579355  0.000000  0.469159 0 1.000000
-0.077846  0.000000 -1.560942 0 1.000000
 4.592657  0.000000  0.461346 0 1.000000
-0.436710  0.000000  1.445397 0 1.000000
-1.490981  0.000000 -0.553059 0 1.000000
-1.474981  0.000000  0.757242 0 1.000000
-3.485450  0.000000  1.815344 0 1.000000
-0.305474  0.000000 -1.003026 0 1.000000
 1.145381  0.000000 -1.641827 0 1.000000
-4.248285  0.000000  0.687467 0 1.000000
-3.260527  0.000000  0.933713 0 1.000000
 2.315968  0.000000  2.164476 0 1.000000
 2.301160  0.000000  2.409771 0 1.000000
-3.969526  0.000000  0.733367 0 1.000000
 1.714366  0.000000  0.462809 0 1.000000
-1.906195  0.000000  1.261554 0 1.000000
-3.210881  0.000000  0.859678 0 1.000000
-2.120825  0.000000  0.544852 0 1.000000
-2.190487  0.000000 -0.835995 0 1.000000
 4.357875  0.000000  0.292909 0 1.000000
 1.985715  0.000000 -1.764147 0 1.000000
 1.265679  0.000000  1.012704 0 1.000000
 3.625463  0.000000  0.135534 0 1.000000
-1.349300  0.000000 -0.118925 0 1.000000
-1.440323  0.000000  0.562251 0 1.000000
 1.452028  0.000000  1.183665 0 1.000000
-2.907957  0.000000  0.559691 0 1.000000
 2.135064  0.000000  0.420041 0 1.000000
 0.624598  0.000000 -2.114408 0 1.000000
 3.555082  0.000000 -0.660093 0 1.000000
 1.340453  0.000000 -0.535966 0 1.000000
-1.556874  0.000000  1.022310 0 1.000000
 0.217277  0.000000 -0.886744 0 1.000000
-0.795009  0.000000 -1.101307 0 1.000000
-2.758468  0.000000  0.554944 0 1.000000
-3.718350  0.000000  0.923525 0 1.000000
-3.174917  0.000000  1.938531 0 1.000000
 3.658991  0.000000  0.342016 0 1.000000
-4.330939  0.000000  0.771921 0 1.000000
 0.353852  0.000000  1.904627 0 1.000000
 1.090840  0.000000  1.062730 0 1.000000
-0.609872  0.000000  1.234661 0 1.000000
 3.981239  0.000000  1.701337 0 1.000000
 1.388309  0.000000  0.142109 0 1.000000
-0.371856  0.000000 -0.379415 0 1.000000
-0.874012  0.000000 -1.927869 0 1.000000
-3.473555  0.000000  1.533554 0 1.000000
 2.107115  0.000000 -0.964244 0 1.000000
-2.327899  0.000000  1.391445 0 1.000000
 4.472023  0.000000  0.333340 0 1.000000
 0.561166  0.000000  0.975430 0 1.000000
 0.411543  0.000000 -0.034704 0 1.000000
 4.397307  0.000000 -0.533145 0 1.000000
-4.156353  0.000000  0.756019 0 1.000000
 1.453500  0.000000 -0.426763 0 1.000000
 1.683571  0.000000  1.905707 0 1.000000
-2.564694  0.000000  1.404913 0 1.000000
 2.099683  0.000000  1.446917 0 1.000000
-2.969238  0.000000  0.420014 0 1.000000
-0.231066  0.000000 -1.293696 0 1.000000
-3.385727  0.000000  1.647306 0 1.000000
-1.121668  0.000000  0.336456 0 1.000000
-2.790355  0.000000  1.956728 0 1.000000
-4.380923  0.000000  0.503350 0 1.000000
 3.537021  0.000000  0.812562 0 1.000000
 3.359053  0.000000 -0.332672 0 1.000000
-3.297260  0.000000  0.554462 0 1.000000
 0.315769  0.000000 -1.137715 0 1.000000
 1.389400  0.000000 -0.874627 0 1.000000
-1.644620  0.000000 -0.970869 0 1.000000
-2.163096  0.000000 -0.721250 0 1.000000
 2.351590  0.000000  0.385880 0 1.000000
 4.210451  0.000000  1.482186 0 1.000000
-0.058562  0.000000  2.040109 0 1.000000
 1.238727  0.000000  0.981905 0 1.000000
 3.419287  0.000000  0.386755 0 1.000000
-0.198463  0.000000 -0.491852 0 1.000000
 1.862415  0.000000 -1.630105 0 1.000000
 1.503581  0.000000  1.694400 0 1.000000
-1.547633  0.000000 -1.292897 0 1.000000
-3.269405  0.000000  1.015624 0 1.000000
 0.258177  0.000000  1.473248 0 1.000000
-0.920877  0.000000  0.513439 0 1.000000
 0.649021  0.000000 -1.642202 0 1.000000
-0.084321  0.000000  1.999625 0 1.000000
 1.406108  0.000000 -2.270650 0 1.000000
 1.550651  0.000000  2.362445 0 1.000000
 1.010204  0.000000 -0.999397 0 1.000000
 3.729969  0.000000  0.128917 0 1.000000
 1.257445  0.000000  2.033978 0 1.000000
 4.190668  0.000000  1.357676 0 1.000000
 4.767543  0.000000  0.422536 0 1.000000
 1.648900  0.000000 -1.085517 0 1.000000
-0.547073  0.000000  1.178611 0 1.000000
-1.581272  0.000000 -0.203755 0 1.000000
-1.950897  0.000000  0.181797 0 1.000000
 3.520150  0.000000  0.475046 0 1.000000
 3.143015  0.000000  2.151533 0 1.000000
-0.158571  0.000000  0.511090 0 1.000000
 3.159053  0.000000 -1.013021 0 1.000000
 3.477843  0.000000 -0.463079 0 1.000000
 0.366165  0.000000 -0.717468 0 1.000000
 1.280481  0.000000  2.244181 0 1.000000
 1.234735  0.000000  2.337119 0 1.000000
-3.236782  0.000000  0.968748 0 1.000000
 0.784776  0.000000 -2.346545 0 1.000000
-1.119367  0.000000 -1.086912 0 1.000000
 2.704840  0.000000  1.482056 0 1.000000
 2.965734  0.000000  1.863951 0 1.000000
-3.123512  0.000000  0.174161 0 1.000000
 2.840059  0.000000  0.046272 0 1.000000
-2.057356  0.000000 -0.162401 0 1.000000
 0.841713  0.000000 -1.555229 0 1.000000
-2.146826  0.000000 -0.238742 0 1.000000
 0.254027  0.000000 -1.299938 0 1.000000
-1.043400  0.000000  0.805983 0 1.000000
 0.573987  0.000000 -1.098692 0 1.000000
 0.584394  0.000000  0.679891 0 1.000000
-1.579330  0.000000 -1.563195 0 1.000000
 1.545096  0.000000  1.352398 0 1.000000
 2.671879  0.000000  1.866602 0 1.000000
 1.091960  0.000000 -0.703907 0 1.000000
 0.490321  0.000000 -2.441853 0 1.000000
 4.508329  0.000000  0.378267 0 1.000000
 0.801651  0.000000  0.057139 0 1.000000
 3.398873  0.000000  1.532088 0 1.000000
-3.200568  0.000000  1.228646 0 1.000000
 1.876065  0.000000 -0.125701 0 1.000000
-2.329037  0.000000  0.890854 0 1.000000
 0.794927  0.000000  1.483805 0 1.000000
-3.182293  0.000000  0.429808 0 1.000000
-1.684511  0.000000  0.805335 0 1.000000
 2.110939  0.000000  1.904193 0 1.000000
-0.542335  0.000000  2.041609 0 1.000000
 2.087741  0.000000  1.106746 0 1.000000
 0.736065  0.000000  0.688038 0 1.000000
 3.496520  0.000000  1.869046 0 1.000000
-3.285273  0.000000  1.388837 0 1.000000
 2.190853  0.000000  0.605168 0 1.000000
 1.048283  0.000000  0.809222 0 1.000000
 1.780377  0.000000 -0.635741 0 1.000000
 1.767874  0.000000  2.332738 0 1.000000
-1.268323  0.000000 -1.861150 0 1.000000
 0.081980  0.000000 -0.587787 0 1.000000
 1.618022  0.000000 -2.565176 0 1.000000
 4.637509  0.000000  0.968567 0 1.000000
-0.061915  0.000000  0.938185 0 1.000000
 3.583175  0.000000 -0.884086 0 1.000000
-0.590582  0.000000  1.856267 0 1.000000
 4.421028  0.000000 -0.162518 0 1.000000
-0.589196  0.000000 -0.159398 0 1.000000
 1.832203  0.000000 -2.406977 0 1.000000
 0.962382  0.000000 -2.024578 0 1.000000
-1.056868  0.000000 -0.119669 0 1.000000
-3.341830  0.000000  0.222670 0 1.000000
-3.275392  0.000000  0.002164 0 1.000000
-0.612642  0.000000  1.391269 0 1.000000
-1.117254  0.000000 -0.156690 0 1.000000
 3.565732  0.000000  0.731398 0 1.000000
 0.697343  0.000000 -2.402179 0 1.000000
-3.043745  0.000000  1.138969 0 1.000000
 3.827456  0.000000 -0.037764 0 1.000000
 2.578778  0.000000  0.100782 0 1.000000
 2.720462  0.000000 -0.247197 0 1.000000
 1.513002  0.000000 -1.098088 0 1.000000
 1.775588  0.000000 -1.223060 0 1.000000
 5.065130  0.000000  0.763713 0 1.000000
-3.410218  0.000000  1.184484 0 1.000000
 0.092512  0.000000  1.953036 0 1.000000
-0.737711  0.000000  0.016233 0 1.000000
-0.669738  0.000000  0.812366 0 1.000000
-1.585528  0.000000  0.546270 0 1.000000
-1.093029  0.000000 -1.802100 0 1.000000
-3.811645  0.000000  0.672094 0 1.000000
-1.334527  0.000000  0.896376 0 1.000000
 0.311660  0.000000 -1.894494 0 1.000000
 1.081955  0.000000 -1.725815 0 1.000000
 4.475438  0.000000  0.183032 0 1.000000
-0.587063  0.000000  1.698988 0 1.000000
 3.468939  0.000000 -0.633637 0 1.000000
 4.308065  0.000000  0.732131 0 1.000000
-2.095096  0.000000 -0.762418 0 1.000000
-0.031856  0.000000 -1.981215 0 1.000000
-2.726042  0.000000  0.014482 0 1.000000
-0.976552  0.000000 -1.100174 0 1.000000
 3.096876  0.000000  1.139740 0 1.000000
 3.942912  0.000000 -0.163514 0 1.000000
 4.919953  0.000000  0.680851 0 1.000000
 1.889829  0.000000 -0.250637 0 1.000000
 2.329712  0.000000  0.012607 0 1.000000
 2.140079  0.000000 -1.269310 0 1.000000
 4.028392  0.000000  1.606574 0 1.000000
-1.347863  0.000000  1.051436 0 1.000000
-1.766411  0.000000 -0.413169 0 1.000000
-2.351424  0.000000  1.515397 0 1.000000
 1.602493  0.000000  1.348276 0 1.000000
 1.069408  0.000000  2.116836 0 1.000000
 1.068816  0.000000  0.334774 0 1.000000
 3.899936  0.000000  0.858018 0 1.000000
-2.437801  0.000000 -1.254324 0 1.000000
 0.801601  0.000000  1.816481 0 1.000000
-1.276892  0.000000  0.266434 0 1.000000
 1.530979  0.000000  0.388268 0 1.000000
 0.430893  0.000000  2.041685 0 1.000000
 0.314668  0.000000  0.048106 0 1.000000
-0.579798  0.000000 -1.845206 0 1.000000
 1.013444  0.000000  2.123554 0 1.000000
 1.872012  0.000000 -0.383478 0 1.000000
-0.997643  0.000000  0.807527 0 1.000000
-3.298801  0.000000  1.067534 0 1.000000
 4.667918  0.000000  0.338009 0 1.000000
-3.342533  0.000000  0.040097 0 1.000000
 0.742802  0.000000  1.070780 0 1.000000
-0.842074  0.000000  0.589691 0 1.000000
 1.336181  0.000000  0.388423 0 1.000000
 2.777252  0.000000  0.087529 0 1.000000
-0.363580  0.000000  2.160572 0 1.000000
 2.475591  0.000000  0.332797 0 1.000000
 3.682751  0.000000  1.573523 0 1.000000
-1.979462  0.000000 -0.370036 0 1.000000
 2.121200  0.000000  2.412054 0 1.000000
-0.255823  0.000000 -0.421959 0 1.000000
-3.127777  0.000000  1.111176 0 1.000000
-1.709785  0.000000  1.018682 0 1.000000
-0.512503  0.000000  0.380961 0 1.000000
 1.877074  0.000000 -0.718341 0 1.000000
-0.191644  0.000000  0.099910 0 1.000000
 4.361560  0.000000  0.049396 0 1.000000
 3.862591  0.000000  1.310822 0 1.000000
-1.169862  0.000000  1.957357 0 1.000000
-0.693472  0.000000 -1.425202 0 1.000000
 4.371626  0.000000  1.265650 0 1.000000
 4.459239  0.000000  0.720998 0 1.000000
-0.978016  0.000000 -1.601927 0 1.000000
 0.570102  0.000000 -2.348453 0 1.000000
-0.489008  0.000000 -1.344443 0 1.000000
 0.228551  0.000000  0.942391 0 1.000000
-0.824896  0.000000  1.691561 0 1.000000
 2.502123  0.000000  1.740755 0 1.000000
-2.905969  0.000000  1.144961 0 1.000000
 1.130107  0.000000 -2.145159 0 1.000000
-1.387851  0.000000 -1.464453 0 1.000000
 1.655063  0.000000 -0.576441 0 1.000000
 1.317588  0.000000  1.195283 0 1.000000
 1.862903  0.000000  2.326689 0 1.000000
-1.786201  0.000000  0.304276 0 1.000000
 2.725479  0.000000  0.599197 0 1.000000
 1.402307  0.000000 -2.612379 0 1.000000
 1.988590  0.000000  1.531721 0 1.000000
 1.271526  0.000000  0.248992 0 1.000000
 0.748984  0.000000  1.565869 0 1.000000
 2.993327  0.000000  0.716879 0 1.000000
-1.168394  0.000000 -0.507049 0 1.000000
 2.680064  0.000000  2.198499 0 1.000000
-0.050124  0.000000 -1.846484 0 1.000000
-2.880372  0.000000  0.417706 0 1.000000
 2.488658  0.000000  0.508934 0 1.000000
-0.207389  0.000000 -0.165709 0 1.000000
 4.832917  0.000000  1.136959 0 1.000000
 3.671854  0.000000  0.138779 0 1.000000
-0.321269  0.000000  1.654594 0 1.000000
 2.486825  0.000000  2.108805 0 1.000000
 0.522929  0.000000 -0.927572 0 1.000000
-1.516103  0.000000  0.180624 0 1.000000
 4.942884  0.000000  0.385369 0 1.000000
-0.032081  0.000000 -2.220767 0 1.000000
-3.517331  0.000000  0.014879 0 1.000000
 2.485825  0.000000  0.683313 0 1.000000
 3.282580  0.000000 -0.873535 0 1.000000
 0.697646  0.000000  0.044723 0 1.000000
 1.429020  0.000000  1.899849 0 1.000000
 2.227026  0.000000  1.013069 0 1.000000
 0.043859  0.000000 -0.833752 0 1.000000
 1.501410  0.000000 -2.604745 0 1.000000
 1.425595  0.000000  1.404046 0 1.000000
-4.350422  0.000000  1.185373 0 1.000000
-0.680458  0.000000 -1.101242 0 1.000000
-0.913127  0.000000 -0.460192 0 1.000000
 2.218732  0.000000  2.232462 0 1.000000
-0.679477  0.000000  1.781828 0 1.000000
 2.950565  0.000000  1.987906 0 1.000000
 4.892730  0.000000  0.208281 0 1.000000
 2.877033  0.000000  0.179623 0 1.000000
 1.659628  0.000000 -0.330731 0 1.000000
 4.194977  0.000000 -0.491207 0 1.000000
-0.497726  0.000000 -0.500540 0 1.000000
-1.760610  0.000000  1.026751 0 1.000000
-0.679226  0.000000  0.353866 0 1.000000
-2.978008  0.000000  0.926261 0 1.000000
-0.960214  0.000000  0.054676 0 1.000000
 0.350071  0.000000  1.316417 0 1.000000
-0.955595  0.000000 -1.297777 0 1.000000
-3.286553  0.000000  0.475334 0 1.000000
-1.741667  0.000000  0.382268 0 1.000000
 3.494180  0.000000 -0.408806 0 1.000000
 2.837417  0.000000 -0.884562 0 1.000000
-2.061320  0.000000  1.949940 0 1.000000
-2.269159  0.000000  0.207043 0 1.000000
 3.543118  0.000000  0.008182 0 1.000000
 3.461924  0.000000  0.859043 0 1.000000
 0.477346  0.000000  0.943788 0 1.000000
 0.910269  0.000000  2.109148 0 1.000000
 0.823156  0.000000  0.516914 0 1.000000
 2.302410  0.000000 -0.552307 0 1.000000
 0.115493  0.000000  0.549873 0 1.000000
 0.552957  0.000000  1.311673 0 1.000000
 1.133556  0.000000 -1.057958 0 1.000000
-3.054824  0.000000  0.215493 0 1.000000
 3.323929  0.000000  1.304513 0 1.000000
-1.080016  0.000000  0.083773 0 1.000000
 0.715570  0.000000  2.117447 0 1.000000
 0.780322  0.000000  1.186339 0 1.000000
 4.126184  0.000000  0.175353 0 1.000000
 2.780815  0.000000  1.872992 0 1.000000
-4.004579  0.000000  1.105577 0 1.000000
-1.806560  0.000000  1.431661 0 1.000000
 3.630784  0.000000  0.975348 0 1.000000
-0.319279  0.000000 -0.293035 0 1.000000
 2.376128  0.000000  1.271623 0 1.000000
-0.487985  0.000000 -1.258876 0 1.000000
 2.019764  0.000000 -1.549459 0 1.000000
-1.074998  0.000000  1.016693 0 1.000000
 1.729525  0.000000 -1.054972 0 1.000000
 3.597931  0.000000  0.517945 0 1.000000
-1.535520  0.000000  1.818229 0 1.000000
-2.687024  0.000000  1.449981 0 1.000000
 1.605140  0.000000 -1.427201 0 1.000000
 1.084945  0.000000  1.306043 0 1.000000
 1.194450  0.000000 -1.222149 0 1.000000
-2.967767  0.000000  1.364867 0 1.000000
 4.087175  0.000000  1.693213 0 1.000000
 0.791729  0.000000  0.391326 0 1.000000
 3.107922  0.000000  1.604263 0 1.000000
 2.821531  0.000000 -0.503621 0 1.000000
 4.398507  0.000000 -0.291536 0 1.000000
-2.906682  0.000000  1.896055 0 1.000000
 2.282713  0.000000 -0.339171 0 1.000000
-1.596800  0.000000 -1.732484 0 1.000000
-1.733444  0.000000  1.908419 0 1.000000
 1.072995  0.000000  0.418265 0 1.000000
 0.413167  0.000000 -1.213569 0 1.000000
-1.336700  0.000000  1.737958 0 1.000000
 2.624271  0.000000  0.183487 0 1.000000
 4.545785  0.000000 -0.042603 0 1.000000
-0.181245  0.000000 -0.718184 0 1.000000
 1.238471  0.000000  0.135390 0 1.000000
-1.948533  0.000000  1.942494 0 1.000000
 1.905072  0.000000 -0.166155 0 1.000000
-0.001150  0.000000  2.108293 0 1.000000
-1.852688  0.000000 -0.079219 0 1.000000
 2.834505  0.000000  0.647055 0 1.000000
 3.073415  0.000000  0.343806 0 1.000000
-1.140559  0.000000  0.806681 0 1.000000
 2.839605  0.000000  1.989823 0 1.000000
-1.244691  0.000000  0.640461 0 1.000000
 1.793982  0.000000 -1.860236 0 1.000000
-2.754810  0.000000  0.893415 0 1.000000
 0.016708  0.000000 -1.978105 0 1.000000
 0.078694  0.000000  1.994632 0 1.000000
 4.191256  0.000000  1.276784 0 1.000000
 4.261304  0.000000  0.900697 0 1.000000
-2.049657  0.000000 -0.331967 0 1.000000
 4.749205  0.000000  1.323081 0 1.000000
 0.219566  0.000000 -2.221751 0 1.000000
-2.850327  0.000000  1.405561 0 1.000000
-1.663268  0.000000  1.532911 0 1.000000
 1.239793  0.000000 -1.641978 0 1.000000
 3.089399  0.000000  1.226262 0 1.000000
 0.998783  0.000000  1.655140 0 1.000000
 0.456757  0.000000  1.068038 0 1.000000
-3.946723  0.000000  1.028235 0 1.000000
-0.344694  0.000000  0.839525 0 1.000000
 2.609165  0.000000  1.978483 0 1.000000
 0.044142  0.000000 -2.100994 0 1.000000
 0.193480  0.000000 -0.500276 0 1.000000
 4.111406  0.000000  0.637121 0 1.000000
 0.232609  0.000000  1.604476 0 1.000000
-2.569393  0.000000  1.654679 0 1.000000
 3.290013  0.000000  1.909848 0 1.000000
 0.139664  0.000000  1.099340 0 1.000000
-1.998578  0.000000  0.428878 0 1.000000
-3.396099  0.000000  0.044616 0 1.000000
 3.098809  0.000000 -0.791696 0 1.000000
-3.898712  0.000000  1.103407 0 1.000000
-1.194826  0.000000 -0.707463 0 1.000000
 2.194509  0.000000 -0.499573 0 1.000000
 1.281246  0.000000 -1.127051 0 1.000000
 2.238936  0.000000  0.255298 0 1.000000
-2.508916  0.000000  0.383604 0 1.000000
-0.525754  0.000000 -1.471167 0 1.000000
 2.036205  0.000000  2.463344 0 1.000000
-1.031659  0.000000  1.269821 0 1.000000
-1.889985  0.000000 -0.630404 0 1.000000
 2.210399  0.000000  0.969188 0 1.000000
 2.037249  0.000000 -0.256411 0 1.000000
 1.823967  0.000000 -2.221692 0 1.000000
-0.178254  0.000000 -0.873842 0 1.000000
 1.832167  0.000000 -1.810647 0 1.000000
-0.263728  0.000000 -1.300322 0 1.000000
-2.144779  0.000000  0.686087 0 1.000000
-2.121060  0.000000  1.320198 0 1.000000
 1.718892  0.000000  1.236277 0 1.000000
-4.334183  0.000000  0.937061 0 1.000000
-0.803479  0.000000  1.993431 0 1.000000
-0.531294  0.000000 -1.005528 0 1.000000
 0.525909  0.000000 -0.999356 0 1.000000
-3.356659  0.000000  0.855681 0 1.000000
 3.016827  0.000000 -0.507136 0 1.000000
 0.571990  0.000000 -1.673943 0 1.000000
 2.074382  0.000000  0.385420 0 1.000000
-2.484122  0.000000 -0.171626 0 1.000000
-1.014468  0.000000 -0.710582 0 1.000000
 1.754106  0.000000  0.764393 0 1.000000
 2.310145  0.000000  0.132582 0 1.000000
 2.940935  0.000000  1.725665 0 1.000000
 1.902247  0.000000 -0.921588 0 1.000000
 2.810920  0.000000  0.264292 0 1.000000
 1.535086  0.000000 -1.726562 0 1.000000
-0.393741  0.000000 -1.769757 0 1.000000
 4.500530  0.000000  1.312659 0 1.000000
-2.154577  0.000000 -1.176868 0 1.000000
 2.731655  0.000000  0.012156 0 1.000000
-0.419571  0.000000  0.893058 0 1.000000
-1.321032  0.000000 -0.662090 0 1.000000
 3.696551  0.000000 -0.574179 0 1.000000
-2.145844  0.000000  0.764716 0 1.000000
-0.515206  0.000000 -0.800780 0 1.000000
 2.255602  0.000000  1.562140 0 1.000000
 2.270886  0.000000  1.824690 0 1.000000
-3.522123  0.000000  0.260854 0 1.000000
-0.573652  0.000000 -0.291987 0 1.000000
-0.346149  0.000000 -1.603424 0 1.000000
-1.767690  0.000000  0.509500 0 1.000000
-3.956749  0.000000  0.343299 0 1.000000
 3.870009  0.000000  0.713951 0 1.000000
 0.953942  0.000000 -0.550992 0 1.000000
 3.217850  0.000000 -0.257910 0 1.000000
 4.041074  0.000000  0.341736 0 1.000000
 0.043773  0.000000 -2.190487 0 1.000000
 0.765245  0.000000  2.197230 0 1.000000
 0.556895  0.000000  0.044511 0 1.000000
-4.241399  0.000000  1.535404 0 1.000000
-3.446877  0.000000  0.807923 0 1.000000
 0.206421  0.000000  0.628216 0 1.000000
-1.091565  0.000000  1.311943 0 1.000000
 1.546720  0.000000 -0.663398 0 1.000000
-0.640550  0.000000 -1.437323 0 1.000000
-2.075531  0.000000  0.971197 0 1.000000
 3.155272  0.000000  1.524812 0 1.000000
 1.900231  0.000000 -2.009238 0 1.000000
 0.036454  0.000000 -1.671945 0 1.000000
-2.616945  0.000000  0.550871 0 1.000000
-0.898122  0.000000  0.649127 0 1.000000
 1.358112  0.000000 -2.191753 0 1.000000
 4.047224  0.000000  1.437787 0 1.000000
-2.225192  0.000000  0.384002 0 1.000000
 4.568918  0.000000 -0.328512 0 1.000000
-2.771702  0.000000  0.506562 0 1.000000
-1.057919  0.000000 -1.717205 0 1.000000
-1.833684  0.000000 -0.377165 0 1.000000
 4.254353  0.000000 -0.033061 0 1.000000
 3.990470  0.000000  0.595360 0 1.000000
 1.782158  0.000000 -0.453071 0 1.000000
-0.155726  0.000000 -2.101488 0 1.000000
-0.118180  0.000000 -1.047559 0 1.000000
 3.408574  0.000000  1.177062 0 1.000000
 3.680011  0.000000  1.396805 0 1.000000
 3.387254  0.000000  0.561988 0 1.000000
-1.031825  0.000000 -1.857251 0 1.000000
 3.225112  0.000000 -0.213717 0 1.000000
-1.079159  0.000000  0.427606 0 1.000000
 3.621179  0.000000 -0.110156 0 1.000000
-1.324279  0.000000 -0.084575 0 1.000000
 4.857261  0.000000  0.587003 0 1.000000
 0.019783  0.000000  0.644182 0 1.000000
-1.808002  0.000000 -1.520464 0 1.000000
 3.495903  0.000000  0.014751 0 1.000000
 3.013008  0.000000  1.870333 0 1.000000
 0.809133  0.000000 -1.805292 0 1.000000
-1.735752  0.000000 -1.207111 0 1.000000
-1.912239  0.000000 -0.998217 0 1.000000
 0.488639  0.000000  0.082563 0 1.000000
-1.671845  0.000000 -0.584443 0 1.000000
 2.121168  0.000000  0.131882 0 1.000000
 2.853609  0.000000  1.484437 0 1.000000
-3.906750  0.000000  1.365574 0 1.000000
-3.188547  0.000000  0.966965 0 1.000000
-0.940830  0.000000  0.930313 0 1.000000
-1.870278  0.000000  1.483485 0 1.000000
-2.090026  0.000000 -0.586775 0 1.000000
-1.244501  0.000000  0.807723 0 1.000000
 1.928656  0.000000 -0.702522 0 1.000000
-0.248009  0.000000 -1.770923 0 1.000000
-0.037280  0.000000  1.825944 0 1.000000
 2.537029  0.000000  1.942706 0 1.000000
 1.476578  0.000000 -0.887905 0 1.000000
 1.254176  0.000000  2.290680 0 1.000000
-3.018388  0.000000  0.759040 0 1.000000
-1.862271  0.000000  0.341795 0 1.000000
 0.944001  0.000000 -2.227908 0 1.000000
 2.797220  0.000000 -0.123806 0 1.000000
 2.830577  0.000000  0.858606 0 1.000000
 1.252077  0.000000  0.674449 0 1.000000
-1.416459  0.000000 -0.252186 0 1.000000
 2.902638  0.000000 -1.045164 0 1.000000
 3.889391  0.000000  0.597230 0 1.000000
 0.111999  0.000000 -2.144864 0 1.000000
 0.136938  0.000000  1.266197 0 1.000000
 0.667005  0.000000 -0.669261 0 1.000000
 0.681805  0.000000  0.254080 0 1.000000
-0.667495  0.000000  1.645438 0 1.000000
-0.620921  0.000000  1.490636 0 1.000000
-2.077092  0.000000 -0.120163 0 1.000000
 0.619876  0.000000  0.096899 0 1.000000
 5.133864  0.000000  0.547850 0 1.000000
-0.726162  0.000000  0.181312 0 1.000000
-0.363405  0.000000 -1.636580 0 1.000000
 2.971715  0.000000 -0.423961 0 1.000000
 2.196957  0.000000  1.444853 0 1.000000
 2.218011  0.000000  0.389137 0 1.000000
-3.888531  0.000000  0.207350 0 1.000000
-0.562449  0.000000  0.978865 0 1.000000
 3.001763  0.000000  0.302858 0 1.000000
-1.957840  0.000000 -1.337749 0 1.000000
 0.053998  0.000000 -1.168045 0 1.000000
 0.659823  0.000000 -1.565323 0 1.000000
-1.099654  0.000000  0.800150 0 1.000000
 1.318021  0.000000 -1.520927 0 1.000000
 0.313184  0.000000  2.067420 0 1.000000
-1.311654  0.000000  1.098046 0 1.000000
 3.294246  0.000000 -0.787063 0 1.000000
 3.211886  0.000000  1.112481 0 1.000000
 0.014069  0.000000  1.984264 0 1.000000
-1.762675  0.000000 -1.252744 0 1.000000
 1.139520  0.000000  0.981706 0 1.000000
 2.984371  0.000000 -0.125669 0 1.000000
 3.616254  0.000000  0.888785 0 1.000000
-2.855541  0.000000  1.489051 0 1.000000
-0.182608  0.000000  0.642086 0 1.000000
 3.814490  0.000000  1.153208 0 1.000000
-3.140820  0.000000  1.641212 0 1.000000
-4.351170  0.000000  1.012696 0 1.000000
-2.133694  0.000000 -1.053496 0 1.000000
 2.920985  0.000000  0.507632 0 1.000000
 0.521726  0.000000 -0.847459 0 1.000000
 1.160315  0.000000 -1.167215 0 1.000000
 1.796248  0.000000 -0.243830 0 1.000000
-3.738926  0.000000  1.316400 0 1.000000
 1.985649  0.000000 -1.183418 0 1.000000
-3.982268  0.000000  0.967230 0 1.000000
-1.302597  0.000000 -1.897107 0 1.000000
-3.562559  0.000000  0.673217 0 1.000000
 2.263781  0.000000 -1.128710 0 1.000000
-0.787574  0.000000 -1.352488 0 1.000000
-2.114266  0.000000 -0.283693 0 1.000000
 0.699499  0.000000  0.303100 0 1.000000
-0.874967  0.000000  1.441680 0 1.000000
 3.340751  0.000000 -0.623921 0 1.000000
-1.277490  0.000000 -0.414570 0 1.000000
 3.110802  0.000000  0.519831 0 1.000000
 1.233616  0.000000  0.388788 0 1.000000
 1.359710  0.000000 -1.506048 0 1.000000
 2.212643  0.000000  0.731224 0 1.000000
 3.967409  0.000000  1.401437 0 1.000000
-0.767041  0.000000 -1.549602 0 1.000000
-2.050389  0.000000  0.431923 0 1.000000
-0.228213  0.000000 -0.447674 0 1.000000
-0.062417  0.000000 -0.925991 0 1.000000
-0.001686  0.000000  1.436269 0 1.000000
 1.817277  0.000000 -0.452131 0 1.000000
-3.374326  0.000000  0.341289 0 1.000000
-1.734281  0.000000 -0.116623 0 1.000000
 1.747054  0.000000 -2.282329 0 1.000000
 1.900558  0.000000 -2.431637 0 1.000000
-0.417002  0.000000  0.225155 0 1.000000
 2.082169  0.000000  0.080128 0 1.000000
 2.086247  0.000000  2.530700 0 1.000000
 2.797053  0.000000  0.208482 0 1.000000
-4.040303  0.000000  1.450134 0 1.000000
-1.239232  0.000000 -1.225535 0 1.000000
 2.063499  0.000000  0.218961 0 1.000000
 1.048321  0.000000 -2.478522 0 1.000000
-0.609111  0.000000  0.040039 0 1.000000
-0.481827  0.000000 -1.762858 0 1.000000
-2.301034  0.000000  0.250054 0 1.000000
 2.353232  0.000000  1.398103 0 1.000000
-0.202368  0.000000  1.863251 0 1.000000
 3.395742  0.000000 -0.327104 0 1.000000
 3.942201  0.000000  1.099588 0 1.000000
 3.996278  0.000000  0.758187 0 1.000000
 2.820694  0.000000 -0.084855 0 1.000000
 2.494412  0.000000 -0.790176 0 1.000000
-2.902862  0.000000 -0.126892 0 1.000000
-2.484938  0.000000  2.028362 0 1.000000
 0.265993  0.000000  1.989140 0 1.000000
-3.686179  0.000000  0.646780 0 1.000000
 1.788198  0.000000  1.694810 0 1.000000
 1.611825  0.000000  0.083551 0 1.000000
 3.086913  0.000000 -0.203604 0 1.000000
 0.576670  0.000000 -1.269501 0 1.000000
 1.113040  0.000000 -1.937215 0 1.000000
-0.790561  0.000000 -1.265679 0 1.000000
 0.578885  0.000000 -2.281174 0 1.000000
 3.666590  0.000000  0.731222 0 1.000000
 0.797277  0.000000 -0.532813 0 1.000000
 0.393452  0.000000 -1.342977 0 1.000000
-2.146701  0.000000 -1.423121 0 1.000000
-3.133806  0.000000  0.680152 0 1.000000
-0.560359  0.000000  0.047914 0 1.000000
-1.232748  0.000000  0.013388 0 1.000000
 4.081627  0.000000 -0.087864 0 1.000000
 0.725394  0.000000 -0.671621 0 1.000000
 2.536808  0.000000  0.432480 0 1.000000
 1.369297  0.000000 -0.426000 0 1.000000
-0.451647  0.000000 -1.353144 0 1.000000
-0.591211  0.000000 -2.102739 0 1.000000
 0.374192  0.000000  0.675835 0 1.000000
-1.215278  0.000000  1.945732 0 1.000000
 1.289650  0.000000  1.907683 0 1.000000
-0.250458  0.000000  1.858603 0 1.000000
 0.531278  0.000000  0.334381 0 1.000000
-3.374121  0.000000  1.026570 0 1.000000
-1.623030  0.000000  0.013719 0 1.000000
 0.459860  0.000000  1.658951 0 1.000000
 4.961110  0.000000  0.266962 0 1.000000
 2.921627  0.000000  0.843374 0 1.000000
 1.803304  0.000000  0.254534 0 1.000000
 1.783580  0.000000  2.147729 0 1.000000
-0.995974  0.000000  0.383454 0 1.000000
-1.934812  0.000000 -0.542862 0 1.000000
-0.436421  0.000000  1.363701 0 1.000000
-1.126630  0.000000 -0.089224 0 1.000000
 2.050800  0.000000 -2.009129 0 1.000000
 4.404901  0.000000  0.563428 0 1.000000
 0.871776  0.000000  1.533965 0 1.000000
 2.628141  0.000000  2.202377 0 1.000000
 2.500283  0.000000  2.161319 0 1.000000
 4.550246  0.000000 -0.203022 0 1.000000
 1.800438  0.000000 -1.503937 0 1.000000
 0.722681  0.000000 -1.007716 0 1.000000
 0.839043  0.000000 -2.227840 0 1.000000
-3.455939  0.000000  0.602257 0 1.000000
-2.496720  0.000000  1.430499 0 1.000000
 2.560117  0.000000 -0.631929 0 1.000000
-1.384765  0.000000  1.153884 0 1.000000
-0.662740  0.000000  1.812266 0 1.000000
-0.061621  0.000000 -0.667194 0 1.000000
-0.498596  0.000000  0.590062 0 1.000000
-1.837981  0.000000  0.976065 0 1.000000
 4.356558  0.000000  0.628080 0 1.000000
 1.626061  0.000000 -1.884999 0 1.000000
 4.603450  0.000000  0.227355 0 1.000000
 1.118026  0.000000 -1.508512 0 1.000000
-1.444020  0.000000  0.883200 0 1.000000
-1.562393  0.000000  0.505532 0 1.000000
-2.422866  0.000000 -1.045869 0 1.000000
-2.961551  0.000000  0.978058 0 1.000000
 2.484750  0.000000 -0.677552 0 1.000000
-1.421425  0.000000  0.513805 0 1.000000
 1.251656  0.000000  0.432431 0 1.000000
 3.760263  0.000000 -0.110163 0 1.000000
-2.858096  0.000000  0.632784 0 1.000000
-0.488039  0.000000 -2.108657 0 1.000000
-2.567145  0.000000 -0.294351 0 1.000000
 4.419069  0.000000 -0.490267 0 1.000000
-3.923786  0.000000  1.392513 0 1.000000
-1.442903  0.000000  0.974960 0 1.000000
-2.207846  0.000000 -0.750993 0 1.000000
-0.128562  0.000000 -0.201432 0 1.000000
 3.602708  0.000000  1.111024 0 1.000000
-0.344195  0.000000 -1.846837 0 1.000000
-1.195664  0.000000 -0.196069 0 1.000000
 1.581980  0.000000  1.142210 0 1.000000
 0.137388  0.000000 -0.590441 0 1.000000
 0.651765  0.000000  1.221992 0 1.000000
-2.366683  0.000000  1.658857 0 1.000000
 2.475319  0.000000  0.772286 0 1.000000
 0.662368  0.000000  0.471521 0 1.000000
-2.286214  0.000000  1.867941 0 1.000000
-2.175643  0.000000  0.978555 0 1.000000
 0.438861  0.000000  1.525362 0 1.000000
 2.298560  0.000000  1.558047 0 1.000000
 0.358175  0.000000  0.895671 0 1.000000
 1.393134  0.000000 -1.385867 0 1.000000
 3.849747  0.000000  1.270551 0 1.000000
 2.866514  0.000000  1.363526 0 1.000000
-2.076145  0.000000  0.466776 0 1.000000
-2.297282  0.000000  2.040040 0 1.000000
 0.073761  0.000000 -0.452592 0 1.000000
-2.411834  0.000000  1.141066 0 1.000000
 2.922118  0.000000 -0.087710 0 1.000000
 4.091503  0.000000 -0.405619 0 1.000000
-3.048286  0.000000  1.821680 0 1.000000
 1.190091  0.000000 -0.801820 0 1.000000
 1.105717  0.000000 -2.366405 0 1.000000
-0.048545  0.000000  0.427814 0 1.000000
-0.898795  0.000000  1.741283 0 1.000000
 3.253084  0.000000  1.599720 0 1.000000
-0.891822  0.000000 -0.340341 0 1.000000
 2.225940  0.000000  0.769506 0 1.000000
-3.345912  0.000000  1.314005 0 1.000000
-2.701570  0.000000  1.140180 0 1.000000
 0.417930  0.000000 -0.295311 0 1.000000
-2.323615  0.000000 -0.366085 0 1.000000
-0.353336  0.000000 -0.491750 0 1.000000
-0.336039  0.000000  2.021097 0 1.000000
 1.284759  0.000000  0.634713 0 1.000000
-0.657680  0.000000 -0.535395 0 1.000000
 0.555466  0.000000 -1.553557 0 1.000000
 3.555999  0.000000  0.842619 0 1.000000
 3.482351  0.000000  1.068716 0 1.000000
 1.871205  0.000000  0.550290 0 1.000000
 1.879119  0.000000 -1.887795 0 1.000000
-2.469980  0.000000 -0.790179 0 1.000000
-2.993508  0.000000  1.644284 0 1.000000
 1.032264  0.000000  1.392683 0 1.000000
-0.425096  0.000000 -1.468590 0 1.000000
 2.739213  0.000000  0.986057 0 1.000000
-2.372723  0.000000 -1.142301 0 1.000000
-4.334612  0.000000  1.352022 0 1.000000
-4.005252  0.000000  0.763627 0 1.000000
 0.501742  0.000000  0.628690 0 1.000000
 1.794213  0.000000 -0.071609 0 1.000000
 1.472951  0.000000 -0.199024 0 1.000000
 3.019651  0.000000 -0.085512 0 1.000000
 3.972608  0.000000  0.377371 0 1.000000
-0.861658  0.000000 -1.633386 0 1.000000
-1.416373  0.000000 -0.578887 0 1.000000
 4.236082  0.000000  0.265584 0 1.000000
 2.534612  0.000000 -0.917242 0 1.000000
-1.535239  0.000000  0.978450 0 1.000000
 0.047440  0.000000  0.084424 0 1.000000
-1.968143  0.000000 -0.284155 0 1.000000
-0.221673  0.000000 -0.534817 0 1.000000
 1.220677  0.000000 -1.672942 0 1.000000
-1.529287  0.000000 -0.786164 0 1.000000
 0.498246  0.000000  2.081817 0 1.000000
 3.803534  0.000000  0.436199 0 1.000000
 2.861075  0.000000  1.703993 0 1.000000
-1.046768  0.000000  0.131217 0 1.000000
-4.033858  0.000000  1.487475 0 1.000000
 3.422675  0.000000  1.055757 0 1.000000
 0.036555  0.000000 -0.333403 0 1.000000
 2.651883  0.000000  0.212755 0 1.000000
-1.232801  0.000000 -1.091377 0 1.000000
-1.631286  0.000000  0.714757 0 1.000000
 0.258233  0.000000 -1.380773 0 1.000000
 2.308358  0.000000  2.065193 0 1.000000
 4.619695  0.000000 -0.341352 0 1.000000
-2.096721  0.000000 -0.085884 0 1.000000
 1.668509  0.000000 -0.798761 0 1.000000
-1.760117  0.000000  0.925778 0 1.000000
-2.401975  0.000000 -0.841011 0 1.000000
-2.778128  0.000000  1.689494 0 1.000000
-0.460446  0.000000  2.157238 0 1.000000
 4.525124  0.000000  1.189133 0 1.000000
 2.769466  0.000000 -1.093077 0 1.000000
-2.519862  0.000000 -0.110029 0 1.000000
 0.682017  0.000000  2.201668 0 1.000000
 1.782622  0.000000 -1.631802 0 1.000000
-2.029556  0.000000  1.726157 0 1.000000
-1.570940  0.000000  0.255663 0 1.000000
-3.092604  0.000000  0.814452 0 1.000000
 2.924634  0.000000 -0.829764 0 1.000000
 0.820982  0.000000  1.854248 0 1.000000
 1.646381  0.000000 -0.411395 0 1.000000
 2.039522  0.000000  1.860043 0 1.000000
 0.315438  0.000000 -1.973808 0 1.000000
-2.231978  0.000000  1.069628 0 1.000000
-0.839142  0.000000 -1.269758 0 1.000000
-2.095097  0.000000  1.851693 0 1.000000
 1.317530  0.000000  1.104842 0 1.000000
 2.576700  0.000000  2.288563 0 1.000000
 2.521514  0.000000  0.338006 0 1.000000
 1.692611  0.000000  0.083947 0 1.000000
 1.251267  0.000000 -1.264788 0 1.000000
-1.373211  0.000000 -0.931729 0 1.000000
 1.654625  0.000000 -1.600144 0 1.000000
 1.842309  0.000000 -2.351802 0 1.000000
-0.934019  0.000000  0.420694 0 1.000000
 1.356480  0.000000 -1.677979 0 1.000000
 1.268380  0.000000 -1.847210 0 1.000000
 1.922731  0.000000 -0.300164 0 1.000000
-2.741571  0.000000 -0.237028 0 1.000000
-0.256295  0.000000 -1.510613 0 1.000000
 2.377647  0.000000 -0.834189 0 1.000000
 1.295668  0.000000 -0.110837 0 1.000000
 4.822142  0.000000  1.191138 0 1.000000
 0.683363  0.000000 -1.016751 0 1.000000
 2.085139  0.000000 -1.270183 0 1.000000
 0.314221  0.000000  0.723221 0 1.000000
 1.972642  0.000000 -1.891309 0 1.000000
 1.646194  0.000000  0.422910 0 1.000000
-3.784573  0.000000  1.144597 0 1.000000
 0.199168  0.000000 -2.276227 0 1.000000
-1.079072  0.000000  2.110580 0 1.000000
 2.838379  0.000000  0.719859 0 1.000000
-0.277582  0.000000 -1.059633 0 1.000000
-2.262648  0.000000 -0.974822 0 1.000000
 2.203052  0.000000 -1.292465 0 1.000000
-2.530689  0.000000  1.872337 0 1.000000
-0.078336  0.000000  0.375400 0 1.000000
-0.084077  0.000000 -0.553156 0 1.000000
-1.588285  0.000000  1.564074 0 1.000000
-1.447920  0.000000 -1.720256 0 1.000000
 3.318591  0.000000  0.015733 0 1.000000
 0.673270  0.000000 -1.087715 0 1.000000
 0.978018  0.000000 -0.744549 0 1.000000
 2.768413  0.000000  0.859785 0 1.000000
 3.492894  0.000000 -0.165029 0 1.000000
-1.909081  0.000000 -1.255221 0 1.000000
-1.205712  0.000000  1.907989 0 1.000000
 0.466383  0.000000 -2.323512 0 1.000000
 3.312577  0.000000  0.520548 0 1.000000
 1.801772  0.000000  0.420781 0 1.000000
 1.184228  0.000000 -1.560791 0 1.000000
-3.470784  0.000000  0.253833 0 1.000000
-0.084738  0.000000  0.715028 0 1.000000
-0.076615  0.000000  1.054368 0 1.000000
-3.283560  0.000000  0.299976 0 1.000000
 2.478839  0.000000 -0.832562 0 1.000000
 3.655630  0.000000 -0.668983 0 1.000000
-4.195821  0.000000  1.010183 0 1.000000
 4.236801  0.000000  1.520271 0 1.000000
 3.127884  0.000000  1.480768 0 1.000000
-3.611067  0.000000  1.110937 0 1.000000
-1.261662  0.000000  1.532136 0 1.000000
 1.802747  0.000000 -2.179856 0 1.000000
 1.741276  0.000000 -0.080768 0 1.000000
-0.029210  0.000000  2.158226 0 1.000000
 1.791567  0.000000  1.604947 0 1.000000
 5.106445  0.000000  0.676710 0 1.000000
 2.416649  0.000000  2.165915 0 1.000000
-1.769644  0.000000 -0.591107 0 1.000000
-0.135975  0.000000  1.392995 0 1.000000
 1.310730  0.000000  0.590061 0 1.000000
-0.710834  0.000000 -0.797840 0 1.000000
-0.489735  0.000000  0.348598 0 1.000000
 0.301741  0.000000 -0.125538 0 1.000000
 4.549411  0.000000  0.208093 0 1.000000
 4.467568  0.000000  1.273705 0 1.000000
-3.339721  0.000000  1.143038 0 1.000000
 2.587302  0.000000 -0.589020 0 1.000000
 2.277189  0.000000  0.334068 0 1.000000
-2.463601  0.000000 -0.637539 0 1.000000
-1.870688  0.000000  0.632649 0 1.000000
-3.493723  0.000000  0.137931 0 1.000000
 4.307475  0.000000 -0.364976 0 1.000000
-1.957685  0.000000 -0.080499 0 1.000000
-0.744361  0.000000  0.510525 0 1.000000
 0.731909  0.000000  1.442520 0 1.000000
 4.408811  0.000000  1.053750 0 1.000000
 1.528553  0.000000  2.080047 0 1.000000
-3.974821  0.000000  0.558434 0 1.000000
 2.838853  0.000000 -1.038345 0 1.000000
-0.617500  0.000000  1.323628 0 1.000000
 3.376057  0.000000 -0.875245 0 1.000000
-1.024405  0.000000  1.852454 0 1.000000
-2.565323  0.000000  1.560965 0 1.000000
 0.321300  0.000000 -1.217509 0 1.000000
 2.229578  0.000000 -0.750831 0 1.000000
 0.083426  0.000000  1.195268 0 1.000000
-0.231047  0.000000 -0.285522 0 1.000000
 3.634949  0.000000  0.380501 0 1.000000
-0.067505  0.000000 -2.150263 0 1.000000
-2.065942  0.000000  1.737695 0 1.000000
-1.107832  0.000000  0.726885 0 1.000000
 1.208423  0.000000  1.522481 0 1.000000
-0.972521  0.000000  1.194666 0 1.000000
 1.512854  0.000000  0.098932 0 1.000000
 2.075106  0.000000  1.399156 0 1.000000
 0.842585  0.000000 -2.319473 0 1.000000
-1.521999  0.000000 -0.665685 0 1.000000
-2.862534  0.000000  1.321717 0 1.000000
-4.087567  0.000000  0.673563 0 1.000000
-0.277538  0.000000  1.064327 0 1.000000
-0.384500  0.000000 -0.169187 0 1.000000
-0.251602  0.000000  1.363262 0 1.000000
 0.261997  0.000000  1.905515 0 1.000000
 2.317044  0.000000 -0.452725 0 1.000000
 1.155510  0.000000 -0.411894 0 1.000000
-1.097410  0.000000  2.077143 0 1.000000
 2.791643  0.000000  0.132405 0 1.000000
 0.489951  0.000000 -1.437051 0 1.000000
 0.064850  0.000000 -0.720355 0 1.000000
-0.875211  0.000000  0.586997 0 1.000000
 1.474397  0.000000 -1.132772 0 1.000000
 0.026332  0.000000  2.237521 0 1.000000
 1.721166  0.000000  0.561053 0 1.000000
 0.954270  0.000000  0.305147 0 1.000000
-2.339376  0.000000  1.946745 0 1.000000
 1.825182  0.000000  1.736549 0 1.000000
 4.389721  0.000000 -0.425579 0 1.000000
 2.357429  0.000000  1.812373 0 1.000000
 0.577596  0.000000  0.016107 0 1.000000
-2.517099  0.000000 -0.800037 0 1.000000
-2.248723  0.000000 -0.663312 0 1.000000
-0.519088  0.000000 -1.973398 0 1.000000
 2.476390  0.000000  0.594928 0 1.000000
-0.056976  0.000000 -0.828629 0 1.000000
 1.303175  0.000000  1.702467 0 1.000000
 4.202994  0.000000  1.569050 0 1.000000
 1.374796  0.000000 -1.806480 0 1.000000
 4.412160  0.000000 -0.122840 0 1.000000
 0.629723  0.000000  1.533266 0 1.000000
 2.618085  0.000000  2.119910 0 1.000000
 0.661088  0.000000 -2.322140 0 1.000000
-1.000271  0.000000  2.075861 0 1.000000
 4.061839  0.000000 -0.551725 0 1.000000
 3.297893  0.000000 -0.083880 0 1.000000
 4.507743  0.000000  0.722211 0 1.000000
 0.058108  0.000000 -1.461087 0 1.000000
-2.983965  0.000000  1.855603 0 1.000000
-3.259693  0.000000  0.842424 0 1.000000
 4.395588  0.000000 -0.036517 0 1.000000
-0.302119  0.000000  1.600637 0 1.000000
 1.433185  0.000000 -1.477804 0 1.000000
 0.247561  0.000000 -0.505782 0 1.000000
 1.691646  0.000000  1.857199 0 1.000000
 2.474475  0.000000  0.848765 0 1.000000
 2.871375  0.000000  1.098223 0 1.000000
 2.399066  0.000000 -1.128559 0 1.000000
 1.667950  0.000000 -2.153842 0 1.000000
 2.231170  0.000000  0.080809 0 1.000000
 0.416519  0.000000  1.818067 0 1.000000
-3.662515  0.000000  1.784753 0 1.000000
-1.512530  0.000000  0.595112 0 1.000000
-0.959683  0.000000  1.812576 0 1.000000
 4.316421  0.000000  1.146242 0 1.000000
-0.911469  0.000000 -0.802200 0 1.000000
 1.022785  0.000000 -0.828228 0 1.000000
 2.081752  0.000000 -0.754080 0 1.000000
 0.897427  0.000000  0.971822 0 1.000000
 2.299607  0.000000  0.902153 0 1.000000
 2.625291  0.000000  0.757093 0 1.000000
-1.142121  0.000000  1.660721 0 1.000000
-1.743411  0.000000  0.881291 0 1.000000
 0.565798  0.000000  1.733460 0 1.000000
 4.071806  0.000000  0.805200 0 1.000000
 0.698623  0.000000 -0.791158 0 1.000000
-1.696355  0.000000 -0.116449 0 1.000000
 1.780613  0.000000 -1.976472 0 1.000000
 1.162107  0.000000  1.786778 0 1.000000
 3.178528  0.000000 -0.870708 0 1.000000
 0.687446  0.000000  1.515408 0 1.000000
 2.914676  0.000000  1.936549 0 1.000000
-2.152676  0.000000 -1.088895 0 1.000000
-2.531823  0.000000  0.843578 0 1.000000
-0.540384  0.000000  1.020032 0 1.000000
 4.579727  0.000000  0.847219 0 1.000000
-2.737173  0.000000  1.193592 0 1.000000
 1.789956  0.000000  0.768907 0 1.000000
-1.609698  0.000000 -0.408941 0 1.000000
-0.463151  0.000000  1.823154 0 1.000000
 3.327465  0.000000  1.996406 0 1.000000
 4.735740  0.000000  0.296630 0 1.000000
 2.421775  0.000000  1.866545 0 1.000000
 2.103764  0.000000 -0.455396 0 1.000000
-1.938975  0.000000 -1.563681 0 1.000000
-0.230246  0.000000  1.226660 0 1.000000
 2.010990  0.000000 -2.224568 0 1.000000
-1.363933  0.000000  0.766873 0 1.000000
-1.895097  0.000000  0.604621 0 1.000000
 0.769576  0.000000  1.526003 0 1.000000
-0.836140  0.000000 -2.016880 0 1.000000
 2.162967  0.000000 -0.122131 0 1.000000
 1.087293  0.000000 -0.799914 0 1.000000
-1.165081  0.000000  0.337614 0 1.000000
-0.716255  0.000000 -1.547392 0 1.000000
-2.226582  0.000000  1.653902 0 1.000000
-0.342234  0.000000 -1.755761 0 1.000000
 2.633591  0.000000 -0.830279 0 1.000000
 0.674508  0.000000  1.448419 0 1.000000
 2.403217  0.000000  0.551154 0 1.000000
-2.531448  0.000000  1.018407 0 1.000000
-2.681704  0.000000  1.852145 0 1.000000
 4.883587  0.000000  0.628453 0 1.000000
-3.879762  0.000000  0.375775 0 1.000000
-2.449755  0.000000  1.180559 0 1.000000
-4.267798  0.000000  0.382961 0 1.000000
 2.668073  0.000000  1.103255 0 1.000000
 2.311631  0.000000 -0.622238 0 1.000000
 1.061018  0.000000 -0.576002 0 1.000000
 1.107164  0.000000 -2.431016 0 1.000000
-1.861324  0.000000 -0.342124 0 1.000000
 3.363763  0.000000 -0.670635 0 1.000000
 2.677199  0.000000  0.501811 0 1.000000
-1.483134  0.000000  1.738211 0 1.000000
 0.732176  0.000000  0.083093 0 1.000000
 0.964074  0.000000 -2.532735 0 1.000000
-1.339739  0.000000 -1.725486 0 1.000000
 2.196753  0.000000 -0.248018 0 1.000000
 3.250293  0.000000  1.535464 0 1.000000
 2.883519  0.000000  0.042589 0 1.000000
-2.741002  0.000000  0.345181 0 1.000000
 4.483952  0.000000  1.016563 0 1.000000
-0.542390  0.000000 -0.667748 0 1.000000
 1.438209  0.000000 -2.064140 0 1.000000
 0.498576  0.000000 -1.888326 0 1.000000
 1.032027  0.000000 -2.140067 0 1.000000
 3.445991  0.000000 -0.411803 0 1.000000
 2.387719  0.000000 -0.590758 0 1.000000
 0.564866  0.000000  0.382730 0 1.000000
 0.143438  0.000000 -1.334003 0 1.000000
-0.605554  0.000000 -0.535722 0 1.000000
-0.705817  0.000000 -1.478773 0 1.000000
 3.391230  0.000000 -0.124692 0 1.000000
-0.280010  0.000000 -1.798625 0 1.000000
-1.603491  0.000000 -1.167659 0 1.000000
-2.447706  0.000000 -0.410407 0 1.000000
-0.977714  0.000000  1.433031 0 1.000000
 4.005498  0.000000  0.716532 0 1.000000
 0.962713  0.000000  1.614250 0 1.000000
 0.783394  0.000000 -2.448336 0 1.000000
-3.850945  0.000000  1.608134 0 1.000000
-1.280275  0.000000 -0.930066 0 1.000000
 3.476323  0.000000 -0.703436 0 1.000000
-2.692855  0.000000  0.083676 0 1.000000
 1.668561  0.000000  2.148545 0 1.000000
 1.913066  0.000000 -2.403160 0 1.000000
 1.756820  0.000000  0.597731 0 1.000000
 3.016145  0.000000 -0.847064 0 1.000000
-1.589108  0.000000 -1.294252 0 1.000000
-0.951227  0.000000 -0.636849 0 1.000000
 2.107777  0.000000  0.817112 0 1.000000
 3.070967  0.000000 -0.932498 0 1.000000
-1.392754  0.000000  1.399717 0 1.000000
-0.299308  0.000000 -1.340125 0 1.000000
 2.316735  0.000000 -0.877396 0 1.000000
-1.874245  0.000000 -0.878750 0 1.000000
-1.799229  0.000000  0.437547 0 1.000000
-1.275006  0.000000  0.338888 0 1.000000
 2.627184  0.000000  1.103822 0 1.000000
-1.395332  0.000000  0.139792 0 1.000000
 3.516636  0.000000 -0.708605 0 1.000000
-1.846993  0.000000 -0.592388 0 1.000000
-1.426067  0.000000  0.686770 0 1.000000
 1.944686  0.000000  2.038962 0 1.000000
-0.344053  0.000000 -0.744549 0 1.000000
 2.165991  0.000000  0.218627 0 1.000000
-0.883962  0.000000  0.090013 0 1.000000
-2.608967  0.000000  1.989005 0 1.000000
 3.625652  0.000000  1.823813 0 1.000000
 1.335315  0.000000 -0.890602 0 1.000000
 2.015652  0.000000  0.226488 0 1.000000
-2.901866  0.000000  1.398038 0 1.000000
 0.073287  0.000000  1.654475 0 1.000000
 1.806719  0.000000 -0.425789 0 1.000000
 0.316007  0.000000  1.478633 0 1.000000
 0.952730  0.000000  0.226205 0 1.000000
-3.765797  0.000000  1.022943 0 1.000000
-2.400284  0.000000  0.765363 0 1.000000
 0.124162  0.000000  2.080460 0 1.000000
-0.945778  0.000000 -0.465064 0 1.000000
-0.346428  0.000000 -2.185621 0 1.000000
-0.620290  0.000000  0.390141 0 1.000000
-3.514492  0.000000  1.438367 0 1.000000
 3.700812  0.000000 -0.080637 0 1.000000
-0.228047  0.000000 -1.633455 0 1.000000
 4.232515  0.000000  0.182874 0 1.000000
-2.199925  0.000000  0.931140 0 1.000000
 3.792617  0.000000  1.605063 0 1.000000
 3.231394  0.000000 -0.878327 0 1.000000
 1.093143  0.000000 -1.902528 0 1.000000
 4.272566  0.000000 -0.241914 0 1.000000
 2.684500  0.000000  1.362351 0 1.000000
 0.357316  0.000000  0.386670 0 1.000000
 0.117012  0.000000  1.068793 0 1.000000
 2.860673  0.000000 -0.254674 0 1.000000
-0.353026  0.000000  0.173967 0 1.000000
 1.222028  0.000000 -1.334950 0 1.000000
 2.812522  0.000000  0.685824 0 1.000000
-0.647005  0.000000 -1.601987 0 1.000000
 3.618637  0.000000 -0.381775 0 1.000000
-2.468150  0.000000  0.222050 0 1.000000
-0.684281  0.000000  0.014766 0 1.000000
-0.254788  0.000000  0.859806 0 1.000000
-2.836772  0.000000  0.004569 0 1.000000
 1.800372  0.000000  1.940054 0 1.000000
 2.538218  0.000000  0.843541 0 1.000000
-1.473125  0.000000 -0.160245 0 1.000000
-3.928609  0.000000  1.068257 0 1.000000
 1.672159  0.000000 -0.710225 0 1.000000
-3.030566  0.000000  1.769166 0 1.000000
-0.271195  0.000000 -0.296827 0 1.000000
 4.843579  0.000000  1.053503 0 1.000000
 1.037849  0.000000 -2.576515 0 1.000000
-1.274638  0.000000  0.096903 0 1.000000
 3.983304  0.000000  0.928057 0 1.000000
 3.600216  0.000000  1.520896 0 1.000000
 1.434705  0.000000  1.738178 0 1.000000
-3.331821  0.000000  0.469399 0 1.000000
 3.668404  0.000000  1.894914 0 1.000000
 4.218456  0.000000  0.468861 0 1.000000
-4.457080  0.000000  0.799392 0 1.000000
 1.501492  0.000000 -1.428071 0 1.000000
 0.573551  0.000000 -0.666339 0 1.000000
 1.527836  0.000000 -0.286680 0 1.000000
-1.131906  0.000000 -0.243321 0 1.000000
 2.043287  0.000000  1.688142 0 1.000000
 3.229891  0.000000  1.907273 0 1.000000
-2.853776  0.000000  0.802492 0 1.000000
 2.341854  0.000000  2.289686 0 1.000000
 1.640844  0.000000  1.360133 0 1.000000
-2.565064  0.000000  1.906520 0 1.000000
 0.903775  0.000000 -1.812083 0 1.000000
-2.329019  0.000000  0.546414 0 1.000000
-1.515587  0.000000  0.425576 0 1.000000
 0.052405  0.000000  0.518380 0 1.000000
-1.324995  0.000000  1.859944 0 1.000000
 3.882545  0.000000  0.335975 0 1.000000
 0.426627  0.000000  0.670505 0 1.000000
-3.429283  0.000000  1.827293 0 1.000000
 3.395631  0.000000 -0.412228 0 1.000000
 4.436442  0.000000  0.437661 0 1.000000
 1.017810  0.000000 -0.243074 0 1.000000
-1.385074  0.000000  0.984839 0 1.000000
-0.973922  0.000000 -1.685977 0 1.000000
 1.587301  0.000000  0.473784 0 1.000000
-0.514069  0.000000 -0.028196 0 1.000000
-0.786231  0.000000 -1.845844 0 1.000000
 4.297732  0.000000 -0.031446 0 1.000000
-0.833102  0.000000  0.267000 0 1.000000
 2.838824  0.000000 -0.457987 0 1.000000
 3.874287  0.000000 -0.705701 0 1.000000
 3.592423  0.000000 -0.574484 0 1.000000
-0.928069  0.000000  1.601371 0 1.000000
 1.398072  0.000000 -2.023365 0 1.000000
-0.579466  0.000000 -1.515311 0 1.000000
 1.023278  0.000000  1.356332 0 1.000000
 0.555700  0.000000 -1.395895 0 1.000000
 2.885925  0.000000 -0.799909 0 1.000000
 3.933991  0.000000  0.168058 0 1.000000
-3.169999  0.000000  1.353006 0 1.000000
 2.544188  0.000000 -0.283315 0 1.000000
 1.764082  0.000000 -0.213385 0 1.000000
-1.569231  0.000000 -1.423982 0 1.000000
 0.539101  0.000000  1.523186 0 1.000000
-1.559479  0.000000 -0.586923 0 1.000000
 2.184247  0.000000 -0.592887 0 1.000000
-1.441316  0.000000 -0.616852 0 1.000000
-1.096396  0.000000 -1.981988 0 1.000000
 0.669587  0.000000  0.421807 0 1.000000
-0.560340  0.000000 -0.372980 0 1.000000
 3.431223  0.000000 -0.455234 0 1.000000
 2.243222  0.000000 -0.069444 0 1.000000
-2.958461  0.000000  0.125519 0 1.000000
-2.333382  0.000000  0.344618 0 1.000000
-0.423817  0.000000  2.156450 0 1.000000
 0.719172  0.000000  1.770871 0 1.000000
 3.132796  0.000000 -0.111764 0 1.000000
-0.254071  0.000000 -1.424657 0 1.000000
 4.338769  0.000000  0.682872 0 1.000000
-4.211065  0.000000  0.472832 0 1.000000
 2.511460  0.000000 -0.375389 0 1.000000
 1.988867  0.000000 -0.672062 0 1.000000
 1.474129  0.000000  1.478511 0 1.000000
 3.147067  0.000000  0.799286 0 1.000000
 0.458897  0.000000 -1.383030 0 1.000000
 2.181935  0.000000 -0.845483 0 1.000000
 4.069552  0.000000 -0.026663 0 1.000000
-1.123714  0.000000  1.950236 0 1.000000
-2.287990  0.000000  0.847711 0 1.000000
-0.880103  0.000000  2.038029 0 1.000000
 1.683850  0.000000  2.323419 0 1.000000
 4.223159  0.000000 -0.416560 0 1.000000
 0.008760  0.000000  1.388583 0 1.000000
 2.456450  0.000000 -1.222719 0 1.000000
 1.845209  0.000000  0.099921 0 1.000000
-2.383778  0.000000  2.037621 0 1.000000
 2.119402  0.000000  1.148639 0 1.000000
 1.317928  0.000000 -0.845361 0 1.000000
-2.904146  0.000000  0.631349 0 1.000000
 1.276361  0.000000 -1.722660 0 1.000000
 3.022982  0.000000 -0.743681 0 1.000000
-4.393266  0.000000  0.769045 0 1.000000
 1.922607  0.000000 -1.885008 0 1.000000
-1.476946  0.000000 -0.335187 0 1.000000
-3.947428  0.000000  1.192154 0 1.000000
-3.430917  0.000000  1.312353 0 1.000000
 2.202237  0.000000 -0.365354 0 1.000000
 2.933972  0.000000 -0.876497 0 1.000000
 4.456557  0.000000  0.887063 0 1.000000
 3.108008  0.000000  2.033083 0 1.000000
 1.533801  0.000000  1.406670 0 1.000000
 0.329160  0.000000  0.924291 0 1.000000
 0.288603  0.000000  2.109860 0 1.000000
-0.356214  0.000000  1.272540 0 1.000000
 1.560817  0.000000  2.274490 0 1.000000
-3.926543  0.000000  0.386467 0 1.000000
-0.595587  0.000000  1.184383 0 1.000000
 0.169535  0.000000 -2.322021 0 1.000000
 4.216098  0.000000  1.219626 0 1.000000
-2.411551  0.000000 -0.040134 0 1.000000
-3.237837  0.000000  1.481720 0 1.000000
 3.580014  0.000000 -0.633151 0 1.000000
 1.805538  0.000000  0.844523 0 1.000000
-3.411479  0.000000  1.261320 0 1.000000
 1.925512  0.000000  2.413892 0 1.000000
 4.018577  0.000000  1.137968 0 1.000000
 2.260058  0.000000  1.741622 0 1.000000
 2.545561  0.000000 -0.366534 0 1.000000
 1.185831  0.000000  0.393986 0 1.000000
-1.593235  0.000000  1.322123 0 1.000000
-3.633355  0.000000  0.299993 0 1.000000
-2.683519  0.000000  1.275327 0 1.000000
 4.987386  0.000000  0.648572 0 1.000000
-1.266527  0.000000 -0.677684 0 1.000000
-0.463421  0.000000  1.149131 0 1.000000
-2.655312  0.000000 -0.034109 0 1.000000
 0.391149  0.000000  1.608845 0 1.000000
-1.672198  0.000000 -1.775664 0 1.000000
 2.326178  0.000000  2.450185 0 1.000000
 2.166575  0.000000  0.040924 0 1.000000
-2.799932  0.000000  1.728608 0 1.000000
-0.534719  0.000000  0.767629 0 1.000000
-1.938615  0.000000 -0.703819 0 1.000000
-1.205420  0.000000  2.068676 0 1.000000
 0.727146  0.000000  0.841710 0 1.000000
 1.844985  0.000000 -1.936632 0 1.000000
-1.860809  0.000000  0.509051 0 1.000000
 1.043917  0.000000 -2.051613 0 1.000000
 2.731857  0.000000  2.107009 0 1.000000
-0.788634  0.000000  1.514414 0 1.000000
 0.877000  0.000000 -1.925241 0 1.000000
-0.519893  0.000000 -2.058578 0 1.000000
 3.037268  0.000000  1.490158 0 1.000000
-3.387016  0.000000 -0.038014 0 1.000000
-0.814452  0.000000 -0.804850 0 1.000000
-3.785450  0.000000  1.576010 0 1.000000
-3.275076  0.000000  0.249309 0 1.000000
 2.446945  0.000000  1.816365 0 1.000000
-1.496184  0.000000  0.136414 0 1.000000
 0.487876  0.000000 -0.332358 0 1.000000
 3.688508  0.000000 -0.493261 0 1.000000
 0.512854  0.000000  0.816802 0 1.000000
 0.601915  0.000000  0.543740 0 1.000000
-3.412315  0.000000  0.177652 0 1.000000
 2.691902  0.000000  1.907142 0 1.000000
 0.843027  0.000000 -0.785149 0 1.000000
-0.022622  0.000000  0.140794 0 1.000000
-0.469067  0.000000  1.987414 0 1.000000
 2.104187  0.000000 -0.795196 0 1.000000
-0.558805  0.000000  1.573495 0 1.000000
 0.502865  0.000000  0.890037 0 1.000000
 2.047031  0.000000 -1.688327 0 1.000000
 4.470155  0.000000  0.672974 0 1.000000
 1.768596  0.000000 -1.059338 0 1.000000
-0.460573  0.000000 -0.042131 0 1.000000
 0.167807  0.000000  0.970615 0 1.000000
 4.908825  0.000000  0.928797 0 1.000000
 2.787153  0.000000  0.967419 0 1.000000
-2.341040  0.000000 -0.841175 0 1.000000
-3.536837  0.000000  0.216364 0 1.000000
 0.583877  0.000000 -1.003714 0 1.000000
-3.832986  0.000000  0.218755 0 1.000000
 4.692201  0.000000  0.815468 0 1.000000
 3.958029  0.000000 -0.121492 0 1.000000
 0.026098  0.000000 -0.293281 0 1.000000
-0.282952  0.000000 -1.377825 0 1.000000
-0.254751  0.000000 -0.917689 0 1.000000
-0.462697  0.000000 -1.469064 0 1.000000
-0.972100  0.000000 -0.342030 0 1.000000
 0.984441  0.000000  0.050972 0 1.000000
-1.462328  0.000000  0.083347 0 1.000000
-4.152362  0.000000  0.849149 0 1.000000
-2.199012  0.000000  1.092957 0 1.000000
-1.713912  0.000000 -0.842408 0 1.000000
 4.153234  0.000000  0.465908 0 1.000000
 4.035996  0.000000  0.756357 0 1.000000
 4.383265  0.000000 -0.164558 0 1.000000
-1.790496  0.000000  1.488112 0 1.000000
 4.216960  0.000000  0.642444 0 1.000000
-3.541850  0.000000  0.393823 0 1.000000
-1.944306  0.000000 -1.436048 0 1.000000
 4.555861  0.000000  1.147264 0 1.000000
 0.002389  0.000000  1.110890 0 1.000000
-0.555292  0.000000  1.912301 0 1.000000
 4.914612  0.000000  1.011809 0 1.000000
 1.360015  0.000000 -1.435526 0 1.000000
 0.343166  0.000000  1.448175 0 1.000000
 0.667845  0.000000 -2.520073 0 1.000000
 0.277290  0.000000  1.770108 0 1.000000
-1.338955  0.000000  1.895050 0 1.000000
-1.603360  0.000000  0.089391 0 1.000000
-1.857285  0.000000 -0.671452 0 1.000000
-3.531126  0.000000  1.480311 0 1.000000
-1.696445  0.000000 -0.536262 0 1.000000
 3.234745  0.000000  0.459943 0 1.000000
 4.724108  0.000000  0.261937 0 1.000000
-3.293483  0.000000  1.305795 0 1.000000
 1.897942  0.000000 -2.195822 0 1.000000
 2.076321  0.000000 -1.128118 0 1.000000
 1.781113  0.000000 -1.312654 0 1.000000
 3.385267  0.000000 -0.536650 0 1.000000
 2.091073  0.000000  1.524970 0 1.000000
 1.854029  0.000000 -0.847235 0 1.000000
 4.256177  0.000000  1.476813 0 1.000000
-0.295458  0.000000 -1.684412 0 1.000000
-2.649708  0.000000  0.385242 0 1.000000
-3.749460  0.000000  0.606195 0 1.000000
-3.066650  0.000000  0.437827 0 1.000000
-0.789690  0.000000 -0.835145 0 1.000000
 0.142079  0.000000 -0.835292 0 1.000000
 1.289974  0.000000  1.227771 0 1.000000
 0.530944  0.000000 -0.336085 0 1.000000
-0.618297  0.000000 -1.123419 0 1.000000
 1.169995  0.000000 -0.168835 0 1.000000
-1.143487  0.000000 -1.224429 0 1.000000
 1.594287  0.000000  0.516237 0 1.000000
-0.516606  0.000000  1.394306 0 1.000000
 1.295273  0.000000  1.478946 0 1.000000
 1.756887  0.000000  0.933407 0 1.000000
 3.152220  0.000000 -0.171188 0 1.000000
-1.900753  0.000000  1.857952 0 1.000000
 3.252063  0.000000 -0.833431 0 1.000000
 0.594141  0.000000  1.303301 0 1.000000
-0.501129  0.000000  0.775442 0 1.000000
 1.376301  0.000000 -2.070760 0 1.000000
-1.202668  0.000000 -1.293528 0 1.000000
 1.903696  0.000000 -1.682638 0 1.000000
-1.049151  0.000000 -1.389411 0 1.000000
-1.172893  0.000000 -0.830039 0 1.000000
 0.870332  0.000000  1.938415 0 1.000000
 0.071879  0.000000  0.300976 0 1.000000
 3.934987  0.000000 -0.497908 0 1.000000
-2.523808  0.000000  1.050683 0 1.000000
-3.750282  0.000000  1.277117 0 1.000000
 2.676313  0.000000  0.001650 0 1.000000
-1.685471  0.000000 -1.562538 0 1.000000
 0.513786  0.000000  2.240236 0 1.000000
 0.879712  0.000000 -2.355517 0 1.000000
 0.756658  0.000000  1.646709 0 1.000000
-2.305099  0.000000  0.756498 0 1.000000
-3.485137  0.000000  1.056971 0 1.000000
-2.342921  0.000000 -1.002894 0 1.000000
 2.335616  0.000000 -0.327803 0 1.000000
 1.113738  0.000000 -2.098621 0 1.000000
 0.320808  0.000000  1.566981 0 1.000000
 0.983995  0.000000  1.818386 0 1.000000
 1.890881  0.000000 -2.112134 0 1.000000
 1.788145  0.000000 -0.586426 0 1.000000
-3.242064  0.000000  1.309424 0 1.000000
 0.507008  0.000000 -1.293226 0 1.000000
 2.547321  0.000000  0.390395 0 1.000000
-0.262650  0.000000 -1.137060 0 1.000000
 1.628567  0.000000  2.149563 0 1.000000
 1.910508  0.000000 -1.556997 0 1.000000
 1.018603  0.000000  1.614546 0 1.000000
 0.337804  0.000000 -0.580476 0 1.000000
-3.648445  0.000000  1.275138 0 1.000000
 0.346560  0.000000  0.688784 0 1.000000
-0.264968  0.000000  1.395016 0 1.000000
 1.477922  0.000000 -1.481259 0 1.000000
-2.073018  0.000000  0.635254 0 1.000000
-2.791680  0.000000  0.180219 0 1.000000
 2.743099  0.000000  0.722337 0 1.000000
 1.579482  0.000000 -0.804557 0 1.000000
 4.069640  0.000000  0.551902 0 1.000000
 4.499006  0.000000  0.038805 0 1.000000
-3.741960  0.000000  1.744104 0 1.000000
-0.762995  0.000000  0.644983 0 1.000000
-1.008280  0.000000 -0.629340 0 1.000000
-1.661577  0.000000 -1.345704 0 1.000000
-0.035937  0.000000  1.569471 0 1.000000
-2.417729  0.000000  0.224289 0 1.000000
 0.686015  0.000000 -0.751036 0 1.000000
 4.114174  0.000000 -0.637119 0 1.000000
 1.636775  0.000000 -2.402773 0 1.000000
 2.768040  0.000000 -0.924037 0 1.000000
-1.829753  0.000000 -1.649735 0 1.000000
-2.801578  0.000000  1.322106 0 1.000000
-3.356705  0.000000  1.184152 0 1.000000
 0.093038  0.000000  0.593016 0 1.000000
-0.721120  0.000000 -0.380619 0 1.000000
 3.381639  0.000000  1.829379 0 1.000000
 2.165660  0.000000  1.985301 0 1.000000
-2.824851  0.000000  1.947623 0 1.000000
-0.029302  0.000000 -0.785908 0 1.000000
 3.448379  0.000000 -0.931967 0 1.000000
 3.884804  0.000000  0.687344 0 1.000000
-2.057896  0.000000  0.770909 0 1.000000
-0.907570  0.000000 -0.213699 0 1.000000
 4.268394  0.000000  0.557780 0 1.000000
 4.371927  0.000000  1.182940 0 1.000000
 0.149697  0.000000  2.115981 0 1.000000
 2.018851  0.000000  0.723909 0 1.000000
 2.770106  0.000000  1.517889 0 1.000000
 2.841257  0.000000  1.221220 0 1.000000
-0.019104  0.000000  0.802784 0 1.000000
-1.157210  0.000000  1.908054 0 1.000000
 0.269557  0.000000 -0.541583 0 1.000000
 1.068899  0.000000 -2.606389 0 1.000000
 2.785781  0.000000  1.813591 0 1.000000
-0.735184  0.000000  1.683900 0 1.000000
-3.593150  0.000000  1.144886 0 1.000000
-0.544972  0.000000 -0.238748 0 1.000000
-0.157587  0.000000 -1.841902 0 1.000000
 0.753153  0.000000 -0.131014 0 1.000000
 1.924447  0.000000  0.726407 0 1.000000
 2.011590  0.000000  1.394142 0 1.000000
 1.220741  0.000000 -0.507895 0 1.000000
 0.904421  0.000000 -1.716501 0 1.000000
-1.517845  0.000000 -0.927787 0 1.000000
 0.699389  0.000000  0.375339 0 1.000000
-1.180550  0.000000  0.941777 0 1.000000
 4.054776  0.000000  0.130990 0 1.000000
-0.542941  0.000000  1.522392 0 1.000000
 0.775545  0.000000 -1.515267 0 1.000000
 2.454467  0.000000  0.216155 0 1.000000
 2.359196  0.000000  2.415613 0 1.000000
 2.138435  0.000000 -0.240683 0 1.000000
 0.744480  0.000000 -0.195195 0 1.000000
 3.380152  0.000000 -0.027017 0 1.000000
-0.204384  0.000000 -1.689355 0 1.000000
 0.263583  0.000000 -1.726831 0 1.000000
 1.789281  0.000000  2.294131 0 1.000000
 1.108172  0.000000  2.280806 0 1.000000
 0.020215  0.000000  1.482966 0 1.000000
 2.411295  0.000000 -0.712800 0 1.000000
-4.173813  0.000000  0.721389 0 1.000000
 0.471733  0.000000 -2.110227 0 1.000000
 2.694422  0.000000  0.390680 0 1.000000
-1.632937  0.000000 -1.801252 0 1.000000
 1.666746  0.000000 -0.200362 0 1.000000
-2.532020  0.000000 -0.661799 0 1.000000
-3.041231  0.000000  0.804499 0 1.000000
 1.621710  0.000000 -0.965031 0 1.000000
 2.581516  0.000000 -0.250715 0 1.000000
 0.700892  0.000000  0.226398 0 1.000000
 0.771615  0.000000  1.702140 0 1.000000
-0.116677  0.000000 -1.804313 0 1.000000
 4.180925  0.000000  1.448267 0 1.000000
 3.731892  0.000000  0.973688 0 1.000000
 2.473602  0.000000  1.785525 0 1.000000
-2.838547  0.000000  1.440251 0 1.000000
 4.462980  0.000000  1.310998 0 1.000000
-0.764098  0.000000 -1.137396 0 1.000000
 1.750224  0.000000 -1.518983 0 1.000000
-1.913701  0.000000 -0.846944 0 1.000000
 3.795401  0.000000 -0.158332 0 1.000000
 2.243547  0.000000  0.691055 0 1.000000
 1.148412  0.000000  2.236764 0 1.000000
 4.755511  0.000000 -0.027193 0 1.000000
-0.909827  0.000000 -0.963818 0 1.000000
 1.925468  0.000000  0.473870 0 1.000000
 0.547148  0.000000 -1.041620 0 1.000000
 1.172357  0.000000  0.006545 0 1.000000
-1.824697  0.000000  1.645082 0 1.000000
 1.404733  0.000000 -1.592798 0 1.000000
 1.417976  0.000000 -2.108527 0 1.000000
-1.042545  0.000000  2.070590 0 1.000000
-1.318472  0.000000  0.519330 0 1.000000
 0.817801  0.000000 -0.081091 0 1.000000
 3.939625  0.000000  1.447891 0 1.000000
 1.021361  0.000000 -1.520795 0 1.000000
-2.519391  0.000000 -0.711278 0 1.000000
 2.371895  0.000000 -1.251429 0 1.000000
-2.676724  0.000000  1.349750 0 1.000000
-2.935966  0.000000  0.944140 0 1.000000
 0.257923  0.000000  2.320529 0 1.000000
 2.511364  0.000000  1.155107 0 1.000000
-0.954383  0.000000 -0.801715 0 1.000000
-1.971708  0.000000  1.911973 0 1.000000
 3.923527  0.000000  1.324534 0 1.000000
-3.285581  0.000000  0.725617 0 1.000000
 2.758245  0.000000  0.206903 0 1.000000
-1.969449  0.000000 -1.633077 0 1.000000
-2.034754  0.000000 -0.787628 0 1.000000
-2.023870  0.000000  1.830406 0 1.000000
-2.840384  0.000000  0.763888 0 1.000000
 1.384568  0.000000 -1.142813 0 1.000000
-0.111162  0.000000 -1.677201 0 1.000000
-3.790926  0.000000  0.227409 0 1.000000
-1.783066  0.000000  0.138664 0 1.000000
 1.404010  0.000000  2.290783 0 1.000000
 1.648119  0.000000  1.775135 0 1.000000
 1.284541  0.000000 -2.052980 0 1.000000
 3.249573  0.000000  0.841645 0 1.000000
 2.645249  0.000000  1.305622 0 1.000000
 1.063962  0.000000  0.260215 0 1.000000
 4.906284  0.000000  0.001719 0 1.000000
 0.437816  0.000000 -0.256167 0 1.000000
 3.692658  0.000000  1.515608 0 1.000000
 4.959997  0.000000  0.854703 0 1.000000
-1.326141  0.000000  0.422552 0 1.000000
 1.885625  0.000000 -0.503886 0 1.000000
 1.399775  0.000000 -1.935243 0 1.000000
-0.558797  0.000000  0.725139 0 1.000000
 0.142418  0.000000 -1.167218 0 1.000000
-1.300586  0.000000 -0.211940 0 1.000000
 2.797157  0.000000  1.234653 0 1.000000
 3.249501  0.000000 -0.411363 0 1.000000
-2.903270  0.000000  1.481092 0 1.000000
 3.059053  0.000000  1.015703 0 1.000000
-2.033375  0.000000 -0.384507 0 1.000000
 1.448897  0.000000  0.258301 0 1.000000
-0.221115  0.000000 -1.212279 0 1.000000
 2.166654  0.000000  0.130133 0 1.000000
 1.178036  0.000000  1.139393 0 1.000000
-1.755265  0.000000 -0.249194 0 1.000000
 4.205798  0.000000 -0.620657 0 1.000000
 0.791835  0.000000  1.406664 0 1.000000
-1.545244  0.000000 -0.624499 0 1.000000
 1.460964  0.000000  1.949829 0 1.000000
 3.809376  0.000000 -0.127473 0 1.000000
 4.011031  0.000000 -0.547915 0 1.000000
-1.779930  0.000000  0.643039 0 1.000000
-0.218238  0.000000 -0.198219 0 1.000000
 2.402976  0.000000  0.638796 0 1.000000
-0.632887  0.000000 -1.256298 0 1.000000
 2.948896  0.000000  0.889291 0 1.000000
 0.162154  0.000000  0.048809 0 1.000000
 0.631531  0.000000 -0.168165 0 1.000000
 1.284464  0.000000 -0.043337 0 1.000000
 2.218794  0.000000 -1.039916 0 1.000000
-3.692861  0.000000  0.727801 0 1.000000
 0.059536  0.000000 -2.315229 0 1.000000
 3.215669  0.000000 -0.084803 0 1.000000
-3.951955  0.000000  0.606042 0 1.000000
-0.388786  0.000000 -0.083410 0 1.000000
 1.136126  0.000000  2.070540 0 1.000000
 3.010535  0.000000 -0.239284 0 1.000000
 1.218543  0.000000  1.936492 0 1.000000
-1.914906  0.000000  0.839958 0 1.000000
-0.265204  0.000000  1.482596 0 1.000000
-1.636147  0.000000 -0.538932 0 1.000000
-0.429490  0.000000  1.054538 0 1.000000
-1.518246  0.000000 -1.762428 0 1.000000
 2.057192  0.000000 -1.310246 0 1.000000
 1.942685  0.000000 -0.074574 0 1.000000
-0.244538  0.000000 -0.074680 0 1.000000
 1.848007  0.000000 -1.343651 0 1.000000
 0.091237  0.000000 -1.607023 0 1.000000
 0.844357  0.000000 -2.139216 0 1.000000
-4.168757  0.000000  1.142671 0 1.000000
 0.904583  0.000000  1.815038 0 1.000000
 0.926857  0.000000 -0.915116 0 1.000000
 3.298841  0.000000  1.357836 0 1.000000
 2.775119  0.000000  1.364782 0 1.000000
-1.484318  0.000000 -0.280454 0 1.000000
-1.094111  0.000000  0.973955 0 1.000000
 1.038040  0.000000 -0.468340 0 1.000000
 3.308958  0.000000 -1.000005 0 1.000000
 1.284081  0.000000 -0.964670 0 1.000000
-0.083758  0.000000 -0.879069 0 1.000000
 2.748468  0.000000  1.730265 0 1.000000
 1.877584  0.000000 -2.316533 0 1.000000
 4.329530  0.000000  1.191651 0 1.000000
 0.826630  0.000000  0.926908 0 1.000000
-4.209620  0.000000  0.894076 0 1.000000
-0.495894  0.000000  1.278639 0 1.000000
-1.561522  0.000000 -1.687910 0 1.000000
 4.423798  0.000000  1.104792 0 1.000000
-0.026500  0.000000  0.212800 0 1.000000
 0.521223  0.000000  2.038965 0 1.000000
 1.957779  0.000000  1.994945 0 1.000000
 3.357645  0.000000  1.009338 0 1.000000
 2.379968  0.000000 -1.094289 0 1.000000
 2.445907  0.000000  1.651874 0 1.000000
-2.157850  0.000000  1.939171 0 1.000000
-1.340374  0.000000  0.550346 0 1.000000
 3.627100  0.000000 -0.041516 0 1.000000
 0.074410  0.000000 -1.631143 0 1.000000
-0.140582  0.000000 -0.002998 0 1.000000
 0.540071  0.000000  2.289954 0 1.000000
-1.961870  0.000000  1.019828 0 1.000000
 0.749608  0.000000 -1.474452 0 1.000000
 0.631964  0.000000 -1.587656 0 1.000000
 4.958266  0.000000  0.170427 0 1.000000
 4.274566  0.000000  0.352448 0 1.000000
 2.240457  0.000000  1.451113 0 1.000000
-1.196735  0.000000  1.151437 0 1.000000
 0.506801  0.000000 -1.549283 0 1.000000
-0.071763  0.000000 -0.718719 0 1.000000
 1.910900  0.000000  1.823908 0 1.000000
-1.883517  0.000000  0.559739 0 1.000000
 4.388208  0.000000  0.003873 0 1.000000
 3.498744  0.000000  0.253636 0 1.000000
-2.980324  0.000000 -0.069185 0 1.000000
 4.348613  0.000000 -0.290097 0 1.000000
 1.217395  0.000000  0.515041 0 1.000000
-1.519466  0.000000  0.004685 0 1.000000
-1.971550  0.000000 -1.393354 0 1.000000
 1.049287  0.000000 -0.800084 0 1.000000
 3.204716  0.000000  0.097260 0 1.000000
 3.139806  0.000000 -0.544662 0 1.000000
 0.613048  0.000000  0.900896 0 1.000000
 3.730930  0.000000  1.058083 0 1.000000
-0.268539  0.000000  2.066704 0 1.000000
 1.843353  0.000000 -0.497944 0 1.000000
-0.783171  0.000000 -1.675663 0 1.000000
 0.594767  0.000000 -1.123742 0 1.000000
-2.463829  0.000000 -0.972964 0 1.000000
-0.275824  0.000000 -0.954567 0 1.000000
 1.429578  0.000000 -1.395101 0 1.000000
-2.059886  0.000000  0.933420 0 1.000000
 0.528898  0.000000 -1.089823 0 1.000000
-0.987493  0.000000 -1.755621 0 1.000000
 2.295077  0.000000  1.434294 0 1.000000
 3.848984  0.000000  0.260144 0 1.000000
-0.417335  0.000000  1.816663 0 1.000000
-0.508397  0.000000  1.146711 0 1.000000
 4.128924  0.000000  1.180305 0 1.000000
 1.819808  0.000000  0.041445 0 1.000000
 1.287707  0.000000  1.576290 0 1.000000
-1.618182  0.000000 -0.589316 0 1.000000
-0.110718  0.000000 -2.281036 0 1.000000
-0.851221  0.000000  0.809780 0 1.000000
 1.058964  0.000000  0.168902 0 1.000000
 2.371996  0.000000 -0.500293 0 1.000000
 1.429768  0.000000 -0.550084 0 1.000000
 1.608800  0.000000 -0.172314 0 1.000000
 2.745621  0.000000 -1.049683 0 1.000000
-3.156283  0.000000  1.399817 0 1.000000
 2.378976  0.000000  0.844942 0 1.000000
-3.263260  0.000000  1.788693 0 1.000000
-2.809219  0.000000 -0.196668 0 1.000000
-1.414336  0.000000 -0.668361 0 1.000000
 0.383863  0.000000  0.345526 0 1.000000
 0.767622  0.000000 -1.351863 0 1.000000
 3.617504  0.000000  1.653236 0 1.000000
-0.541710  0.000000 -0.836924 0 1.000000
-0.523642  0.000000  0.729893 0 1.000000
 0.408903  0.000000 -1.882707 0 1.000000
 4.505072  0.000000 -0.460972 0 1.000000
 1.554987  0.000000 -0.500621 0 1.000000
-1.999027  0.000000 -0.236722 0 1.000000
-3.284813  0.000000  0.978611 0 1.000000
 0.382358  0.000000 -1.688127 0 1.000000
-3.752827  0.000000  1.448606 0 1.000000
-0.725583  0.000000 -1.341895 0 1.000000
-1.760361  0.000000  0.248625 0 1.000000
 1.375676  0.000000  0.480539 0 1.000000
 4.544580  0.000000  0.895267 0 1.000000
 2.445412  0.000000  0.037510 0 1.000000
-3.405256  0.000000  0.437895 0 1.000000
 2.071290  0.000000 -0.973382 0 1.000000
-2.921404  0.000000  0.266584 0 1.000000
 0.815153  0.000000 -1.004820 0 1.000000
 1.257081  0.000000  0.770905 0 1.000000
 0.512061  0.000000 -0.618095 0 1.000000
 4.469574  0.000000  0.756587 0 1.000000
-2.394719  0.000000 -0.242959 0 1.000000
 3.858705  0.000000 -0.028909 0 1.000000
 1.098493  0.000000  0.885452 0 1.000000
 2.434407  0.000000 -1.250099 0 1.000000
 1.389812  0.000000  0.297566 0 1.000000
-2.006946  0.000000 -1.085331 0 1.000000
 1.938896  0.000000 -1.419444 0 1.000000
-1.250817  0.000000  0.976291 0 1.000000
 4.289666  0.000000  0.843042 0 1.000000
-3.021047  0.000000  0.344326 0 1.000000
 1.037706  0.000000  2.321497 0 1.000000
-1.918953  0.000000 -1.127851 0 1.000000
-0.462785  0.000000  1.402100 0 1.000000
-2.709407  0.000000 -0.041082 0 1.000000
-3.826045  0.000000  0.468103 0 1.000000
-0.252618  0.000000 -1.087483 0 1.000000
-2.375739  0.000000 -0.543343 0 1.000000
-0.927597  0.000000 -1.258712 0 1.000000
-1.887998  0.000000 -1.386582 0 1.000000
 1.555955  0.000000  1.188578 0 1.000000
 4.797329  0.000000  1.155577 0 1.000000
-0.793945  0.000000  0.173196 0 1.000000
 0.434376  0.000000 -2.027322 0 1.000000
 1.209975  0.000000 -1.589869 0 1.000000
 1.155356  0.000000  2.459324 0 1.000000
 2.409557  0.000000  0.048186 0 1.000000
 3.254751  0.000000 -0.498889 0 1.000000
 2.212174  0.000000  0.797929 0 1.000000
 2.421187  0.000000 -0.415781 0 1.000000
 1.974744  0.000000  0.895719 0 1.000000
 2.558635  0.000000  1.576203 0 1.000000
 4.120965  0.000000  1.641937 0 1.000000
-0.638820  0.000000  1.947466 0 1.000000
 1.309781  0.000000 -2.447955 0 1.000000
-2.057533  0.000000  1.446249 0 1.000000
-1.750189  0.000000  1.107591 0 1.000000
 4.508016  0.000000  0.476141 0 1.000000
-0.207973  0.000000 -2.014936 0 1.000000
 3.268454  0.000000  1.700101 0 1.000000
 2.138975  0.000000 -0.333596 0 1.000000
-3.936045  0.000000  1.727823 0 1.000000
 0.796547  0.000000 -2.484204 0 1.000000
 3.820822  0.000000  0.055791 0 1.000000
 2.183237  0.000000  1.011545 0 1.000000
 1.721400  0.000000  0.048147 0 1.000000
 0.330264  0.000000 -1.848003 0 1.000000
-0.652742  0.000000  2.082707 0 1.000000
 0.952986  0.000000 -2.151873 0 1.000000
 0.285723  0.000000  1.017794 0 1.000000
 4.006261  0.000000  0.375441 0 1.000000
 2.348321  0.000000  2.156724 0 1.000000
-2.985744  0.000000  0.678452 0 1.000000
 2.976965  0.000000 -0.341621 0 1.000000
-0.015368  0.000000  1.267088 0 1.000000
 0.831451  0.000000 -2.448320 0 1.000000
 0.852505  0.000000  0.295304 0 1.000000
-2.652974  0.000000  0.731273 0 1.000000
 0.212887  0.000000  1.993438 0 1.000000
 1.781767  0.000000  0.391470 0 1.000000
-1.387710  0.000000 -1.802739 0 1.000000
 2.291623  0.000000  1.691770 0 1.000000
 2.586024  0.000000  1.263152 0 1.000000
 0.183354  0.000000  0.931620 0 1.000000
-0.832363  0.000000 -0.579854 0 1.000000
-2.836111  0.000000 -0.153967 0 1.000000
-0.401833  0.000000  1.684294 0 1.000000
-3.853991  0.000000  1.278324 0 1.000000
-0.655046  0.000000 -1.142909 0 1.000000
-0.032925  0.000000 -1.125041 0 1.000000
-2.955568  0.000000  1.481283 0 1.000000
 2.183504  0.000000  1.267417 0 1.000000
-2.546256  0.000000 -0.847714 0 1.000000
 0.830096  0.000000  0.671631 0 1.000000
 1.320356  0.000000  2.281491 0 1.000000
-0.559734  0.000000  0.142911 0 1.000000
 3.480715  0.000000  1.227125 0 1.000000
-2.132830  0.000000  0.309928 0 1.000000
-1.068165  0.000000 -0.418205 0 1.000000
 0.833684  0.000000 -0.407007 0 1.000000
-3.535841  0.000000  0.546888 0 1.000000
-1.127586  0.000000 -0.921485 0 1.000000
-1.301713  0.000000 -1.817225 0 1.000000
-2.277374  0.000000  1.725540 0 1.000000
 4.207850  0.000000  0.804091 0 1.000000
 4.678502  0.000000  0.682409 0 1.000000
-2.045059  0.000000  1.096092 0 1.000000
 2.366184  0.000000  0.639212 0 1.000000
-1.306747  0.000000 -1.136467 0 1.000000
 5.057739  0.000000  0.436765 0 1.000000
 0.005410  0.000000 -1.341484 0 1.000000
 0.705274  0.000000  2.082164 0 1.000000
 0.380797  0.000000  0.924820 0 1.000000
 1.607506  0.000000  1.014853 0 1.000000
-2.251554  0.000000 -0.070317 0 1.000000
 2.427044  0.000000  2.208453 0 1.000000
 2.259406  0.000000 -0.972136 0 1.000000
 1.661511  0.000000  0.094260 0 1.000000
-1.474101  0.000000 -1.259460 0 1.000000
-1.675591  0.000000  0.978004 0 1.000000
 1.417457  0.000000 -2.535546 0 1.000000
 4.229579  0.000000  0.929209 0 1.000000
 0.471681  0.000000  0.438355 0 1.000000
-0.906973  0.000000 -0.027022 0 1.000000
-0.537267  0.000000  1.688918 0 1.000000
 2.985116  0.000000  0.560559 0 1.000000
 4.159425  0.000000  1.565541 0 1.000000
 1.822562  0.000000  0.132100 0 1.000000
 0.614254  0.000000 -1.981088 0 1.000000
-1.005053  0.000000  0.131503 0 1.000000
 3.318130  0.000000  0.933549 0 1.000000
 4.121107  0.000000  1.387864 0 1.000000
-0.586246  0.000000  1.268536 0 1.000000
-1.631974  0.000000 -1.630546 0 1.000000
 1.573181  0.000000  2.411447 0 1.000000
-1.596322  0.000000  1.661577 0 1.000000
 4.702528  0.000000 -0.210308 0 1.000000
-1.294213  0.000000 -0.299364 0 1.000000
 2.992747  0.000000  0.899436 0 1.000000
-1.069531  0.000000  0.179044 0 1.000000
 0.266573  0.000000 -0.036016 0 1.000000
 1.789107  0.000000  0.092244 0 1.000000
 3.274137  0.000000  0.133183 0 1.000000
 0.011016  0.000000  0.042016 0 1.000000
 4.090645  0.000000 -0.331157 0 1.000000
 1.830737  0.000000 -0.789440 0 1.000000
 0.268956  0.000000 -0.280376 0 1.000000
 0.965112  0.000000 -0.255089 0 1.000000
 2.941883  0.000000 -0.625170 0 1.000000
 4.444212  0.000000  0.480532 0 1.000000
 2.897933  0.000000  1.068293 0 1.000000
 3.285784  0.000000 -0.369464 0 1.000000
 0.528013  0.000000  0.599672 0 1.000000
 3.018795  0.000000 -0.660267 0 1.000000
 1.037811  0.000000  2.419601 0 1.000000
 2.286663  0.000000 -1.165096 0 1.000000
-3.077702  0.000000  1.615766 0 1.000000
-2.486485  0.000000  0.840005 0 1.000000
 3.432723  0.000000 -0.111672 0 1.000000
 3.142839  0.000000  1.810175 0 1.000000
-2.642920  0.000000  0.349021 0 1.000000
-4.017315  0.000000  0.556345 0 1.000000
 0.082761  0.000000 -0.073160 0 1.000000
-2.175990  0.000000  0.639959 0 1.000000
-0.365236  0.000000  1.141355 0 1.000000
 1.683509  0.000000 -1.141414 0 1.000000
-0.866021  0.000000  1.992190 0 1.000000
 3.282528  0.000000 -0.111830 0 1.000000
 1.719059  0.000000  0.721522 0 1.000000
-2.029012  0.000000  0.207042 0 1.000000
 2.011309  0.000000 -1.733959 0 1.000000
 0.837093  0.000000 -0.370180 0 1.000000
-1.864400  0.000000 -1.100739 0 1.000000
 0.026678  0.000000  1.829009 0 1.000000
 2.062965  0.000000  0.970905 0 1.000000
-2.147960  0.000000 -1.505399 0 1.000000
 2.140666  0.000000  0.518863 0 1.000000
 2.018725  0.000000  1.999008 0 1.000000
-3.003940  0.000000  1.224338 0 1.000000
-2.044601  0.000000 -1.594559 0 1.000000
-4.177563  0.000000  0.980331 0 1.000000
 2.709206  0.000000 -0.122207 0 1.000000
 2.032810  0.000000  2.124332 0 1.000000
-2.596819  0.000000 -0.155044 0 1.000000
 3.313185  0.000000  1.101338 0 1.000000
-1.509223  0.000000 -0.406647 0 1.000000
 2.934810  0.000000 -0.297284 0 1.000000
 0.838985  0.000000 -1.980560 0 1.000000
-3.045842  0.000000  1.408946 0 1.000000
-0.243944  0.000000  0.671819 0 1.000000
-3.149885  0.000000  0.302277 0 1.000000
 3.445051  0.000000  1.359393 0 1.000000
 4.201803  0.000000 -0.549496 0 1.000000
 2.509036  0.000000  0.389531 0 1.000000
 0.358617  0.000000 -0.041178 0 1.000000
 4.700236  0.000000  0.379005 0 1.000000
 0.743529  0.000000 -2.310562 0 1.000000
 2.143767  0.000000 -0.499811 0 1.000000
-0.303518  0.000000  0.338945 0 1.000000
-0.818920  0.000000 -1.126181 0 1.000000
 2.226501  0.000000 -0.920382 0 1.000000
-3.775142  0.000000  0.637737 0 1.000000
-0.951977  0.000000 -1.979379 0 1.000000
 2.239900  0.000000  1.102612 0 1.000000
 2.942111  0.000000  0.551508 0 1.000000
 0.077524  0.000000  2.251350 0 1.000000
 3.339131  0.000000 -0.198594 0 1.000000
-2.396933  0.000000  0.431996 0 1.000000
-0.340667  0.000000 -0.847321 0 1.000000
 1.861173  0.000000 -0.286444 0 1.000000
 0.940907  0.000000 -1.210772 0 1.000000
 1.038527  0.000000  0.715379 0 1.000000
-2.043585  0.000000  0.857574 0 1.000000
 4.375397  0.000000  0.678138 0 1.000000
-0.409376  0.000000 -0.539467 0 1.000000
 3.753640  0.000000  1.362756 0 1.000000
 4.588594  0.000000  1.134675 0 1.000000
 3.402373  0.000000  1.024925 0 1.000000
 3.290059  0.000000 -0.039758 0 1.000000
-3.053534  0.000000  0.974701 0 1.000000
-4.211766  0.000000  0.722096 0 1.000000
 0.659095  0.000000  1.478021 0 1.000000
-0.385802  0.000000  0.841645 0 1.000000
-3.352300  0.000000  1.488995 0 1.000000
-2.335755  0.000000  1.184369 0 1.000000
 2.120488  0.000000  0.308564 0 1.000000
 0.388262  0.000000  1.769995 0 1.000000
-0.415231  0.000000 -0.711499 0 1.000000
 1.625961  0.000000  1.479304 0 1.000000
 1.966865  0.000000  1.482856 0 1.000000
 1.603601  0.000000 -1.516732 0 1.000000
 1.520499  0.000000  2.401229 0 1.000000
-2.268285  0.000000 -0.802495 0 1.000000
 2.763064  0.000000  0.170016 0 1.000000
 1.271645  0.000000  1.861567 0 1.000000
 2.268456  0.000000 -0.618588 0 1.000000
 3.474698  0.000000  1.813293 0 1.000000
-0.033166  0.000000 -1.384984 0 1.000000
 2.722795  0.000000  0.678024 0 1.000000
-0.509336  0.000000  1.069153 0 1.000000
-1.285948  0.000000  1.150338 0 1.000000
 1.973781  0.000000 -1.801614 0 1.000000
 4.463037  0.000000  0.131369 0 1.000000
 0.474445  0.000000  1.521791 0 1.000000
-4.090279  0.000000  0.250428 0 1.000000
-0.158625  0.000000  0.263594 0 1.000000
 0.730597  0.000000 -2.432009 0 1.000000
 3.927709  0.000000  1.063544 0 1.000000
 0.838837  0.000000 -0.453177 0 1.000000
-1.374895  0.000000  0.923740 0 1.000000
 2.764265  0.000000  0.253462 0 1.000000
 0.893280  0.000000 -1.980428 0 1.000000
-1.328333  0.000000  0.770079 0 1.000000
-0.929851  0.000000 -1.340448 0 1.000000
 0.631792  0.000000 -1.936031 0 1.000000
-0.009950  0.000000 -1.016697 0 1.000000
-0.084787  0.000000  1.820642 0 1.000000
 3.013048  0.000000  0.763699 0 1.000000
-0.719129  0.000000 -0.546475 0 1.000000
 0.516429  0.000000 -1.473024 0 1.000000
-1.446433  0.000000 -0.028145 0 1.000000
 3.567635  0.000000  1.061245 0 1.000000
-1.100953  0.000000 -1.641836 0 1.000000
 4.136843  0.000000 -0.250347 0 1.000000
 2.303974  0.000000  0.051375 0 1.000000
-1.999104  0.000000 -0.408510 0 1.000000
 1.558839  0.000000 -0.918551 0 1.000000
-1.178405  0.000000 -0.761872 0 1.000000
-0.567310  0.000000  0.629086 0 1.000000
-2.945950  0.000000  1.814208 0 1.000000
-4.194108  0.000000  1.520429 0 1.000000
-0.109747  0.000000 -1.090192 0 1.000000
-2.092231  0.000000  0.505053 0 1.000000
 0.085102  0.000000  0.941118 0 1.000000
 1.743527  0.000000  2.534387 0 1.000000
 0.978644  0.000000  1.353511 0 1.000000
 0.416304  0.000000 -2.236955 0 1.000000
 0.109204  0.000000  1.900743 0 1.000000
 2.556855  0.000000 -1.224081 0 1.000000
 2.580980  0.000000 -1.094605 0 1.000000
 1.475337  0.000000 -1.817508 0 1.000000
 0.770675  0.000000 -0.154879 0 1.000000
-1.126760  0.000000  0.094039 0 1.000000
-3.024841  0.000000 -0.164940 0 1.000000
-0.948086  0.000000  1.223306 0 1.000000
 0.066169  0.000000  0.885511 0 1.000000
-1.473018  0.000000  0.592099 0 1.000000
 3.690023  0.000000  0.850274 0 1.000000
 0.016435  0.000000 -1.728272 0 1.000000
 0.524573  0.000000  1.687901 0 1.000000
 4.921911  0.000000  0.762355 0 1.000000
-3.921485  0.000000  1.641400 0 1.000000
 3.865874  0.000000  0.208504 0 1.000000
 1.149972  0.000000 -0.620483 0 1.000000
 3.354482  0.000000 -0.574413 0 1.000000
 3.752529  0.000000  1.446851 0 1.000000
 1.365237  0.000000  2.206977 0 1.000000
 1.636341  0.000000 -2.059263 0 1.000000
-0.146641  0.000000 -0.086111 0 1.000000
 3.472580  0.000000  0.475198 0 1.000000
-1.524702  0.000000 -1.269211 0 1.000000
 2.326187  0.000000  0.170657 0 1.000000
 1.739969  0.000000 -2.523436 0 1.000000
 2.477147  0.000000 -0.155310 0 1.000000
-2.068021  0.000000 -0.622388 0 1.000000
 1.617551  0.000000  1.313340 0 1.000000
-0.445707  0.000000 -0.084149 0 1.000000
 2.232005  0.000000 -1.333782 0 1.000000
 3.104365  0.000000  0.417352 0 1.000000
-0.901497  0.000000  0.804027 0 1.000000
-0.926376  0.000000 -0.164287 0 1.000000
 0.240122  0.000000 -1.936838 0 1.000000
 2.524298  0.000000 -0.744430 0 1.000000
 1.219453  0.000000 -2.269405 0 1.000000
-0.995471  0.000000 -0.466410 0 1.000000
-0.799488  0.000000 -1.816594 0 1.000000
 4.848021  0.000000  0.971962 0 1.000000
 1.828378  0.000000  2.246766 0 1.000000
 3.705889  0.000000  0.925372 0 1.000000
 2.754373  0.000000 -0.375950 0 1.000000
 4.114268  0.000000  0.139881 0 1.000000
-0.833220  0.000000  0.926914 0 1.000000
-1.938215  0.000000  0.806128 0 1.000000
 3.966019  0.000000 -0.291008 0 1.000000
-1.780148  0.000000  2.078044 0 1.000000
-2.409889  0.000000 -0.295853 0 1.000000
 1.269131  0.000000  0.941001 0 1.000000
 4.822936  0.000000  0.418831 0 1.000000
 1.962869  0.000000 -1.385334 0 1.000000
 2.772327  0.000000 -0.339538 0 1.000000
-1.774046  0.000000 -0.709324 0 1.000000
-2.286382  0.000000 -0.420586 0 1.000000
 1.309805  0.000000 -0.153913 0 1.000000
 2.158406  0.000000 -0.703495 0 1.000000
 3.214501  0.000000  0.590322 0 1.000000
 0.948804  0.000000 -1.478411 0 1.000000
-1.473069  0.000000 -0.002966 0 1.000000
 1.939675  0.000000 -1.510441 0 1.000000
 1.851320  0.000000  1.266522 0 1.000000
 3.695945  0.000000  1.020102 0 1.000000
-0.118815  0.000000  0.040741 0 1.000000
-0.933457  0.000000  1.280974 0 1.000000
 0.050978  0.000000 -1.012999 0 1.000000
 3.151170  0.000000 -0.839193 0 1.000000
-0.101403  0.000000  0.935508 0 1.000000
-1.570801  0.000000  1.780625 0 1.000000
 0.049113  0.000000  0.348588 0 1.000000
-1.194322  0.000000 -0.037171 0 1.000000
 0.043157  0.000000 -1.590365 0 1.000000
-0.178191  0.000000 -0.281331 0 1.000000
-3.855215  0.000000  0.350065 0 1.000000
-0.607800  0.000000 -0.960669 0 1.000000
-1.392364  0.000000  0.211493 0 1.000000
-0.520331  0.000000 -2.148765 0 1.000000
 0.557898  0.000000 -0.196564 0 1.000000
 0.474631  0.000000 -0.840984 0 1.000000
-0.402237  0.000000 -1.174552 0 1.000000
 1.458417  0.000000  2.021152 0 1.000000
 0.529076  0.000000 -0.759919 0 1.000000
-0.074454  0.000000 -0.626039 0 1.000000
 1.647808  0.000000 -1.178201 0 1.000000
-2.584113  0.000000  1.769604 0 1.000000
-1.050297  0.000000  1.992083 0 1.000000
-2.031472  0.000000  0.885084 0 1.000000
-4.248208  0.000000  0.923507 0 1.000000
 1.555387  0.000000 -0.761211 0 1.000000
 1.727502  0.000000 -1.813356 0 1.000000
 1.317859  0.000000 -1.672194 0 1.000000
 0.260107  0.000000 -0.968731 0 1.000000
-1.091411  0.000000  1.564048 0 1.000000
 1.208620  0.000000 -0.248829 0 1.000000
 1.676473  0.000000 -0.879349 0 1.000000
 0.279111  0.000000 -0.660445 0 1.000000
-3.993001  0.000000  1.605116 0 1.000000
 3.172210  0.000000  1.611107 0 1.000000
-2.636861  0.000000  1.852105 0 1.000000
-0.911215  0.000000  0.980016 0 1.000000
 1.876605  0.000000  0.725705 0 1.000000
 4.300209  0.000000  0.970944 0 1.000000
-1.216447  0.000000  0.943614 0 1.000000
 3.347424  0.000000  0.000677 0 1.000000
 0.148194  0.000000  0.691230 0 1.000000
 1.197505  0.000000 -0.196104 0 1.000000
-1.340962  0.000000  0.811668 0 1.000000
-0.375918  0.000000  0.640640 0 1.000000
 2.487000  0.000000  1.867441 0 1.000000
-4.105665  0.000000  0.936153 0 1.000000
 4.827246  0.000000  0.348029 0 1.000000
 0.235035  0.000000 -0.413460 0 1.000000
 1.182567  0.000000 -1.886012 0 1.000000
 0.109166  0.000000  1.141825 0 1.000000
-4.098210  0.000000  1.363379 0 1.000000
 2.016412  0.000000 -2.323815 0 1.000000
-1.879184  0.000000  0.818079 0 1.000000
 0.246859  0.000000  1.445457 0 1.000000
 3.373899  0.000000 -0.206651 0 1.000000
 3.424214  0.000000  1.828303 0 1.000000
-2.361280  0.000000  0.467739 0 1.000000
 3.376759  0.000000  1.473775 0 1.000000
 1.471674  0.000000 -0.029415 0 1.000000
 3.006818  0.000000  0.514340 0 1.000000
 0.928854  0.000000  0.858878 0 1.000000
 0.645438  0.000000 -0.466415 0 1.000000
-1.439078  0.000000  1.487305 0 1.000000
 0.400379  0.000000 -2.148163 0 1.000000
 1.497130  0.000000  2.024648 0 1.000000
-0.361735  0.000000 -0.292037 0 1.000000
 2.056366  0.000000 -1.970783 0 1.000000
 1.627192  0.000000 -2.140145 0 1.000000
-0.903515  0.000000  1.649689 0 1.000000
 0.540200  0.000000  1.179618 0 1.000000
-0.096661  0.000000 -0.252493 0 1.000000
 0.289969  0.000000  2.032826 0 1.000000
 3.898956  0.000000 -0.254561 0 1.000000
-4.249935  0.000000  1.447478 0 1.000000
-1.640631  0.000000  0.141944 0 1.000000
 4.339054  0.000000  0.334023 0 1.000000
-0.246890  0.000000  2.192879 0 1.000000
-1.627182  0.000000 -1.461423 0 1.000000
-0.807992  0.000000  1.059580 0 1.000000
 3.656389  0.000000  0.016109 0 1.000000
-2.695227  0.000000  0.850584 0 1.000000
 4.083068  0.000000  1.110722 0 1.000000
 3.431656  0.000000 -0.964065 0 1.000000
 3.210432  0.000000 -0.159901 0 1.000000
-2.431150  0.000000 -1.089338 0 1.000000
 3.979488  0.000000  0.853056 0 1.000000
-0.998271  0.000000 -1.900141 0 1.000000
 0.924810  0.000000 -1.759941 0 1.000000
-1.450108  0.000000 -0.282012 0 1.000000
 0.146629  0.000000 -1.506793 0 1.000000
 4.550512  0.000000  0.727533 0 1.000000
 0.109150  0.000000 -1.559022 0 1.000000
 4.857601  0.000000 -0.085789 0 1.000000
-3.539080  0.000000  0.974723 0 1.000000
 2.292976  0.000000 -0.998574 0 1.000000
 1.304412  0.000000  1.598918 0 1.000000
-0.070210  0.000000  1.648428 0 1.000000
-0.721733  0.000000  1.818195 0 1.000000
 1.146389  0.000000  0.132006 0 1.000000
-3.215246  0.000000  0.774950 0 1.000000
 3.316852  0.000000  2.032009 0 1.000000
 0.576771  0.000000  0.171559 0 1.000000
-3.423268  0.000000  0.349769 0 1.000000
-0.428949  0.000000 -1.550644 0 1.000000
 0.475044  0.000000  1.440179 0 1.000000
 3.983922  0.000000  0.172920 0 1.000000
-4.187927  0.000000  0.338378 0 1.000000
 3.156286  0.000000  0.925062 0 1.000000
-0.768059  0.000000 -1.733974 0 1.000000
-0.732410  0.000000 -0.421520 0 1.000000
 1.430822  0.000000 -0.371193 0 1.000000
 1.820074  0.000000  1.223664 0 1.000000
-1.931564  0.000000 -1.046882 0 1.000000
 4.008371  0.000000 -0.035827 0 1.000000
 3.069200  0.000000  0.931825 0 1.000000
 2.097962  0.000000  2.200176 0 1.000000
 2.895114  0.000000  1.228170 0 1.000000
-0.452683  0.000000  1.780191 0 1.000000
 1.548701  0.000000 -0.254766 0 1.000000
 2.010089  0.000000  0.544283 0 1.000000
-1.784923  0.000000 -0.122114 0 1.000000
-1.631293  0.000000 -1.128057 0 1.000000
 2.138511  0.000000  1.350792 0 1.000000
-0.437409  0.000000 -1.090337 0 1.000000
 0.434783  0.000000 -2.100873 0 1.000000
 3.780214  0.000000  1.070533 0 1.000000
 1.526351  0.000000  0.815570 0 1.000000
 0.958760  0.000000  2.207917 0 1.000000
 0.211221  0.000000 -0.968309 0 1.000000
 2.484425  0.000000  1.022106 0 1.000000
-2.608607  0.000000  1.576300 0 1.000000
 0.399411  0.000000 -0.379492 0 1.000000
 1.057590  0.000000 -2.362081 0 1.000000
 0.343735  0.000000 -1.502547 0 1.000000
 1.047160  0.000000 -1.715271 0 1.000000
 0.150898  0.000000  1.445133 0 1.000000
 2.119456  0.000000 -0.038878 0 1.000000
-1.155316  0.000000 -1.718360 0 1.000000
 2.044787  0.000000 -1.859987 0 1.000000
 1.920556  0.000000  2.167428 0 1.000000
-0.131332  0.000000 -0.871260 0 1.000000
-1.676186  0.000000  0.464754 0 1.000000
-2.358395  0.000000 -1.216409 0 1.000000
 4.704503  0.000000  1.220969 0 1.000000
 1.743978  0.000000 -1.098573 0 1.000000
 1.973777  0.000000  2.499569 0 1.000000
-4.072121  0.000000  1.061755 0 1.000000
-0.165973  0.000000  2.072125 0 1.000000
-1.413239  0.000000 -0.491942 0 1.000000
 1.538575  0.000000  1.144368 0 1.000000
 3.361844  0.000000  0.422211 0 1.000000
-0.841365  0.000000  0.424761 0 1.000000
 1.038479  0.000000  1.819322 0 1.000000
 2.664738  0.000000  1.684702 0 1.000000
-2.570142  0.000000  1.984898 0 1.000000
-0.989365  0.000000 -1.169573 0 1.000000
-0.020324  0.000000 -0.377694 0 1.000000
-1.370753  0.000000  0.600680 0 1.000000
 0.677243  0.000000 -0.575832 0 1.000000
-2.602487  0.000000  0.805186 0 1.000000
-1.329182  0.000000 -1.096294 0 1.000000
 2.488634  0.000000 -0.579407 0 1.000000
 3.789484  0.000000 -0.509576 0 1.000000
-2.707907  0.000000 -0.286375 0 1.000000
-1.824992  0.000000 -0.799173 0 1.000000
 0.706683  0.000000  0.884498 0 1.000000
 1.027273  0.000000 -2.433294 0 1.000000
 1.811607  0.000000 -1.295561 0 1.000000
 2.246298  0.000000 -0.504308 0 1.000000
-1.155932  0.000000 -0.291189 0 1.000000
-2.105807  0.000000 -1.506651 0 1.000000
-0.597937  0.000000 -2.019895 0 1.000000
-1.383334  0.000000 -0.619722 0 1.000000
-1.148745  0.000000  0.647065 0 1.000000
 1.149430  0.000000  0.211404 0 1.000000
 0.269223  0.000000  1.393871 0 1.000000
 0.589411  0.000000  0.430874 0 1.000000
 0.692917  0.000000  0.721359 0 1.000000
 3.012469  0.000000  1.269992 0 1.000000
-0.582264  0.000000 -0.658722 0 1.000000
-0.609064  0.000000  0.890301 0 1.000000
-3.624235  0.000000  1.238419 0 1.000000
 1.901981  0.000000  2.210200 0 1.000000
-1.887648  0.000000 -1.638248 0 1.000000
-2.946447  0.000000  0.642174 0 1.000000
-0.561475  0.000000 -1.967120 0 1.000000
-2.143857  0.000000  1.520494 0 1.000000
 1.913603  0.000000 -1.972033 0 1.000000
 1.920701  0.000000  0.881757 0 1.000000
 0.219287  0.000000  2.240820 0 1.000000
-1.169106  0.000000  1.110337 0 1.000000
-3.484938  0.000000  0.462136 0 1.000000
 4.347571  0.000000  1.472087 0 1.000000
 1.025963  0.000000 -1.763050 0 1.000000
-2.274491  0.000000 -0.635163 0 1.000000
-2.482611  0.000000 -1.010643 0 1.000000
 1.753131  0.000000 -0.925588 0 1.000000
-1.556017  0.000000 -1.084765 0 1.000000
-2.524593  0.000000 -0.363817 0 1.000000
 4.235072  0.000000  1.019835 0 1.000000
 1.948296  0.000000 -2.352663 0 1.000000
 2.001510  0.000000 -1.672828 0 1.000000
 1.129583  0.000000 -1.381525 0 1.000000
-3.095966  0.000000  0.475389 0 1.000000
-1.689486  0.000000 -1.378194 0 1.000000
-0.450982  0.000000 -0.245976 0 1.000000
-0.574948  0.000000 -1.563569 0 1.000000
 4.005815  0.000000  0.122673 0 1.000000
 4.742262  0.000000  0.725530 0 1.000000
-2.535831  0.000000  1.784044 0 1.000000
-0.403660  0.000000  1.016897 0 1.000000
 2.169464  0.000000  2.323078 0 1.000000
 1.559938  0.000000  0.417492 0 1.000000
 1.077097  0.000000 -0.412044 0 1.000000
-0.080780  0.000000  1.324167 0 1.000000
 2.392376  0.000000  1.945487 0 1.000000
-1.661055  0.000000 -1.671639 0 1.000000
 0.148525  0.000000  0.091550 0 1.000000
 0.765077  0.000000 -0.837010 0 1.000000
-3.804653  0.000000  1.535233 0 1.000000
-0.900364  0.000000  1.990249 0 1.000000
 0.963888  0.000000  1.270321 0 1.000000
 0.003108  0.000000 -0.839547 0 1.000000
-1.214622  0.000000  0.854190 0 1.000000
-0.244134  0.000000  1.016122 0 1.000000
 1.380520  0.000000 -2.234572 0 1.000000
 1.617756  0.000000 -2.309382 0 1.000000
-0.180549  0.000000 -0.616854 0 1.000000
-0.326853  0.000000 -1.560503 0 1.000000
 2.556803  0.000000  0.881313 0 1.000000
-0.221308  0.000000  1.997381 0 1.000000
 4.116639  0.000000  0.719855 0 1.000000
 0.608129  0.000000 -0.637685 0 1.000000
 3.984380  0.000000  0.677302 0 1.000000
-3.846683  0.000000  1.522769 0 1.000000
-3.443634  0.000000  1.565949 0 1.000000
-3.469879  0.000000  1.449558 0 1.000000
 0.745271  0.000000 -1.222279 0 1.000000
 1.578461  0.000000  1.488728 0 1.000000
 3.044150  0.000000 -0.720080 0 1.000000
 2.698866  0.000000  0.732097 0 1.000000
 2.020616  0.000000  1.729701 0 1.000000
 2.164593  0.000000  1.895125 0 1.000000
 0.388451  0.000000  1.953016 0 1.000000
 0.886483  0.000000 -1.900285 0 1.000000
 3.216072  0.000000  1.279953 0 1.000000
 1.939594  0.000000 -2.436592 0 1.000000
-3.461326  0.000000  1.698861 0 1.000000
 0.764784  0.000000  0.340312 0 1.000000
 3.945878  0.000000  0.590516 0 1.000000
-0.975331  0.000000  1.860614 0 1.000000
-0.060182  0.000000 -2.279032 0 1.000000
 4.455581  0.000000  0.224670 0 1.000000
 2.696175  0.000000 -0.792622 0 1.000000
 3.185763  0.000000  1.401811 0 1.000000
 0.548654  0.000000 -1.719691 0 1.000000
-0.033642  0.000000 -2.151977 0 1.000000
 2.131194  0.000000  0.936635 0 1.000000
 1.936863  0.000000 -1.268253 0 1.000000
 1.997380  0.000000 -1.260908 0 1.000000
 3.241862  0.000000 -0.955601 0 1.000000
-1.474379  0.000000 -1.598743 0 1.000000
 1.793895  0.000000 -2.446771 0 1.000000
-1.764540  0.000000  0.857706 0 1.000000
 2.746255  0.000000  1.135121 0 1.000000
-0.230243  0.000000  0.896466 0 1.000000
 3.123311  0.000000  1.100183 0 1.000000
-3.439236  0.000000  1.650293 0 1.000000
 0.628160  0.000000  2.029361 0 1.000000
-1.464685  0.000000  1.938159 0 1.000000
 1.076925  0.000000 -0.673793 0 1.000000
-0.219496  0.000000 -0.957312 0 1.000000
-0.646771  0.000000 -1.519025 0 1.000000
 0.114295  0.000000  1.569128 0 1.000000
 1.117317  0.000000  0.435037 0 1.000000
 0.870576  0.000000 -0.757943 0 1.000000
-2.670569  0.000000  0.634502 0 1.000000
 1.026370  0.000000 -0.337519 0 1.000000
-0.571491  0.000000 -2.056603 0 1.000000
 3.009715  0.000000 -0.916370 0 1.000000
-3.905724  0.000000  0.435507 0 1.000000
 0.431890  0.000000 -0.676135 0 1.000000
-0.614897  0.000000 -1.817769 0 1.000000
 1.457905  0.000000  2.284014 0 1.000000
 0.686878  0.000000 -0.917480 0 1.000000
 1.305493  0.000000 -0.418572 0 1.000000
 0.545385  0.000000 -1.799389 0 1.000000
-2.516422  0.000000  1.240026 0 1.000000
 1.049527  0.000000 -0.960639 0 1.000000
 0.540361  0.000000 -1.179836 0 1.000000
 2.471357  0.000000 -1.173559 0 1.000000
-0.958434  0.000000  1.733385 0 1.000000
-1.719815  0.000000 -1.341789 0 1.000000
-2.400933  0.000000  1.181228 0 1.000000
-2.568634  0.000000  0.559442 0 1.000000
 0.069297  0.000000  0.563583 0 1.000000
-0.791146  0.000000  1.951221 0 1.000000
-0.759993  0.000000 -0.709714 0 1.000000
 3.493874  0.000000  0.606162 0 1.000000
-3.384819  0.000000  0.212158 0 1.000000
-2.049726  0.000000 -0.247180 0 1.000000
-3.619273  0.000000  0.012432 0 1.000000
 1.227463  0.000000  1.309506 0 1.000000
 1.219968  0.000000 -0.323694 0 1.000000
 2.314578  0.000000  1.489535 0 1.000000
 2.611700  0.000000  2.078512 0 1.000000
 3.220023  0.000000 -0.579344 0 1.000000
-0.117101  0.000000 -1.987281 0 1.000000
 2.184317  0.000000  0.687732 0 1.000000
-0.099330  0.000000  0.771571 0 1.000000
 4.378808  0.000000  1.102107 0 1.000000
 1.885484  0.000000 -0.426552 0 1.000000
 3.193149  0.000000  1.991532 0 1.000000
 1.215485  0.000000  2.369942 0 1.000000
 1.467045  0.000000 -0.255402 0 1.000000
-4.032125  0.000000  0.220362 0 1.000000
 0.435855  0.000000 -1.690995 0 1.000000
 4.607377  0.000000  0.301450 0 1.000000
 1.733232  0.000000 -1.629196 0 1.000000
 1.753592  0.000000  0.269347 0 1.000000
 3.789493  0.000000 -0.754680 0 1.000000
 1.578797  0.000000  0.971367 0 1.000000
 2.522381  0.000000  0.938939 0 1.000000
 2.763965  0.000000  0.673043 0 1.000000
 1.562622  0.000000 -0.844794 0 1.000000
-0.280486  0.000000  0.056435 0 1.000000
-0.519017  0.000000 -0.881621 0 1.000000
 3.108231  0.000000  1.437044 0 1.000000
 2.274685  0.000000 -0.422314 0 1.000000
-1.883070  0.000000  0.979351 0 1.000000
-0.327375  0.000000 -0.040349 0 1.000000
 3.348406  0.000000  0.856641 0 1.000000
 0.117925  0.000000  0.801782 0 1.000000
 0.472746  0.000000 -0.592611 0 1.000000
 0.669186  0.000000 -2.186581 0 1.000000
-3.407578  0.000000  0.010322 0 1.000000
-1.171265  0.000000 -1.262178 0 1.000000
 0.655022  0.000000  1.066345 0 1.000000
 1.097442  0.000000  0.560007 0 1.000000
-0.427648  0.000000  0.718504 0 1.000000
 3.907661  0.000000 -0.712479 0 1.000000
 1.380927  0.000000 -1.979592 0 1.000000
 2.751130  0.000000 -0.805559 0 1.000000
-1.104806  0.000000  1.907591 0 1.000000
-3.172910  0.000000 -0.161279 0 1.000000
 2.902575  0.000000  1.981389 0 1.000000
-2.797937  0.000000 -0.298564 0 1.000000
-2.202924  0.000000 -1.185928 0 1.000000
 0.910712  0.000000  1.686637 0 1.000000
 0.724434  0.000000  0.934340 0 1.000000
-4.473035  0.000000  1.058191 0 1.000000
 4.744012  0.000000  0.980973 0 1.000000
 3.658569  0.000000  0.256655 0 1.000000
-1.537999  0.000000  0.134775 0 1.000000
-0.523586  0.000000  1.232165 0 1.000000
 4.858591  0.000000  0.429566 0 1.000000
-3.374782  0.000000  0.174012 0 1.000000
 1.672240  0.000000  1.238823 0 1.000000
 0.848716  0.000000 -1.310060 0 1.000000
 3.720743  0.000000  1.643033 0 1.000000
 0.443049  0.000000  0.094697 0 1.000000
 1.584546  0.000000  1.656184 0 1.000000
-0.353838  0.000000  1.446723 0 1.000000
-1.997966  0.000000 -0.595360 0 1.000000
-3.115888  0.000000  1.350902 0 1.000000
 2.030868  0.000000  2.285781 0 1.000000
 3.036262  0.000000 -0.044991 0 1.000000
 1.798924  0.000000 -0.503586 0 1.000000
 1.892850  0.000000 -1.343341 0 1.000000
-3.001935  0.000000  0.126790 0 1.000000
-0.754848  0.000000 -0.534564 0 1.000000
 2.742213  0.000000  2.076222 0 1.000000
 2.020619  0.000000  1.492934 0 1.000000
 0.715220  0.000000 -1.924976 0 1.000000
-3.263489  0.000000  0.418374 0 1.000000
-4.174064  0.000000  0.462972 0 1.000000
 1.105634  0.000000 -0.324988 0 1.000000
 1.762645  0.000000 -0.037948 0 1.000000
 0.392219  0.000000  0.424671 0 1.000000
-2.881626  0.000000  0.775507 0 1.000000
-2.270613  0.000000  1.567567 0 1.000000
 2.422308  0.000000  1.938572 0 1.000000
 4.423982  0.000000  0.175678 0 1.000000
-1.263914  0.000000 -1.429039 0 1.000000
-3.221927  0.000000  0.332719 0 1.000000
 0.200267  0.000000 -0.255958 0 1.000000
 0.257232  0.000000 -1.805971 0 1.000000
-1.309906  0.000000  1.784831 0 1.000000
-2.152678  0.000000  0.501473 0 1.000000
 3.536251  0.000000  1.223970 0 1.000000
 0.843480  0.000000 -1.387898 0 1.000000
 0.943303  0.000000 -1.550308 0 1.000000
 0.772758  0.000000  2.109939 0 1.000000
 3.191865  0.000000 -0.795195 0 1.000000
-2.511237  0.000000 -0.453188 0 1.000000
-1.595004  0.000000  0.045529 0 1.000000
-0.498760  0.000000 -1.174075 0 1.000000
 3.278840  0.000000 -0.197158 0 1.000000
-2.345182  0.000000  1.613989 0 1.000000
 2.700338  0.000000  1.729532 0 1.000000
 1.823400  0.000000  0.307633 0 1.000000
-0.119267  0.000000 -1.136314 0 1.000000
-1.144258  0.000000  0.052982 0 1.000000
 2.472822  0.000000  1.601717 0 1.000000
-3.615455  0.000000  1.771137 0 1.000000
-1.202121  0.000000 -0.801404 0 1.000000
-0.180460  0.000000 -0.116347 0 1.000000
 1.581492  0.000000  1.903697 0 1.000000
-2.447086  0.000000  1.776699 0 1.000000
-0.640336  0.000000 -0.424640 0 1.000000
-0.705760  0.000000 -0.629655 0 1.000000
 1.773266  0.000000 -1.123124 0 1.000000
 5.086575  0.000000  0.814699 0 1.000000
 0.841790  0.000000 -0.972600 0 1.000000
-3.937678  0.000000  0.901100 0 1.000000
-0.053803  0.000000 -0.416164 0 1.000000
 2.143654  0.000000  2.290173 0 1.000000
-3.777731  0.000000  1.054775 0 1.000000
 2.455991  0.000000  0.128416 0 1.000000
 1.033821  0.000000 -1.633206 0 1.000000
 4.072687  0.000000  0.045284 0 1.000000
 0.126560  0.000000  0.387231 0 1.000000
 4.565620  0.000000  0.432546 0 1.000000
 2.997417  0.000000  1.575412 0 1.000000
 2.086200  0.000000  0.927467 0 1.000000
-0.282307  0.000000  1.315243 0 1.000000
-1.824135  0.000000  1.321823 0 1.000000
 0.123437  0.000000 -0.719281 0 1.000000
 4.273977  0.000000  1.355629 0 1.000000
 3.399591  0.000000  0.928433 0 1.000000
-2.579615  0.000000  1.444445 0 1.000000
-2.126207  0.000000 -0.458969 0 1.000000
 3.984751  0.000000  0.002267 0 1.000000
 1.804343  0.000000 -1.932605 0 1.000000
 4.158105  0.000000 -0.455033 0 1.000000
 4.260623  0.000000  0.981698 0 1.000000
-0.738429  0.000000 -0.743052 0 1.000000
 0.749900  0.000000 -2.234028 0 1.000000
-0.776310  0.000000  0.249899 0 1.000000
 3.653961  0.000000  1.773267 0 1.000000
-1.665272  0.000000  1.361658 0 1.000000
-0.976923  0.000000  1.100213 0 1.000000
 0.040100  0.000000 -1.848978 0 1.000000
 3.188196  0.000000  0.215709 0 1.000000
 3.422926  0.000000  1.900357 0 1.000000
-2.813005  0.000000  0.208249 0 1.000000
 0.848790  0.000000 -2.401148 0 1.000000
-1.922338  0.000000  0.717990 0 1.000000
 2.401257  0.000000  0.471267 0 1.000000
-0.096328  0.000000 -1.854056 0 1.000000
-1.177626  0.000000  1.787085 0 1.000000
 1.138978  0.000000 -1.480594 0 1.000000
 4.113176  0.000000  1.140211 0 1.000000
 2.536021  0.000000  1.109218 0 1.000000
 3.179802  0.000000 -0.966681 0 1.000000
-3.230808  0.000000  1.525816 0 1.000000
-0.079945  0.000000  0.899727 0 1.000000
-3.433283  0.000000  1.067969 0 1.000000
-1.903376  0.000000 -1.084815 0 1.000000
-2.556759  0.000000  1.142293 0 1.000000
 0.912808  0.000000 -2.013231 0 1.000000
-1.915044  0.000000  0.089422 0 1.000000
-0.567685  0.000000 -0.553280 0 1.000000
-2.249284  0.000000 -0.917825 0 1.000000
 0.742646  0.000000 -0.298224 0 1.000000
 1.555593  0.000000 -2.106188 0 1.000000
-2.705661  0.000000  1.825324 0 1.000000
 2.364353  0.000000  1.140572 0 1.000000
-0.526465  0.000000 -1.551350 0 1.000000
 1.387037  0.000000 -0.703211 0 1.000000
 2.065031  0.000000 -0.450551 0 1.000000
-3.619611  0.000000  0.849926 0 1.000000
 3.379694  0.000000  0.796886 0 1.000000
-2.323379  0.000000 -0.623907 0 1.000000
 0.989562  0.000000 -1.893154 0 1.000000
 3.955570  0.000000  1.064658 0 1.000000
 1.856060  0.000000 -2.109906 0 1.000000
 1.206833  0.000000  1.265615 0 1.000000
 3.845662  0.000000 -0.753530 0 1.000000
-3.186439  0.000000  1.731166 0 1.000000
-0.710565  0.000000 -0.199339 0 1.000000
 2.291912  0.000000  0.516307 0 1.000000
-0.070827  0.000000  0.971721 0 1.000000
 3.456322  0.000000  1.018622 0 1.000000
 1.751521  0.000000  2.377703 0 1.000000
 1.855521  0.000000  0.755092 0 1.000000
 1.261151  0.000000  2.114462 0 1.000000
 0.681077  0.000000 -2.107222 0 1.000000
-2.073650  0.000000  1.489250 0 1.000000
 4.414321  0.000000  0.211333 0 1.000000
 1.595609  0.000000 -1.182867 0 1.000000
 3.876947  0.000000  1.220316 0 1.000000
-1.459779  0.000000  0.689528 0 1.000000
-3.003315  0.000000  1.745957 0 1.000000
-2.276869  0.000000  0.039346 0 1.000000
-2.399935  0.000000  0.672562 0 1.000000
-2.369620  0.000000 -0.375004 0 1.000000
-3.239490  0.000000  0.378478 0 1.000000
-2.975486  0.000000  1.192724 0 1.000000
 0.015074  0.000000 -1.304422 0 1.000000
-3.418250  0.000000  1.014288 0 1.000000
 0.954232  0.000000  0.562068 0 1.000000
 4.361666  0.000000  1.404607 0 1.000000
 2.353685  0.000000  2.328473 0 1.000000
-0.123439  0.000000 -1.642436 0 1.000000
-1.301941  0.000000 -0.463672 0 1.000000
 0.263118  0.000000 -0.113525 0 1.000000
-3.685506  0.000000  1.734692 0 1.000000
 1.754256  0.000000  1.619685 0 1.000000
 0.608548  0.000000  0.297391 0 1.000000
 1.130248  0.000000  1.491666 0 1.000000
 2.191257  0.000000 -0.161144 0 1.000000
-1.267168  0.000000 -1.344533 0 1.000000
-4.221232  0.000000  0.811865 0 1.000000
 1.796107  0.000000  0.684304 0 1.000000
 3.820050  0.000000  0.725341 0 1.000000
-1.150696  0.000000  2.072880 0 1.000000
-1.435656  0.000000  1.572221 0 1.000000
 2.830666  0.000000  0.603486 0 1.000000
 2.422398  0.000000  1.777795 0 1.000000
 2.115344  0.000000  0.892753 0 1.000000
 2.960656  0.000000 -0.579879 0 1.000000
-2.121888  0.000000 -0.532453 0 1.000000
-0.396222  0.000000  0.097774 0 1.000000
-1.306808  0.000000 -1.478473 0 1.000000
 2.822963  0.000000  2.196495 0 1.000000
-0.161391  0.000000  0.603187 0 1.000000
 0.875253  0.000000 -1.768944 0 1.000000
-2.845919  0.000000  1.221058 0 1.000000
 1.788366  0.000000 -2.530580 0 1.000000
-1.931596  0.000000 -1.208766 0 1.000000
-0.014794  0.000000  0.677752 0 1.000000
 0.389515  0.000000  0.269102 0 1.000000
-3.704941  0.000000  0.766311 0 1.000000
-1.202949  0.000000  0.207001 0 1.000000
 2.569531  0.000000  0.522534 0 1.000000
-1.509170  0.000000  0.259744 0 1.000000
 1.769824  0.000000  1.642075 0 1.000000
 2.985583  0.000000  0.976413 0 1.000000
-1.816980  0.000000  0.266475 0 1.000000
 4.935518  0.000000  0.125258 0 1.000000
 4.552908  0.000000  0.459770 0 1.000000
-2.028149  0.000000  0.056202 0 1.000000
 0.569821  0.000000  1.278728 0 1.000000
 1.114894  0.000000 -1.592715 0 1.000000
 2.124219  0.000000 -0.708477 0 1.000000
-1.365506  0.000000  0.517323 0 1.000000
-0.410676  0.000000 -1.890114 0 1.000000
-0.410586  0.000000 -1.048547 0 1.000000
 4.283011  0.000000  0.588104 0 1.000000
-0.494448  0.000000 -0.757715 0 1.000000
 0.098260  0.000000  0.347413 0 1.000000
 4.867051  0.000000  1.181123 0 1.000000
 3.033157  0.000000  0.733830 0 1.000000
 1.715904  0.000000 -1.466055 0 1.000000
-1.411018  0.000000  1.347555 0 1.000000
 0.074694  0.000000 -0.030889 0 1.000000
 2.695868  0.000000 -1.125437 0 1.000000
 0.208038  0.000000  0.465295 0 1.000000
 2.070454  0.000000  2.411477 0 1.000000
 3.432019  0.000000  1.315623 0 1.000000
 0.496670  0.000000  0.389326 0 1.000000
-0.202935  0.000000  1.450065 0 1.000000
 1.475177  0.000000 -0.289894 0 1.000000
-3.691519  0.000000  1.661371 0 1.000000
 1.876218  0.000000 -0.543070 0 1.000000
-1.911343  0.000000 -0.334063 0 1.000000
-0.191556  0.000000 -0.677322 0 1.000000
 0.699172  0.000000  2.325337 0 1.000000
-0.275115  0.000000 -0.453084 0 1.000000
 0.459864  0.000000  1.897409 0 1.000000
 0.910216  0.000000 -1.601726 0 1.000000
 2.498260  0.000000  2.239397 0 1.000000
 0.458955  0.000000  1.400502 0 1.000000
 3.108852  0.000000  0.090270 0 1.000000
 3.555230  0.000000  1.189344 0 1.000000
-0.001159  0.000000  0.164999 0 1.000000
 1.650283  0.000000 -0.171854 0 1.000000
 0.770812  0.000000 -2.017432 0 1.000000
-2.643061  0.000000  0.084104 0 1.000000
 1.488275  0.000000  0.394126 0 1.000000
-1.269239  0.000000 -0.336613 0 1.000000
 0.005330  0.000000 -1.848521 0 1.000000
-0.161159  0.000000 -0.745952 0 1.000000
 1.408536  0.000000 -1.101786 0 1.000000
 0.325387  0.000000 -1.096291 0 1.000000
-3.917982  0.000000  1.318089 0 1.000000
 3.778047  0.000000 -0.201406 0 1.000000
-0.955537  0.000000 -1.381197 0 1.000000
 0.598157  0.000000 -0.209702 0 1.000000
-3.948624  0.000000  0.171261 0 1.000000
 2.812268  0.000000  1.266362 0 1.000000
 3.022267  0.000000  1.024589 0 1.000000
-1.127229  0.000000  0.773077 0 1.000000
 1.846877  0.000000 -0.745947 0 1.000000
-2.386976  0.000000 -1.000558 0 1.000000
 3.354613  0.000000  1.103394 0 1.000000
-3.133378  0.000000  1.197572 0 1.000000
 2.627563  0.000000  1.691156 0 1.000000
 0.776603  0.000000 -0.579125 0 1.000000
-1.217611  0.000000  1.183947 0 1.000000
 2.038198  0.000000 -0.848610 0 1.000000
 1.994766  0.000000  1.025144 0 1.000000
-2.321408  0.000000  1.908652 0 1.000000
 2.836390  0.000000 -0.703656 0 1.000000
 4.852484  0.000000 -0.125875 0 1.000000
-2.812860  0.000000  0.305704 0 1.000000
 0.020507  0.000000 -2.229221 0 1.000000
 0.022530  0.000000 -0.456961 0 1.000000
 1.356281  0.000000  1.441069 0 1.000000
 4.698277  0.000000  0.885295 0 1.000000
-0.593943  0.000000 -0.928520 0 1.000000
 3.690317  0.000000  1.438434 0 1.000000
 2.357384  0.000000 -0.120194 0 1.000000
 2.067342  0.000000  1.909818 0 1.000000
-2.339462  0.000000  0.428913 0 1.000000
-2.567040  0.000000 -0.450843 0 1.000000
-0.223296  0.000000 -0.033143 0 1.000000
 1.355957  0.000000  0.179843 0 1.000000
 0.161985  0.000000 -2.066620 0 1.000000
 3.765676  0.000000 -0.553186 0 1.000000
-1.265245  0.000000 -1.678741 0 1.000000
-1.364497  0.000000 -1.342840 0 1.000000
 2.553199  0.000000 -0.546938 0 1.000000
 4.639517  0.000000 -0.130343 0 1.000000
 3.153391  0.000000  1.769312 0 1.000000
 5.119594  0.000000  0.264946 0 1.000000
 0.406212  0.000000  0.718807 0 1.000000
-0.015654  0.000000  1.950866 0 1.000000
-3.165705  0.000000  1.018553 0 1.000000
 1.328485  0.000000  0.474832 0 1.000000
-2.591932  0.000000  0.002802 0 1.000000
-2.423622  0.000000  1.479713 0 1.000000
-1.457416  0.000000  1.110364 0 1.000000
-0.178016  0.000000  1.979522 0 1.000000
 2.605946  0.000000  2.154599 0 1.000000
 4.117329  0.000000  1.064883 0 1.000000
-0.531518  0.000000 -2.017716 0 1.000000
 2.553447  0.000000  0.463242 0 1.000000
 2.919942  0.000000  2.121488 0 1.000000
-1.219796  0.000000 -0.325070 0 1.000000
 2.509451  0.000000  1.394491 0 1.000000
-0.639697  0.000000 -0.668351 0 1.000000
-3.467567  0.000000  0.093424 0 1.000000
 2.542588  0.000000  0.136324 0 1.000000
-2.443955  0.000000  1.276850 0 1.000000
 3.238740  0.000000  0.979111 0 1.000000
 2.420629  0.000000  1.273599 0 1.000000
 3.509486  0.000000  0.521988 0 1.000000
-1.166650  0.000000  0.588779 0 1.000000
-4.364255  0.000000  0.477253 0 1.000000
-0.280908  0.000000  2.167035 0 1.000000
 2.608298  0.000000 -0.786548 0 1.000000
-2.779944  0.000000  0.585972 0 1.000000
 2.436415  0.000000 -1.085650 0 1.000000
-0.901437  0.000000  1.054877 0 1.000000
 3.870665  0.000000 -0.291034 0 1.000000
 0.483023  0.000000  0.684132 0 1.000000
-0.350813  0.000000  0.764844 0 1.000000
 0.291112  0.000000  0.430624 0 1.000000
 0.815232  0.000000  0.419201 0 1.000000
-2.750626  0.000000  0.042956 0 1.000000
 0.799288  0.000000  0.642691 0 1.000000
 3.626272  0.000000  1.303763 0 1.000000
-3.588746  0.000000  1.221853 0 1.000000
 3.815277  0.000000 -0.282974 0 1.000000
 1.680158  0.000000 -0.383877 0 1.000000
-3.033744  0.000000  1.022471 0 1.000000
-1.737759  0.000000 -0.709550 0 1.000000
-1.026645  0.000000 -1.336276 0 1.000000
 0.784625  0.000000 -0.246856 0 1.000000
-2.433186  0.000000  0.586551 0 1.000000
-0.573324  0.000000  1.304439 0 1.000000
 1.218344  0.000000  1.014754 0 1.000000
 3.162820  0.000000  1.703792 0 1.000000
 2.947168  0.000000  2.148358 0 1.000000
 2.124763  0.000000  1.733521 0 1.000000
 0.572623  0.000000  2.359980 0 1.000000
 2.129602  0.000000  0.093718 0 1.000000
-0.957378  0.000000 -0.873412 0 1.000000
 4.540622  0.000000  0.635842 0 1.000000
 1.764001  0.000000  0.806536 0 1.000000
 4.845864  0.000000 -0.030297 0 1.000000
 2.841415  0.000000  1.556757 0 1.000000
 0.430783  0.000000 -0.836574 0 1.000000
-1.620487  0.000000  0.593591 0 1.000000
-1.115265  0.000000  1.451008 0 1.000000
 2.720106  0.000000  2.209448 0 1.000000
 2.749160  0.000000 -0.299804 0 1.000000
-1.432188  0.000000 -1.475005 0 1.000000
-1.660109  0.000000 -1.258479 0 1.000000
 0.404671  0.000000  0.634008 0 1.000000
 1.198014  0.000000 -2.058652 0 1.000000
 1.383681  0.000000  2.320118 0 1.000000
 4.283703  0.000000  0.678885 0 1.000000
 3.450499  0.000000  1.867029 0 1.000000
 0.625410  0.000000 -0.335121 0 1.000000
 1.397626  0.000000  1.113069 0 1.000000
 4.195322  0.000000  0.341472 0 1.000000
-1.027032  0.000000  0.684817 0 1.000000
 0.101640  0.000000  2.122845 0 1.000000
-2.759691  0.000000  1.980143 0 1.000000
-3.221872  0.000000  1.599533 0 1.000000
 1.650438  0.000000  0.929971 0 1.000000
-1.019238  0.000000 -0.414610 0 1.000000
 1.290721  0.000000  0.712699 0 1.000000
-2.247260  0.000000 -1.098202 0 1.000000
 0.321368  0.000000 -2.323917 0 1.000000
-0.421762  0.000000  1.648424 0 1.000000
 1.716961  0.000000 -2.055867 0 1.000000
 1.057659  0.000000 -1.925359 0 1.000000
 0.069034  0.000000 -1.056556 0 1.000000
-0.110703  0.000000 -1.608215 0 1.000000
-1.123890  0.000000  2.024875 0 1.000000
 2.024703  0.000000 -1.045306 0 1.000000
 0.428028  0.000000 -1.168810 0 1.000000
-4.384235  0.000000  1.267923 0 1.000000
-4.124848  0.000000  1.568392 0 1.000000
 0.188762  0.000000  1.359150 0 1.000000
 2.404534  0.000000  2.318140 0 1.000000
-0.071969  0.000000  1.407971 0 1.000000
 0.185907  0.000000 -2.364704 0 1.000000
 3.215338  0.000000  1.347473 0 1.000000
-1.872979  0.000000 -0.711758 0 1.000000
 0.695604  0.000000 -1.387442 0 1.000000
-3.854835  0.000000  0.421925 0 1.000000
-0.907692  0.000000 -0.538581 0 1.000000
-2.486797  0.000000  0.502375 0 1.000000
-0.535351  0.000000  1.099826 0 1.000000
 2.013985  0.000000 -0.872833 0 1.000000
 0.937665  0.000000  1.987082 0 1.000000
 1.766535  0.000000  0.055237 0 1.000000
-2.494031  0.000000 -0.511122 0 1.000000
-3.168541  0.000000  0.252446 0 1.000000
-2.089827  0.000000  0.253092 0 1.000000
-0.191429  0.000000 -0.925792 0 1.000000
-1.176352  0.000000  1.687848 0 1.000000
-0.842830  0.000000  1.357288 0 1.000000
-2.731247  0.000000 -0.173117 0 1.000000
-0.715087  0.000000 -0.716341 0 1.000000
 2.009107  0.000000 -0.211572 0 1.000000
-1.248756  0.000000  0.726678 0 1.000000
-1.119979  0.000000 -1.002018 0 1.000000
 3.090760  0.000000 -0.870774 0 1.000000
 0.557998  0.000000  0.475409 0 1.000000
 2.697963  0.000000  1.239691 0 1.000000
 3.045201  0.000000  0.138442 0 1.000000
 0.490767  0.000000  0.515769 0 1.000000
 0.846716  0.000000 -0.289129 0 1.000000
-1.408475  0.000000 -1.265629 0 1.000000
 5.067807  0.000000  0.250168 0 1.000000
 1.714462  0.000000 -0.549011 0 1.000000
-2.487791  0.000000 -0.759809 0 1.000000
-0.238253  0.000000  2.026227 0 1.000000
 2.561623  0.000000  1.230841 0 1.000000
-1.097806  0.000000  0.309138 0 1.000000
-1.034298  0.000000 -0.665386 0 1.000000
 4.219890  0.000000  1.054039 0 1.000000
 3.886669  0.000000 -0.503234 0 1.000000
-2.823525  0.000000  1.872672 0 1.000000
-4.398346  0.000000  1.181621 0 1.000000
 1.376619  0.000000 -0.205730 0 1.000000
-0.151567  0.000000 -1.007124 0 1.000000
 0.577155  0.000000  1.442944 0 1.000000
 4.082761  0.000000  0.931201 0 1.000000
 1.483276  0.000000 -2.223075 0 1.000000
 0.175251  0.000000  1.313243 0 1.000000
 0.790020  0.000000  1.986343 0 1.000000
 1.753296  0.000000 -0.845527 0 1.000000
 2.895479  0.000000 -0.378871 0 1.000000
 2.556155  0.000000 -0.466991 0 1.000000
 2.259341  0.000000 -0.796826 0 1.000000
-0.107619  0.000000  0.855748 0 1.000000
 0.227944  0.000000 -2.268916 0 1.000000
 1.873777  0.000000 -0.874169 0 1.000000
 0.745239  0.000000 -2.407054 0 1.000000
-1.490992  0.000000 -1.718346 0 1.000000
-2.065094  0.000000 -1.140607 0 1.000000
 4.411255  0.000000 -0.364682 0 1.000000
 2.935675  0.000000  0.390246 0 1.000000
 3.081767  0.000000  1.911408 0 1.000000
 0.970417  0.000000  0.096809 0 1.000000
-1.008649  0.000000 -1.971034 0 1.000000
-0.896270  0.000000  1.393112 0 1.000000
 0.361942  0.000000 -0.110665 0 1.000000
 1.692490  0.000000  1.009228 0 1.000000
 0.951314  0.000000  2.065154 0 1.000000
 0.975366  0.000000 -0.413754 0 1.000000
 1.581044  0.000000 -0.887509 0 1.000000
-0.969529  0.000000  0.265485 0 1.000000
 1.719259  0.000000 -0.966004 0 1.000000
-0.088149  0.000000  0.811105 0 1.000000
 1.910056  0.000000  2.078350 0 1.000000
-2.670917  0.000000  1.317867 0 1.000000
 3.411149  0.000000  1.872865 0 1.000000
 1.910291  0.000000  2.489379 0 1.000000
 1.204445  0.000000  0.939546 0 1.000000
-2.552442  0.000000  0.638569 0 1.000000
 1.990487  0.000000 -1.518368 0 1.000000
 1.789537  0.000000 -1.257018 0 1.000000
 1.353349  0.000000  2.108585 0 1.000000
-2.076385  0.000000  1.643756 0 1.000000
-1.297183  0.000000  0.394511 0 1.000000
 4.110372  0.000000  0.225683 0 1.000000
 1.182090  0.000000 -1.046581 0 1.000000
-1.101765  0.000000 -1.218210 0 1.000000
 2.631229  0.000000  0.689090 0 1.000000
 1.155964  0.000000 -1.841310 0 1.000000
 0.355665  0.000000  1.727677 0 1.000000
 2.115592  0.000000  0.545553 0 1.000000
-0.567305  0.000000 -0.202875 0 1.000000
-1.956410  0.000000  1.854928 0 1.000000
-2.349683  0.000000  0.504275 0 1.000000
-2.962562  0.000000 -0.123960 0 1.000000
 2.626214  0.000000  2.037074 0 1.000000
-0.419417  0.000000  1.732826 0 1.000000
-2.861238  0.000000  1.566262 0 1.000000
 1.465887  0.000000 -2.193402 0 1.000000
 2.368637  0.000000  0.809824 0 1.000000
 0.854212  0.000000  2.154969 0 1.000000
-2.902477  0.000000  1.640902 0 1.000000
-3.483480  0.000000  0.645459 0 1.000000
-0.836045  0.000000 -0.415348 0 1.000000
 2.821553  0.000000 -0.675192 0 1.000000
 2.445312  0.000000 -0.199824 0 1.000000
 1.653888  0.000000  2.120450 0 1.000000
 1.996880  0.000000  1.279666 0 1.000000
-0.366733  0.000000 -0.878960 0 1.000000
 0.662696  0.000000 -1.394542 0 1.000000
-0.148224  0.000000  1.195610 0 1.000000
 3.707770  0.000000  0.094950 0 1.000000
 1.530446  0.000000 -0.878759 0 1.000000
 4.226086  0.000000 -0.500766 0 1.000000
 2.049566  0.000000 -1.255770 0 1.000000
 1.791795  0.000000  0.002803 0 1.000000
-0.514190  0.000000  0.632117 0 1.000000
 0.794009  0.000000  0.886703 0 1.000000
 4.642728  0.000000  0.800967 0 1.000000
-1.412057  0.000000  1.954000 0 1.000000
-3.042717  0.000000  0.135423 0 1.000000
 0.374745  0.000000  1.352844 0 1.000000
-4.230072  0.000000  1.052981 0 1.000000
 1.122532  0.000000  2.025082 0 1.000000
 1.563108  0.000000 -0.169379 0 1.000000
-1.204993  0.000000  1.814821 0 1.000000
-2.868882  0.000000  1.092918 0 1.000000
-2.217016  0.000000 -0.636856 0 1.000000
-0.735299  0.000000 -1.434546 0 1.000000
-0.020511  0.000000 -0.537542 0 1.000000
 4.642296  0.000000  1.062412 0 1.000000
 1.692424  0.000000  1.618676 0 1.000000
 0.702012  0.000000 -2.483407 0 1.000000
 3.092030  0.000000  1.992147 0 1.000000
 0.545971  0.000000 -0.371377 0 1.000000
-1.464090  0.000000 -0.085885 0 1.000000
 1.820012  0.000000 -1.139988 0 1.000000
 0.686831  0.000000  2.032634 0 1.000000
 2.738961  0.000000  1.316395 0 1.000000
 1.901309  0.000000 -1.422726 0 1.000000
 1.702686  0.000000  0.589908 0 1.000000
-0.466196  0.000000 -1.378306 0 1.000000
-1.458194  0.000000  1.781881 0 1.000000
 0.638387  0.000000  1.951774 0 1.000000
 2.843284  0.000000 -0.383079 0 1.000000
-0.000361  0.000000 -0.326184 0 1.000000
-0.499467  0.000000 -0.238472 0 1.000000
 1.974100  0.000000 -2.233278 0 1.000000
 1.745612  0.000000  1.361560 0 1.000000
-0.792470  0.000000  1.182914 0 1.000000
 1.194890  0.000000  0.556494 0 1.000000
 1.162755  0.000000  1.614636 0 1.000000
 3.468111  0.000000  0.561054 0 1.000000
-0.471363  0.000000 -1.724524 0 1.000000
 1.268110  0.000000 -2.280890 0 1.000000
 3.932719  0.000000  0.257034 0 1.000000
 3.104507  0.000000 -0.000134 0 1.000000
 3.220885  0.000000  0.510059 0 1.000000
-0.892004  0.000000 -1.686833 0 1.000000
 3.275165  0.000000  0.724253 0 1.000000
 3.000889  0.000000 -0.803966 0 1.000000
-0.013287  0.000000  0.766537 0 1.000000
-2.535482  0.000000  1.616226 0 1.000000
-3.902693  0.000000  1.273157 0 1.000000
 2.574848  0.000000  2.109810 0 1.000000
-3.684137  0.000000  1.556882 0 1.000000
-2.763905  0.000000  1.052009 0 1.000000
-0.785390  0.000000 -1.607051 0 1.000000
-1.090734  0.000000 -0.786231 0 1.000000
 3.159932  0.000000 -0.591944 0 1.000000
 2.853098  0.000000  1.894742 0 1.000000
 2.868082  0.000000  0.857810 0 1.000000
-0.634078  0.000000 -1.775864 0 1.000000
-2.214805  0.000000  1.912133 0 1.000000
-1.613899  0.000000  1.854642 0 1.000000
-2.308966  0.000000 -0.791855 0 1.000000
 2.291506  0.000000  1.619318 0 1.000000
 1.042307  0.000000 -0.628040 0 1.000000
-1.026559  0.000000 -0.916196 0 1.000000
-0.718781  0.000000 -1.301020 0 1.000000
 0.196622  0.000000 -1.179192 0 1.000000
 3.648784  0.000000 -0.076311 0 1.000000
 1.402608  0.000000  0.261970 0 1.000000
 1.161698  0.000000  1.187952 0 1.000000
-1.070124  0.000000 -1.261052 0 1.000000
-0.679236  0.000000 -0.583829 0 1.000000
 0.278418  0.000000  0.841131 0 1.000000
 0.646718  0.000000 -2.066273 0 1.000000
-1.518621  0.000000  1.610471 0 1.000000
 2.972849  0.000000  1.094684 0 1.000000
-1.255513  0.000000 -0.959841 0 1.000000
 3.228470  0.000000  1.150775 0 1.000000
-2.036245  0.000000 -1.222840 0 1.000000
 3.694370  0.000000  1.181995 0 1.000000
 0.766118  0.000000 -1.599279 0 1.000000
-1.951102  0.000000  0.261328 0 1.000000
 4.605016  0.000000 -0.373317 0 1.000000
-0.036118  0.000000 -1.714467 0 1.000000
-1.559416  0.000000 -1.267840 0 1.000000
-4.373330  0.000000  0.633520 0 1.000000
-3.225224  0.000000  1.782530 0 1.000000
-0.732282  0.000000 -1.101373 0 1.000000
 2.982837  0.000000 -0.201696 0 1.000000
-0.402942  0.000000 -0.593494 0 1.000000
 0.771419  0.000000 -0.504369 0 1.000000
-2.129857  0.000000  1.395254 0 1.000000
 1.023936  0.000000 -2.367344 0 1.000000
-1.196035  0.000000  1.478737 0 1.000000
 1.067277  0.000000  0.850360 0 1.000000
 3.836896  0.000000  1.348328 0 1.000000
-1.773586  0.000000 -1.473044 0 1.000000
 1.584421  0.000000 -1.726204 0 1.000000
 2.201886  0.000000 -0.037734 0 1.000000
 0.260709  0.000000 -1.897919 0 1.000000
-2.948385  0.000000  1.235665 0 1.000000
 3.070300  0.000000  1.099221 0 1.000000
-4.246827  0.000000  0.767606 0 1.000000
-4.459275  0.000000  0.900373 0 1.000000
 1.112331  0.000000 -1.014015 0 1.000000
 1.259008  0.000000  0.084134 0 1.000000
 4.557713  0.000000 -0.123286 0 1.000000
 1.060010  0.000000 -1.343939 0 1.000000
-0.056873  0.000000 -0.749358 0 1.000000
 3.955723  0.000000  1.483561 0 1.000000
 3.455975  0.000000  1.940614 0 1.000000
 2.961228  0.000000  1.264270 0 1.000000
 1.434798  0.000000 -1.649782 0 1.000000
-0.221477  0.000000  1.388650 0 1.000000
 5.006800  0.000000  0.256110 0 1.000000
-1.036390  0.000000 -1.251128 0 1.000000
 0.028980  0.000000  0.213438 0 1.000000
-2.489056  0.000000  1.099279 0 1.000000
-0.246755  0.000000 -1.674338 0 1.000000
-0.012122  0.000000  1.860256 0 1.000000
 1.506882  0.000000 -1.774859 0 1.000000
-0.106377  0.000000 -2.103277 0 1.000000
-4.210231  0.000000  0.554067 0 1.000000
 0.037319  0.000000  1.698846 0 1.000000
 1.413442  0.000000  1.193624 0 1.000000
-1.240736  0.000000 -1.552988 0 1.000000
 0.140396  0.000000 -1.427931 0 1.000000
-0.984906  0.000000  0.016219 0 1.000000
-2.381674  0.000000  0.089060 0 1.000000
-1.682779  0.000000  1.310977 0 1.000000
-0.344643  0.000000  1.951690 0 1.000000
 1.039929  0.000000 -1.312089 0 1.000000
-0.050692  0.000000  0.589785 0 1.000000
-1.521295  0.000000 -0.337021 0 1.000000
 1.514720  0.000000  1.612743 0 1.000000
-0.351188  0.000000 -1.930631 0 1.000000
-2.118124  0.000000  1.574479 0 1.000000
 2.323431  0.000000 -0.081454 0 1.000000
 2.107075  0.000000 -0.122510 0 1.000000
-3.921668  0.000000  1.222408 0 1.000000
 0.319456  0.000000 -1.464409 0 1.000000
 3.799771  0.000000  1.364136 0 1.000000
 2.012222  0.000000  0.040042 0 1.000000
-2.581148  0.000000 -0.248544 0 1.000000
-0.414288  0.000000 -2.143691 0 1.000000
 2.250970  0.000000 -0.279656 0 1.000000
 1.567928  0.000000  0.715423 0 1.000000
 2.255620  0.000000  0.976553 0 1.000000
-0.830909  0.000000 -1.339788 0 1.000000
 2.116013  0.000000  1.827033 0 1.000000
-4.226230  0.000000  1.567362 0 1.000000
-0.706335  0.000000  0.555294 0 1.000000
 3.062167  0.000000  0.080587 0 1.000000
 1.355502  0.000000 -0.844058 0 1.000000
 2.435000  0.000000  0.515136 0 1.000000
-1.280706  0.000000  1.432836 0 1.000000
-0.401011  0.000000 -1.258175 0 1.000000
 1.644180  0.000000  2.196385 0 1.000000
 2.916239  0.000000 -0.494955 0 1.000000
-1.080243  0.000000 -1.432811 0 1.000000
-4.409418  0.000000  0.560656 0 1.000000
 0.482113  0.000000 -0.253662 0 1.000000
 0.611978  0.000000  1.736215 0 1.000000
-4.073945  0.000000  0.984646 0 1.000000
-1.963147  0.000000 -0.591999 0 1.000000
 0.730625  0.000000 -2.101334 0 1.000000
 3.503077  0.000000  1.027071 0 1.000000
-0.611006  0.000000  1.812471 0 1.000000
 3.193468  0.000000  1.574265 0 1.000000
-2.376263  0.000000  0.641501 0 1.000000
 4.188839  0.000000 -0.168486 0 1.000000
 0.515406  0.000000 -1.720769 0 1.000000
 4.827785  0.000000  0.013529 0 1.000000
 2.981692  0.000000  2.150296 0 1.000000
 4.592343  0.000000 -0.117122 0 1.000000
 3.238425  0.000000  1.997506 0 1.000000
 3.261582  0.000000  0.266980 0 1.000000
 1.572415  0.000000  2.153711 0 1.000000
-2.268721  0.000000  1.145605 0 1.000000
 4.496638  0.000000 -0.119619 0 1.000000
 2.594433  0.000000  0.557008 0 1.000000
 1.584124  0.000000  1.057603 0 1.000000
-3.138142  0.000000  0.227246 0 1.000000
 0.861439  0.000000  0.775574 0 1.000000
 4.470246  0.000000  1.350166 0 1.000000
 3.845116  0.000000  0.178349 0 1.000000
 5.091646  0.000000  0.291051 0 1.000000
 3.707119  0.000000  0.758736 0 1.000000
-2.682037  0.000000 -0.325045 0 1.000000
 1.900204  0.000000 -0.848046 0 1.000000
-3.359231  0.000000  1.871430 0 1.000000
 3.406371  0.000000 -0.756390 0 1.000000
-1.337955  0.000000 -0.804722 0 1.000000
 0.650255  0.000000 -0.112436 0 1.000000
-1.706226  0.000000 -0.155761 0 1.000000
 4.200626  0.000000  0.387577 0 1.000000
 3.816001  0.000000  1.813651 0 1.000000
-1.067963  0.000000 -0.678943 0 1.000000
 2.026388  0.000000  0.984262 0 1.000000
 2.804585  0.000000 -0.027304 0 1.000000
-0.542629  0.000000 -0.752311 0 1.000000
 1.924186  0.000000  1.732761 0 1.000000
-2.881127  0.000000  0.505459 0 1.000000
-1.520942  0.000000 -0.593184 0 1.000000
-3.749529  0.000000  0.758325 0 1.000000
 2.023270  0.000000 -1.888407 0 1.000000
-1.732889  0.000000  1.830312 0 1.000000
 3.842547  0.000000  0.851118 0 1.000000
-0.910847  0.000000 -1.310685 0 1.000000
-1.288451  0.000000 -0.718941 0 1.000000
-0.388961  0.000000  0.267809 0 1.000000
 0.008701  0.000000  1.575608 0 1.000000
 2.913676  0.000000  0.929533 0 1.000000
 0.288711  0.000000  1.352360 0 1.000000
 0.755247  0.000000  2.330691 0 1.000000
 3.113484  0.000000  1.856532 0 1.000000
 0.455361  0.000000  1.144390 0 1.000000
 4.187163  0.000000 -0.416710 0 1.000000
-1.339947  0.000000 -1.630262 0 1.000000
 4.361196  0.000000  1.152904 0 1.000000
-4.292370  0.000000  1.107479 0 1.000000
-1.165040  0.000000  1.602384 0 1.000000
-1.510091  0.000000 -1.418087 0 1.000000
 0.166324  0.000000  0.476651 0 1.000000
 0.754227  0.000000 -0.881579 0 1.000000
-2.777691  0.000000  0.842909 0 1.000000
 3.913684  0.000000 -0.112473 0 1.000000
 0.455159  0.000000 -1.812826 0 1.000000
 2.440389  0.000000  0.011774 0 1.000000
-3.553088  0.000000  1.532410 0 1.000000
 1.771336  0.000000 -1.553487 0 1.000000
-2.255910  0.000000  0.765728 0 1.000000
-2.328554  0.000000 -0.878002 0 1.000000
-1.808427  0.000000 -1.177993 0 1.000000
-2.531782  0.000000 -0.424744 0 1.000000
 2.636575  0.000000  1.348253 0 1.000000
 2.298788  0.000000  0.220037 0 1.000000
 2.729281  0.000000  0.087616 0 1.000000
 4.655395  0.000000  1.141308 0 1.000000
-1.026109  0.000000 -0.075981 0 1.000000
 0.074520  0.000000 -1.139123 0 1.000000
 3.529436  0.000000 -0.802539 0 1.000000
-1.036837  0.000000  2.040396 0 1.000000
 1.843848  0.000000 -2.192785 0 1.000000
-2.361854  0.000000  1.733324 0 1.000000
-2.645614  0.000000  0.426101 0 1.000000
 1.168479  0.000000  1.015956 0 1.000000
 0.552329  0.000000 -0.971840 0 1.000000
 1.351003  0.000000 -1.181227 0 1.000000
 1.038690  0.000000 -0.294986 0 1.000000
 1.293230  0.000000 -0.367695 0 1.000000
 4.424174  0.000000  0.935571 0 1.000000
 4.281412  0.000000 -0.086495 0 1.000000
 4.451293  0.000000 -0.213117 0 1.000000
 4.795298  0.000000  0.301023 0 1.000000
 0.990853  0.000000 -0.121372 0 1.000000
 1.263261  0.000000  0.510139 0 1.000000
 4.021532  0.000000  0.806205 0 1.000000
 0.989717  0.000000  1.238813 0 1.000000
 2.253427  0.000000  0.293701 0 1.000000
 2.288131  0.000000 -0.926662 0 1.000000
 0.900852  0.000000 -0.128461 0 1.000000
 1.472302  0.000000  1.065956 0 1.000000
 1.888063  0.000000 -1.089643 0 1.000000
 1.797981  0.000000 -0.334845 0 1.000000
-3.018380  0.000000  1.864017 0 1.000000
-2.070415  0.000000 -0.196512 0 1.000000
 1.633435  0.000000 -0.030257 0 1.000000
-0.807595  0.000000  0.049952 0 1.000000
-2.035958  0.000000  1.908254 0 1.000000
 0.077401  0.000000 -0.365398 0 1.000000
-4.112678  0.000000  0.462634 0 1.000000
-0.156137  0.000000  0.100179 0 1.000000
-3.492234  0.000000  0.375838 0 1.000000
-3.186706  0.000000  0.551095 0 1.000000
 1.723055  0.000000  2.493310 0 1.000000
-1.037037  0.000000  0.762726 0 1.000000
 3.597930  0.000000  0.099074 0 1.000000
 1.238844  0.000000 -1.968635 0 1.000000
-1.397984  0.000000 -0.536259 0 1.000000
-1.149940  0.000000  0.888050 0 1.000000
 0.524161  0.000000 -1.840157 0 1.000000
 5.083430  0.000000  0.563275 0 1.000000
-0.453068  0.000000 -1.942579 0 1.000000
-2.139375  0.000000  0.844738 0 1.000000
 1.635502  0.000000  1.139510 0 1.000000
 3.164212  0.000000 -0.744098 0 1.000000
 2.033330  0.000000 -0.749524 0 1.000000
-2.469837  0.000000 -0.459221 0 1.000000
 1.960953  0.000000  2.322335 0 1.000000
 1.666772  0.000000 -2.240721 0 1.000000
 2.013499  0.000000  1.910201 0 1.000000
-0.151481  0.000000 -1.935197 0 1.000000
 0.727987  0.000000 -1.428881 0 1.000000
-1.614330  0.000000  0.428712 0 1.000000
-1.417165  0.000000 -0.754157 0 1.000000
-0.436019  0.000000 -1.755745 0 1.000000
 0.565345  0.000000  1.643266 0 1.000000
 3.906429  0.000000 -0.294560 0 1.000000
-2.938207  0.000000  0.599541 0 1.000000
 4.021613  0.000000  1.228813 0 1.000000
 2.806216  0.000000 -0.378976 0 1.000000
-2.561743  0.000000 -0.212824 0 1.000000
-1.010919  0.000000 -1.810273 0 1.000000
-0.761919  0.000000  1.060021 0 1.000000
 2.360118  0.000000  1.218944 0 1.000000
 1.792052  0.000000 -2.104852 0 1.000000
 2.082314  0.000000 -0.080120 0 1.000000
 1.529362  0.000000  2.252830 0 1.000000
-2.288716  0.000000  0.182756 0 1.000000
-0.816771  0.000000  1.479631 0 1.000000
-3.772089  0.000000  0.136700 0 1.000000
 3.284167  0.000000 -0.544942 0 1.000000
-0.745556  0.000000 -1.685859 0 1.000000
-0.983913  0.000000  0.850574 0 1.000000
 1.221588  0.000000 -0.678748 0 1.000000
-2.351173  0.000000 -1.167732 0 1.000000
 2.773158  0.000000  1.268772 0 1.000000
 4.435824  0.000000  0.263489 0 1.000000
 1.645541  0.000000  1.696782 0 1.000000
-2.810169  0.000000  0.545109 0 1.000000
-2.833272  0.000000  1.195335 0 1.000000
 1.958524  0.000000 -0.795878 0 1.000000
-1.032042  0.000000  0.178037 0 1.000000
 3.005374  0.000000  1.100664 0 1.000000
-1.677161  0.000000  1.403568 0 1.000000
 0.087303  0.000000 -1.268112 0 1.000000
 0.945357  0.000000 -1.046828 0 1.000000
 0.415017  0.000000  1.560144 0 1.000000
 2.292892  0.000000 -1.084270 0 1.000000
-3.274977  0.000000  1.096625 0 1.000000
 1.038341  0.000000  0.648409 0 1.000000
-2.256174  0.000000  1.270672 0 1.000000
-2.754214  0.000000 -0.291542 0 1.000000
-1.203014  0.000000  0.296429 0 1.000000
-1.983449  0.000000 -1.042392 0 1.000000
-2.246382  0.000000  1.183437 0 1.000000
-0.439945  0.000000 -0.755012 0 1.000000
-0.293065  0.000000  1.946089 0 1.000000
 0.861529  0.000000 -0.073187 0 1.000000
 2.245994  0.000000 -1.014694 0 1.000000
 1.118523  0.000000 -0.591439 0 1.000000
 3.650942  0.000000  1.017259 0 1.000000
 1.903271  0.000000 -1.250686 0 1.000000
-2.074983  0.000000  0.057203 0 1.000000
-2.589086  0.000000  0.267620 0 1.000000
 0.364259  0.000000 -2.395732 0 1.000000
-1.864972  0.000000 -0.832033 0 1.000000
 0.097600  0.000000  0.516918 0 1.000000
 4.190133  0.000000 -0.331333 0 1.000000
 1.039500  0.000000  2.494482 0 1.000000
 1.799980  0.000000  1.277467 0 1.000000
-1.595654  0.000000  0.380342 0 1.000000
 2.453679  0.000000  0.305396 0 1.000000
 2.578217  0.000000 -0.339091 0 1.000000
 1.369857  0.000000 -1.842477 0 1.000000
-0.891255  0.000000 -1.165526 0 1.000000
 3.924698  0.000000  1.232067 0 1.000000
 2.356640  0.000000  1.985354 0 1.000000
-0.013643  0.000000 -1.603836 0 1.000000
 3.033668  0.000000 -0.201184 0 1.000000
 5.155552  0.000000  0.677738 0 1.000000
-0.347134  0.000000  1.867261 0 1.000000
-3.628882  0.000000  1.565190 0 1.000000
-2.778420  0.000000  1.774033 0 1.000000
 3.582542  0.000000 -0.205368 0 1.000000
 1.243577  0.000000 -0.621522 0 1.000000
-1.263427  0.000000  1.773739 0 1.000000
 4.335291  0.000000  1.438623 0 1.000000
-2.225307  0.000000  1.993022 0 1.000000
 3.111469  0.000000 -0.585039 0 1.000000
-1.951967  0.000000  0.013331 0 1.000000
 1.389579  0.000000  1.829194 0 1.000000
-2.274804  0.000000  1.984558 0 1.000000
 1.246446  0.000000 -2.066421 0 1.000000
 0.132677  0.000000  1.525191 0 1.000000
 3.620373  0.000000  1.492669 0 1.000000
 1.455789  0.000000  1.871831 0 1.000000
-2.212269  0.000000 -1.128537 0 1.000000
 2.587450  0.000000  1.359541 0 1.000000
 0.726300  0.000000  0.434225 0 1.000000
 0.337837  0.000000  0.003715 0 1.000000
 3.160875  0.000000  1.350109 0 1.000000
-4.291335  0.000000  1.277635 0 1.000000
 0.460186  0.000000 -1.548700 0 1.000000
-4.593441  0.000000  0.939789 0 1.000000
 1.067360  0.000000 -1.519446 0 1.000000
 0.578548  0.000000 -0.415005 0 1.000000
 1.253029  0.000000 -0.499493 0 1.000000
 1.781116  0.000000  1.898298 0 1.000000
-0.232887  0.000000  1.489930 0 1.000000
-1.511418  0.000000 -1.001655 0 1.000000
 0.171156  0.000000  1.660306 0 1.000000
 0.601999  0.000000  2.081122 0 1.000000
 1.106038  0.000000 -0.003416 0 1.000000
-2.971953  0.000000  0.513960 0 1.000000
 1.813531  0.000000  1.825882 0 1.000000
 0.940549  0.000000 -0.200093 0 1.000000
-2.668024  0.000000 -0.119483 0 1.000000
 0.515792  0.000000 -0.966255 0 1.000000
-1.074710  0.000000 -0.326057 0 1.000000
 2.591440  0.000000 -0.291448 0 1.000000
-0.022505  0.000000  2.233176 0 1.000000
 4.916107  0.000000  0.598184 0 1.000000
 1.502056  0.000000 -0.410888 0 1.000000
 4.227431  0.000000  0.516832 0 1.000000
-1.415732  0.000000 -1.772228 0 1.000000
 0.755364  0.000000 -1.987382 0 1.000000
-1.421914  0.000000 -1.588175 0 1.000000
 0.702598  0.000000  1.816494 0 1.000000
 2.595537  0.000000 -0.113665 0 1.000000
-1.426354  0.000000  0.344595 0 1.000000
 3.347854  0.000000  1.352212 0 1.000000
 1.289767  0.000000  1.317636 0 1.000000
 2.276257  0.000000  0.083486 0 1.000000
 3.006173  0.000000 -0.422724 0 1.000000
 2.009393  0.000000 -2.058619 0 1.000000
 1.213953  0.000000 -2.441501 0 1.000000
 1.950716  0.000000  0.844140 0 1.000000
 1.525433  0.000000  2.331317 0 1.000000
 1.334633  0.000000  1.478325 0 1.000000
-1.688592  0.000000 -1.222835 0 1.000000
-2.731442  0.000000  1.279094 0 1.000000
 1.165635  0.000000 -2.186754 0 1.000000
 3.048332  0.000000  1.052950 0 1.000000
-0.306278  0.000000 -0.593508 0 1.000000
 0.474758  0.000000 -1.679145 0 1.000000
 1.693198  0.000000  0.257766 0 1.000000
 1.539166  0.000000 -2.568428 0 1.000000
 2.775897  0.000000  1.435323 0 1.000000
 0.510935  0.000000  2.161113 0 1.000000
-3.689799  0.000000  0.480554 0 1.000000
 0.255622  0.000000  0.971522 0 1.000000
 1.746910  0.000000 -2.019446 0 1.000000
-2.447511  0.000000 -1.185936 0 1.000000
 1.471170  0.000000 -2.474273 0 1.000000
-1.522133  0.000000 -1.676611 0 1.000000
 1.490711  0.000000  1.825696 0 1.000000
 2.072258  0.000000 -0.298668 0 1.000000
 3.093543  0.000000 -0.535456 0 1.000000
 1.183984  0.000000 -1.479029 0 1.000000
-1.374258  0.000000  0.679905 0 1.000000
-0.062377  0.000000 -0.087626 0 1.000000
 0.213735  0.000000 -0.545556 0 1.000000
-1.354381  0.000000 -0.369108 0 1.000000
-3.174315  0.000000  1.261288 0 1.000000
 1.496017  0.000000  1.277312 0 1.000000
 1.691872  0.000000  2.205631 0 1.000000
-0.046935  0.000000  0.685733 0 1.000000
-1.535479  0.000000 -0.455058 0 1.000000
 3.108760  0.000000 -0.084384 0 1.000000
-3.196943  0.000000  1.830413 0 1.000000
 2.437418  0.000000  0.685903 0 1.000000
 1.075588  0.000000 -1.587576 0 1.000000
 0.559828  0.000000 -2.396306 0 1.000000
-1.736697  0.000000 -0.618147 0 1.000000
 3.310487  0.000000  0.851516 0 1.000000
-3.824048  0.000000  0.717318 0 1.000000
-2.546092  0.000000 -0.160306 0 1.000000
-0.149058  0.000000  2.201719 0 1.000000
 1.164519  0.000000 -0.247497 0 1.000000
 2.153873  0.000000  0.968401 0 1.000000
-2.375902  0.000000  1.563482 0 1.000000
-1.713291  0.000000 -0.510308 0 1.000000
-1.322019  0.000000 -1.599201 0 1.000000
-0.445886  0.000000  2.021175 0 1.000000
 3.361060  0.000000  1.532918 0 1.000000
 3.814259  0.000000  1.058943 0 1.000000
-1.878463  0.000000  1.986632 0 1.000000
 1.792566  0.000000 -2.276578 0 1.000000
 4.299139  0.000000 -0.117358 0 1.000000
 4.380289  0.000000 -0.088807 0 1.000000
-0.822793  0.000000 -0.089119 0 1.000000
 1.256224  0.000000 -0.749215 0 1.000000
-1.967629  0.000000  0.131856 0 1.000000
-1.383099  0.000000 -0.374578 0 1.000000
 0.281990  0.000000  1.601603 0 1.000000
-0.612692  0.000000 -1.038375 0 1.000000
 2.544492  0.000000  1.319381 0 1.000000
-0.172043  0.000000  0.051561 0 1.000000
 2.608777  0.000000  1.649662 0 1.000000
-3.716797  0.000000  0.268850 0 1.000000
-2.320576  0.000000 -1.220613 0 1.000000
 2.155077  0.000000 -0.870703 0 1.000000
 3.167600  0.000000  0.251338 0 1.000000
-0.275405  0.000000 -0.890684 0 1.000000
-2.367218  0.000000 -0.883172 0 1.000000
 2.018211  0.000000  0.630992 0 1.000000
-3.051173  0.000000  0.732869 0 1.000000
-3.820371  0.000000  0.546817 0 1.000000
 1.693085  0.000000  0.010620 0 1.000000
 3.168595  0.000000  0.084297 0 1.000000
 3.135666  0.000000  0.632853 0 1.000000
-1.864584  0.000000 -0.422418 0 1.000000
 2.772162  0.000000  0.937679 0 1.000000
 0.475529  0.000000  1.196569 0 1.000000
-2.194489  0.000000 -0.324750 0 1.000000
-4.005542  0.000000  1.270327 0 1.000000
-1.597317  0.000000 -0.122967 0 1.000000
 2.080771  0.000000  0.262922 0 1.000000
-0.606292  0.000000 -0.708990 0 1.000000
 1.747109  0.000000 -2.103884 0 1.000000
-0.591837  0.000000 -1.688425 0 1.000000
 0.676823  0.000000  1.697799 0 1.000000
 1.502520  0.000000  2.545696 0 1.000000
-0.927485  0.000000 -1.431799 0 1.000000
-1.304050  0.000000 -0.971438 0 1.000000
 4.609115  0.000000 -0.033960 0 1.000000
 0.354518  0.000000  2.331871 0 1.000000
-0.608442  0.000000 -0.454491 0 1.000000
-1.036477  0.000000  1.535037 0 1.000000
-0.973051  0.000000 -0.252332 0 1.000000
-2.674237  0.000000  1.525925 0 1.000000
 2.948568  0.000000  1.062376 0 1.000000
-1.165014  0.000000  1.272011 0 1.000000
-1.189647  0.000000 -1.210025 0 1.000000
 1.515575  0.000000 -1.517144 0 1.000000
 3.557757  0.000000 -0.837535 0 1.000000
 0.510467  0.000000  0.973367 0 1.000000
 4.545643  0.000000  1.397079 0 1.000000
 0.233823  0.000000 -2.365895 0 1.000000
 2.683594  0.000000 -0.253556 0 1.000000
-0.593254  0.000000  1.523739 0 1.000000
 1.461550  0.000000  1.266004 0 1.000000
-2.275452  0.000000  1.408407 0 1.000000
 1.643789  0.000000  0.847909 0 1.000000
 2.989668  0.000000 -0.040047 0 1.000000
 1.539116  0.000000  0.645308 0 1.000000
 3.480636  0.000000 -0.367441 0 1.000000
 0.967472  0.000000  2.122279 0 1.000000
 4.948667  0.000000  0.563193 0 1.000000
 1.775072  0.000000 -2.232436 0 1.000000
 2.348307  0.000000  0.039111 0 1.000000
-1.530811  0.000000 -0.294256 0 1.000000
 1.871256  0.000000  1.313393 0 1.000000
-1.335315  0.000000  1.979866 0 1.000000
 0.109439  0.000000  0.219748 0 1.000000
 0.040284  0.000000 -1.338937 0 1.000000
 1.263843  0.000000  1.683196 0 1.000000
 0.873369  0.000000  0.345073 0 1.000000
 0.162721  0.000000 -1.892290 0 1.000000
-0.319986  0.000000 -1.377212 0 1.000000
 0.608076  0.000000 -2.144380 0 1.000000
-1.973555  0.000000  0.552021 0 1.000000
-0.973298  0.000000 -0.750689 0 1.000000
 2.970726  0.000000  1.187394 0 1.000000
-3.856179  0.000000  1.179966 0 1.000000
 0.925115  0.000000  1.531958 0 1.000000
-0.049334  0.000000 -1.005029 0 1.000000
 5.105915  0.000000  0.844053 0 1.000000
 0.576334  0.000000 -1.336359 0 1.000000
 0.851905  0.000000  0.047809 0 1.000000
 2.423227  0.000000  1.100618 0 1.000000
 1.962825  0.000000  0.304704 0 1.000000
-1.072738  0.000000  0.757425 0 1.000000
 0.629383  0.000000 -1.671832 0 1.000000
 2.400837  0.000000  1.310917 0 1.000000
 2.526418  0.000000 -1.096981 0 1.000000
 3.187960  0.000000  0.719274 0 1.000000
 0.916770  0.000000  1.434451 0 1.000000
-4.018069  0.000000  0.308710 0 1.000000
-2.369236  0.000000 -0.797287 0 1.000000
-2.474636  0.000000 -0.034185 0 1.000000
-4.240423  0.000000  1.094157 0 1.000000
-1.165738  0.000000  2.021718 0 1.000000
 0.730238  0.000000 -1.336196 0 1.000000
 1.584368  0.000000  1.390883 0 1.000000
 0.229108  0.000000  1.107969 0 1.000000
 1.039887  0.000000  1.060462 0 1.000000
 1.946358  0.000000 -1.599560 0 1.000000
 0.136683  0.000000 -1.773886 0 1.000000
 3.236386  0.000000 -0.116498 0 1.000000
 0.754329  0.000000  2.239189 0 1.000000
 2.585302  0.000000  1.940562 0 1.000000
 1.095684  0.000000 -1.140455 0 1.000000
 2.390826  0.000000  1.350932 0 1.000000
 4.473267  0.000000 -0.162083 0 1.000000
-1.294019  0.000000  0.141492 0 1.000000
 0.893786  0.000000  0.387922 0 1.000000
-2.173272  0.000000  1.816688 0 1.000000
-0.180006  0.000000  0.973944 0 1.000000
 1.846191  0.000000  2.363699 0 1.000000
-1.607970  0.000000  1.264610 0 1.000000
 4.350825  0.000000  1.066530 0 1.000000
-1.577772  0.000000 -0.284208 0 1.000000
-0.986730  0.000000  1.518959 0 1.000000
 1.307782  0.000000  0.097086 0 1.000000
 1.973077  0.000000  0.462011 0 1.000000
-0.662032  0.000000  0.466881 0 1.000000
 0.986354  0.000000 -2.317773 0 1.000000
 2.796509  0.000000  0.640086 0 1.000000
 3.965239  0.000000  0.294005 0 1.000000
-2.608767  0.000000  1.392060 0 1.000000
 0.388900  0.000000  2.293361 0 1.000000
 4.690275  0.000000  0.039486 0 1.000000
 2.023472  0.000000  0.133886 0 1.000000
 3.304781  0.000000  1.871358 0 1.000000
-0.417268  0.000000 -0.787352 0 1.000000
 1.635435  0.000000 -2.239481 0 1.000000
-3.805780  0.000000  1.441983 0 1.000000
 1.109906  0.000000 -2.618293 0 1.000000
 1.836707  0.000000  1.951264 0 1.000000
 3.132292  0.000000  0.556428 0 1.000000
-1.167062  0.000000 -1.098897 0 1.000000
-1.732360  0.000000  1.226580 0 1.000000
 0.572845  0.000000  2.113164 0 1.000000
-1.507410  0.000000  0.670303 0 1.000000
 1.899349  0.000000  1.431132 0 1.000000
-0.227390  0.000000 -1.550624 0 1.000000
-2.054725  0.000000  1.865667 0 1.000000
 2.375223  0.000000  0.417245 0 1.000000
 2.219105  0.000000 -0.542587 0 1.000000
 1.489988  0.000000 -0.803491 0 1.000000
 4.152238  0.000000  1.481518 0 1.000000
-2.854923  0.000000  0.216755 0 1.000000
-1.710338  0.000000  1.354443 0 1.000000
 0.405354  0.000000  0.049162 0 1.000000
 0.886182  0.000000 -2.402308 0 1.000000
-0.671300  0.000000 -0.969214 0 1.000000
 3.752388  0.000000  0.433953 0 1.000000
-2.431325  0.000000  0.839676 0 1.000000
-4.146608  0.000000  0.927338 0 1.000000
 0.385285  0.000000  1.022096 0 1.000000
 2.375404  0.000000  2.107967 0 1.000000
 1.434899  0.000000  2.494394 0 1.000000
-2.581489  0.000000 -0.079779 0 1.000000
 1.252034  0.000000 -1.099268 0 1.000000
-0.049887  0.000000  1.775361 0 1.000000
-0.021757  0.000000  0.721270 0 1.000000
 1.847517  0.000000  2.459154 0 1.000000
 0.760847  0.000000 -1.564341 0 1.000000
 3.731489  0.000000 -0.710292 0 1.000000
 2.252353  0.000000 -0.712817 0 1.000000
-3.520446  0.000000  1.181810 0 1.000000
-3.707841  0.000000  1.450022 0 1.000000
 3.210379  0.000000  1.532330 0 1.000000
 3.871320  0.000000 -0.790012 0 1.000000
 4.544651  0.000000  0.553351 0 1.000000
-0.816640  0.000000 -0.213017 0 1.000000
-1.772737  0.000000  1.232285 0 1.000000
-0.228259  0.000000  0.392899 0 1.000000
 1.564189  0.000000  1.619801 0 1.000000
 0.464435  0.000000 -1.052974 0 1.000000
 0.353159  0.000000  0.807043 0 1.000000
-4.150950  0.000000  0.679823 0 1.000000
-1.104266  0.000000 -0.284342 0 1.000000
-2.040679  0.000000  0.090638 0 1.000000
-3.700967  0.000000  0.093662 0 1.000000
 4.353970  0.000000  0.896371 0 1.000000
 3.751891  0.000000  0.093360 0 1.000000
 3.231222  0.000000 -0.448697 0 1.000000
-3.602498  0.000000  0.177799 0 1.000000
-1.802454  0.000000 -1.424541 0 1.000000
-0.469733  0.000000 -0.637013 0 1.000000
 3.774072  0.000000  0.051406 0 1.000000
-0.863066  0.000000 -0.535160 0 1.000000
-0.154170  0.000000  1.271083 0 1.000000
 0.848681  0.000000  0.637557 0 1.000000
 2.700629  0.000000  1.394087 0 1.000000
 1.925412  0.000000 -2.149800 0 1.000000
 2.461533  0.000000 -1.125461 0 1.000000
 5.082645  0.000000  0.713877 0 1.000000
 0.538491  0.000000  0.255075 0 1.000000
-1.266370  0.000000 -1.260110 0 1.000000
-3.244372  0.000000 -0.041311 0 1.000000
-0.473884  0.000000 -1.812720 0 1.000000
-4.198431  0.000000  0.596752 0 1.000000
-1.082380  0.000000 -1.597236 0 1.000000
 2.591445  0.000000  0.810867 0 1.000000
-3.846332  0.000000  0.674003 0 1.000000
-2.724608  0.000000  0.092994 0 1.000000
 0.824157  0.000000  2.024810 0 1.000000
 1.386727  0.000000 -1.057981 0 1.000000
 0.388002  0.000000  0.011906 0 1.000000
 3.348092  0.000000 -0.172148 0 1.000000
 1.453184  0.000000 -1.592884 0 1.000000
-1.166161  0.000000 -1.848103 0 1.000000
 3.220376  0.000000  0.248950 0 1.000000
-4.307370  0.000000  1.240008 0 1.000000
-2.190229  0.000000 -1.092351 0 1.000000
-2.198702  0.000000  1.698513 0 1.000000
-0.884111  0.000000  0.174479 0 1.000000
 1.904936  0.000000  1.350938 0 1.000000
 0.240514  0.000000  0.843960 0 1.000000
-1.203745  0.000000  1.394431 0 1.000000
-1.785127  0.000000 -0.290515 0 1.000000
 3.406872  0.000000 -0.076529 0 1.000000
 3.862077  0.000000  0.297129 0 1.000000
-0.502595  0.000000 -1.010636 0 1.000000
 1.007553  0.000000 -0.662154 0 1.000000
-3.302100  0.000000  0.891245 0 1.000000
-1.100198  0.000000  0.122447 0 1.000000
-3.093761  0.000000  1.896552 0 1.000000
 1.665720  0.000000  0.800713 0 1.000000
 1.290888  0.000000 -0.288725 0 1.000000
 1.836912  0.000000  1.430719 0 1.000000
-1.152773  0.000000  0.461955 0 1.000000
-1.118402  0.000000  1.194168 0 1.000000
-0.641456  0.000000 -0.157858 0 1.000000
-3.029923  0.000000  1.196439 0 1.000000
-0.404831  0.000000  1.181215 0 1.000000
-1.045296  0.000000  1.906015 0 1.000000
-0.458548  0.000000  1.898476 0 1.000000
-1.485029  0.000000  0.898538 0 1.000000
 1.641586  0.000000  1.953874 0 1.000000
 2.960141  0.000000  0.342253 0 1.000000
 1.068502  0.000000  1.617093 0 1.000000
 2.339692  0.000000  0.931136 0 1.000000
-2.602393  0.000000  0.978908 0 1.000000
 1.376146  0.000000 -0.368020 0 1.000000
 2.280083  0.000000 -0.246750 0 1.000000
-0.084350  0.000000  0.479329 0 1.000000
 2.131439  0.000000  0.261447 0 1.000000
-3.830190  0.000000  1.650612 0 1.000000
 0.723482  0.000000 -1.593260 0 1.000000
-1.212710  0.000000 -0.925495 0 1.000000
-1.802334  0.000000  0.925191 0 1.000000
-3.006354  0.000000  0.891127 0 1.000000
 1.460987  0.000000 -0.340893 0 1.000000
 2.675523  0.000000 -0.423545 0 1.000000
-3.605000  0.000000  0.250087 0 1.000000
-3.074433  0.000000  1.104417 0 1.000000
-1.304971  0.000000  0.470311 0 1.000000
-2.159402  0.000000  1.617549 0 1.000000
 4.035231  0.000000  0.679320 0 1.000000
 1.082214  0.000000  0.817369 0 1.000000
 1.309050  0.000000  1.520217 0 1.000000
 4.141765  0.000000  1.618071 0 1.000000
 0.182452  0.000000  0.097202 0 1.000000
-0.313882  0.000000  1.389214 0 1.000000
 4.785604  0.000000  0.465394 0 1.000000
 2.568056  0.000000  0.848727 0 1.000000
-0.840898  0.000000  0.179037 0 1.000000
 1.527199  0.000000  1.482864 0 1.000000
 2.006453  0.000000  0.468617 0 1.000000
 4.645592  0.000000  0.544625 0 1.000000
 2.876156  0.000000  0.340069 0 1.000000
 4.046061  0.000000  1.111034 0 1.000000
-3.754905  0.000000  0.938178 0 1.000000
-0.439868  0.000000  0.336245 0 1.000000
 3.630706  0.000000 -0.888214 0 1.000000
 0.573706  0.000000  1.598908 0 1.000000
-2.656111  0.000000  0.468602 0 1.000000
 2.120476  0.000000  2.488395 0 1.000000
 0.449821  0.000000  2.233715 0 1.000000
 0.997999  0.000000  0.387348 0 1.000000
-0.331899  0.000000  0.801393 0 1.000000
 1.927201  0.000000  0.552942 0 1.000000
-4.370309  0.000000  0.558630 0 1.000000
 1.535326  0.000000 -1.892751 0 1.000000
 4.593377  0.000000 -0.208975 0 1.000000
 4.978600  0.000000  0.138606 0 1.000000
-4.173606  0.000000  1.306175 0 1.000000
-0.256280  0.000000  2.112287 0 1.000000
 0.412340  0.000000  0.811381 0 1.000000
-1.604846  0.000000  0.771880 0 1.000000
-2.449060  0.000000  0.249844 0 1.000000
 2.923480  0.000000 -0.582151 0 1.000000
-0.799170  0.000000 -1.639952 0 1.000000
 2.587546  0.000000 -0.839059 0 1.000000
 1.807704  0.000000  1.026539 0 1.000000
-2.666242  0.000000 -0.201594 0 1.000000
-1.507105  0.000000 -0.506331 0 1.000000
 2.187483  0.000000  0.845947 0 1.000000
 1.577158  0.000000 -2.061805 0 1.000000
 3.472064  0.000000  1.140134 0 1.000000
-2.613768  0.000000  1.905323 0 1.000000
 0.313010  0.000000 -1.042361 0 1.000000
-0.661280  0.000000  0.222067 0 1.000000
-1.755028  0.000000 -1.603939 0 1.000000
 1.194765  0.000000  1.644224 0 1.000000
 0.303781  0.000000  0.812223 0 1.000000
 2.451761  0.000000 -0.046605 0 1.000000
 1.429365  0.000000  0.393966 0 1.000000
 0.539216  0.000000 -1.422776 0 1.000000
-2.191292  0.000000 -0.162258 0 1.000000
-1.226293  0.000000 -0.658856 0 1.000000
-1.806294  0.000000  1.196455 0 1.000000
 1.017762  0.000000  2.287441 0 1.000000
 1.010538  0.000000  0.342153 0 1.000000
 1.539478  0.000000 -2.066672 0 1.000000
-1.299768  0.000000  0.053627 0 1.000000
-2.169008  0.000000 -0.550994 0 1.000000
 4.689743  0.000000  0.547811 0 1.000000
-0.219564  0.000000 -0.127502 0 1.000000
 1.885267  0.000000 -1.938439 0 1.000000
 3.670219  0.000000  1.486783 0 1.000000
 3.096620  0.000000 -0.625450 0 1.000000
-0.080675  0.000000  0.138605 0 1.000000
-0.476112  0.000000 -0.871415 0 1.000000
 0.049594  0.000000  1.440681 0 1.000000
 1.669683  0.000000  0.474137 0 1.000000
-0.677327  0.000000 -0.339970 0 1.000000
 1.958920  0.000000  0.388372 0 1.000000
-2.650694  0.000000  1.397943 0 1.000000
 1.459729  0.000000 -1.767694 0 1.000000
 4.896962  0.000000 -0.110499 0 1.000000
 2.971019  0.000000 -0.674819 0 1.000000
-3.763121  0.000000  1.345498 0 1.000000
 1.037440  0.000000 -1.219387 0 1.000000
 0.172100  0.000000 -1.208813 0 1.000000
 3.135068  0.000000  1.321107 0 1.000000
-2.284619  0.000000  0.093880 0 1.000000
-1.542311  0.000000 -0.212350 0 1.000000
 1.488916  0.000000 -0.710500 0 1.000000
 3.764091  0.000000  0.547921 0 1.000000
 0.412320  0.000000  1.225196 0 1.000000
-2.103121  0.000000 -0.932174 0 1.000000
 0.530131  0.000000  1.773439 0 1.000000
-1.780983  0.000000 -0.468268 0 1.000000
-0.935026  0.000000  1.697206 0 1.000000
-0.885812  0.000000  1.361367 0 1.000000
 1.056152  0.000000  1.768723 0 1.000000
 0.993653  0.000000  2.081980 0 1.000000
-0.314777  0.000000  1.491342 0 1.000000
-1.108098  0.000000  1.989558 0 1.000000
 1.433377  0.000000 -2.237352 0 1.000000
 1.596787  0.000000  1.771197 0 1.000000
-0.006120  0.000000  0.015061 0 1.000000
 0.969121  0.000000 -0.078909 0 1.000000
 1.970617  0.000000 -1.632992 0 1.000000
 1.161050  0.000000  0.761843 0 1.000000
 0.036551  0.000000 -0.913686 0 1.000000
 0.997055  0.000000 -2.143822 0 1.000000
 2.823434  0.000000 -0.588432 0 1.000000
-4.068414  0.000000  1.401834 0 1.000000
 4.357161  0.000000 -0.125548 0 1.000000
 2.579964  0.000000 -0.411930 0 1.000000
-1.676954  0.000000  1.910154 0 1.000000
 2.165211  0.000000  2.238812 0 1.000000
 2.920294  0.000000 -0.760263 0 1.000000
 0.722250  0.000000  2.362012 0 1.000000
-0.183509  0.000000  0.563018 0 1.000000
-2.848593  0.000000  1.894189 0 1.000000
-0.981625  0.000000  2.111129 0 1.000000
 2.038182  0.000000  0.423190 0 1.000000
 1.229920  0.000000 -1.378813 0 1.000000
 2.048806  0.000000 -0.998587 0 1.000000
 1.990968  0.000000  1.690356 0 1.000000
 4.167461  0.000000  0.303106 0 1.000000
-3.972220  0.000000  1.474415 0 1.000000
-2.036599  0.000000  0.307286 0 1.000000
-0.813638  0.000000 -1.971495 0 1.000000
-2.517921  0.000000  0.721357 0 1.000000
 2.413752  0.000000  0.811757 0 1.000000
 0.946597  0.000000 -2.307504 0 1.000000
 0.894656  0.000000  2.406737 0 1.000000
 0.342217  0.000000  1.365449 0 1.000000
 2.349432  0.000000  1.472393 0 1.000000
-2.094700  0.000000  1.108035 0 1.000000
-0.539057  0.000000  0.169859 0 1.000000
-2.977283  0.000000  0.092345 0 1.000000
 1.422489  0.000000 -2.490006 0 1.000000
-0.241763  0.000000  1.940102 0 1.000000
 3.063607  0.000000 -0.838797 0 1.000000
 2.181953  0.000000  0.084737 0 1.000000
-1.718046  0.000000 -1.596334 0 1.000000
 3.743179  0.000000  1.521041 0 1.000000
 4.356088  0.000000  0.224500 0 1.000000
 1.361675  0.000000 -2.361753 0 1.000000
 5.044093  0.000000  0.632668 0 1.000000
 1.770037  0.000000  2.494301 0 1.000000
-0.644644  0.000000  0.504478 0 1.000000
-0.134100  0.000000  0.380771 0 1.000000
 4.035937  0.000000  0.924092 0 1.000000
 2.888513  0.000000 -0.037899 0 1.000000
-2.109025  0.000000  1.365073 0 1.000000
-3.980611  0.000000  1.321941 0 1.000000
 2.651609  0.000000  1.147162 0 1.000000
-3.120027  0.000000  0.352875 0 1.000000
-0.293793  0.000000  1.356099 0 1.000000
 3.656974  0.000000  1.354021 0 1.000000
 0.255381  0.000000 -0.197782 0 1.000000
-0.808611  0.000000 -1.207307 0 1.000000
 0.632063  0.000000  0.600857 0 1.000000
 4.434525  0.000000  0.856200 0 1.000000
-3.920470  0.000000  0.723948 0 1.000000
 2.386282  0.000000  0.248722 0 1.000000
 1.181607  0.000000 -2.319252 0 1.000000
 0.837448  0.000000  1.993800 0 1.000000
 0.016759  0.000000 -2.313803 0 1.000000
 3.019839  0.000000  2.190621 0 1.000000
 3.898671  0.000000 -0.074090 0 1.000000
-2.562954  0.000000  1.060882 0 1.000000
-3.344935  0.000000  1.396452 0 1.000000
-1.402412  0.000000  1.309952 0 1.000000
-4.504894  0.000000  1.312368 0 1.000000
 1.156518  0.000000 -1.010412 0 1.000000
 2.810118  0.000000  1.689209 0 1.000000
 1.949655  0.000000 -0.915807 0 1.000000
 2.713156  0.000000 -1.100079 0 1.000000
 1.120072  0.000000  1.014319 0 1.000000
 0.960202  0.000000 -0.589950 0 1.000000
-2.972186  0.000000 -0.159952 0 1.000000
-3.679376  0.000000  0.901332 0 1.000000
 1.124968  0.000000 -1.269002 0 1.000000
 4.697474  0.000000  1.147078 0 1.000000
 0.635824  0.000000 -0.257672 0 1.000000
-0.543428  0.000000  0.347230 0 1.000000
-0.296489  0.000000 -0.161026 0 1.000000
-0.545157  0.000000 -1.165838 0 1.000000
 2.813229  0.000000  2.105900 0 1.000000
-4.017011  0.000000  1.567643 0 1.000000
 1.642603  0.000000  1.602744 0 1.000000
-2.997913  0.000000  1.557995 0 1.000000
 2.961937  0.000000  0.585922 0 1.000000
-0.084200  0.000000 -0.961014 0 1.000000
 2.140538  0.000000 -0.080653 0 1.000000
 1.252935  0.000000  1.347970 0 1.000000
-3.591877  0.000000  1.487960 0 1.000000
 0.349950  0.000000 -1.474796 0 1.000000
-0.727560  0.000000  1.435878 0 1.000000
 3.899752  0.000000 -0.581369 0 1.000000
 0.181521  0.000000 -0.750731 0 1.000000
-1.973675  0.000000  1.146712 0 1.000000
 1.671526  0.000000  1.067366 0 1.000000
-1.304187  0.000000 -0.364587 0 1.000000
-4.386121  0.000000  0.590261 0 1.000000
-2.577665  0.000000  1.533351 0 1.000000
 1.327707  0.000000 -0.039613 0 1.000000
 0.279006  0.000000  1.684622 0 1.000000
-1.847851  0.000000 -0.503711 0 1.000000
 0.529330  0.000000  0.684229 0 1.000000
-1.704397  0.000000 -1.518527 0 1.000000
 4.784864  0.000000 -0.203488 0 1.000000
 3.086956  0.000000  0.468608 0 1.000000
 1.942945  0.000000 -0.594934 0 1.000000
-0.133643  0.000000 -0.111118 0 1.000000
-0.293170  0.000000  0.171085 0 1.000000
-1.354834  0.000000 -0.449707 0 1.000000
-4.492010  0.000000  1.017153 0 1.000000
 1.462701  0.000000 -2.517890 0 1.000000
 0.180075  0.000000 -1.093758 0 1.000000
 0.867023  0.000000  1.781897 0 1.000000
 0.556770  0.000000  2.243984 0 1.000000
-0.862681  0.000000 -0.370226 0 1.000000
-0.464038  0.000000  0.633135 0 1.000000
 1.373470  0.000000  1.645568 0 1.000000
-2.631134  0.000000  0.839033 0 1.000000
 4.933326  0.000000  0.641261 0 1.000000
-1.862583  0.000000  0.433570 0 1.000000
-1.265557  0.000000  0.008934 0 1.000000
 2.995517  0.000000  1.142157 0 1.000000
 1.087181  0.000000  1.913673 0 1.000000
 1.702899  0.000000 -0.341554 0 1.000000
 0.972854  0.000000  0.923943 0 1.000000
-2.076231  0.000000  0.548110 0 1.000000
 1.119261  0.000000  1.957474 0 1.000000
 4.524274  0.000000  1.103624 0 1.000000
 0.335738  0.000000  1.786270 0 1.000000
 1.382328  0.000000  0.381324 0 1.000000
 0.136944  0.000000  2.281843 0 1.000000
-3.880046  0.000000  1.154372 0 1.000000
-0.076771  0.000000 -0.112381 0 1.000000
 2.746200  0.000000  1.055313 0 1.000000
 1.759424  0.000000 -0.750002 0 1.000000
 2.847241  0.000000  0.810609 0 1.000000
-2.560077  0.000000  1.236697 0 1.000000
 2.524219  0.000000  1.785213 0 1.000000
 1.458574  0.000000 -0.495405 0 1.000000
-0.751725  0.000000  1.908783 0 1.000000
 1.745040  0.000000 -1.002227 0 1.000000
 4.056031  0.000000  0.376735 0 1.000000
-1.004268  0.000000 -1.474245 0 1.000000
 2.203931  0.000000 -0.872034 0 1.000000
 1.531242  0.000000 -2.155676 0 1.000000
 0.357013  0.000000 -0.790236 0 1.000000
 3.276156  0.000000  0.477540 0 1.000000
 3.907033  0.000000  0.299853 0 1.000000
 3.313041  0.000000  0.165816 0 1.000000
 2.639653  0.000000  0.137226 0 1.000000
 3.176537  0.000000  0.044469 0 1.000000
-0.146483  0.000000  0.859339 0 1.000000
-2.894367  0.000000  0.389943 0 1.000000
 0.024999  0.000000 -0.367119 0 1.000000
 0.277169  0.000000 -1.089047 0 1.000000
 1.749381  0.000000 -1.340830 0 1.000000
 1.105274  0.000000  1.096995 0 1.000000
 2.816097  0.000000 -1.095663 0 1.000000
-3.358779  0.000000  0.591509 0 1.000000
 1.866544  0.000000 -1.730073 0 1.000000
 4.262200  0.000000  0.629068 0 1.000000
-1.338793  0.000000 -1.894900 0 1.000000
 3.159068  0.000000 -0.915991 0 1.000000
 2.173412  0.000000  1.134550 0 1.000000
-2.308705  0.000000  1.144795 0 1.000000
 0.289395  0.000000  0.931203 0 1.000000
 1.438336  0.000000  1.647969 0 1.000000
-0.276993  0.000000  1.815145 0 1.000000
 3.516657  0.000000 -0.119386 0 1.000000
 0.385293  0.000000 -1.012400 0 1.000000
 0.456877  0.000000 -1.471214 0 1.000000
-2.276031  0.000000  1.304029 0 1.000000
-1.439027  0.000000 -0.539031 0 1.000000
 1.974773  0.000000  1.906920 0 1.000000
-0.470543  0.000000  1.234245 0 1.000000
 0.971480  0.000000  1.104865 0 1.000000
 0.814244  0.000000 -0.927311 0 1.000000
 1.733878  0.000000  0.395088 0 1.000000
-1.911228  0.000000  0.942493 0 1.000000
-0.809755  0.000000 -0.372876 0 1.000000
 4.278783  0.000000  1.107773 0 1.000000
-1.199417  0.000000  0.475235 0 1.000000
 1.446560  0.000000  1.695486 0 1.000000
 2.937670  0.000000  0.130621 0 1.000000
-2.545269  0.000000 -0.244247 0 1.000000
 1.629445  0.000000 -0.874098 0 1.000000
-0.241874  0.000000  1.438323 0 1.000000
 1.216620  0.000000  1.861529 0 1.000000
-1.671634  0.000000 -1.434904 0 1.000000
 3.602487  0.000000 -0.243607 0 1.000000
 2.531343  0.000000 -1.005596 0 1.000000
 3.265854  0.000000 -1.013799 0 1.000000
-3.634882  0.000000  0.053630 0 1.000000
-2.442202  0.000000  1.866360 0 1.000000
 2.034607  0.000000  1.349659 0 1.000000
 0.525723  0.000000  1.446628 0 1.000000
 3.936659  0.000000  0.353645 0 1.000000
-3.203572  0.000000  0.212696 0 1.000000
 2.982769  0.000000  2.232711 0 1.000000
 1.473822  0.000000 -1.383650 0 1.000000
-1.451900  0.000000  0.632354 0 1.000000
-0.955180  0.000000  1.316845 0 1.000000
 2.720284  0.000000 -0.761420 0 1.000000
 1.163264  0.000000  0.085191 0 1.000000
-3.077736  0.000000  1.937592 0 1.000000
-0.151487  0.000000 -1.593472 0 1.000000
 1.183298  0.000000 -0.972638 0 1.000000
 0.454890  0.000000  2.166979 0 1.000000
 2.619603  0.000000  0.423639 0 1.000000
 1.667437  0.000000 -0.957373 0 1.000000
-1.798693  0.000000 -1.681844 0 1.000000
-4.563298  0.000000  0.801112 0 1.000000
-2.299758  0.000000  1.773907 0 1.000000
-4.448471  0.000000  0.671887 0 1.000000
-2.592582  0.000000  0.421713 0 1.000000
-2.547709  0.000000  0.513536 0 1.000000
-3.700611  0.000000  0.431273 0 1.000000
-0.396332  0.000000  0.591504 0 1.000000
 1.656906  0.000000 -2.099421 0 1.000000
-1.157791  0.000000 -0.785835 0 1.000000
-0.609176  0.000000  0.807390 0 1.000000
 3.886502  0.000000  0.927075 0 1.000000
-2.124930  0.000000 -1.222494 0 1.000000
 2.890412  0.000000  0.646263 0 1.000000
-1.401110  0.000000  0.896001 0 1.000000
 0.111246  0.000000  1.487172 0 1.000000
 2.185942  0.000000  0.267341 0 1.000000
 0.885899  0.000000 -0.877048 0 1.000000
 0.724508  0.000000  2.288062 0 1.000000
-3.408910  0.000000  1.781135 0 1.000000
 2.749544  0.000000  0.812955 0 1.000000
 1.692116  0.000000  0.183892 0 1.000000
-0.733691  0.000000  0.339579 0 1.000000
 3.896821  0.000000 -0.747172 0 1.000000
-1.327519  0.000000  0.936582 0 1.000000
 3.524642  0.000000 -0.026410 0 1.000000
 1.379734  0.000000  2.497354 0 1.000000
-1.363730  0.000000 -1.249823 0 1.000000
 3.922116  0.000000 -0.542652 0 1.000000
 0.306982  0.000000  1.307383 0 1.000000
 1.861717  0.000000  2.487303 0 1.000000
-0.440062  0.000000  0.263187 0 1.000000
 4.744632  0.000000  0.893763 0 1.000000
-0.630049  0.000000  1.271271 0 1.000000
-0.506628  0.000000  0.974718 0 1.000000
 0.951125  0.000000  1.558773 0 1.000000
-0.315992  0.000000 -2.136879 0 1.000000
 1.091126  0.000000 -0.290878 0 1.000000
 4.530262  0.000000  0.251159 0 1.000000
-1.237671  0.000000 -1.642938 0 1.000000
-1.496508  0.000000  0.305756 0 1.000000
 1.251171  0.000000  2.209619 0 1.000000
 0.142783  0.000000 -0.412576 0 1.000000
-1.152134  0.000000 -0.363926 0 1.000000
 1.429317  0.000000  1.815620 0 1.000000
 4.809857  0.000000  0.770427 0 1.000000
-2.148878  0.000000  0.420126 0 1.000000
-1.808414  0.000000  0.522112 0 1.000000
 4.251572  0.000000  0.222108 0 1.000000
 0.166608  0.000000 -1.047417 0 1.000000
-2.313745  0.000000  0.395378 0 1.000000
 0.541570  0.000000 -0.420898 0 1.000000
-1.267814  0.000000  1.271710 0 1.000000
-0.331562  0.000000 -0.112723 0 1.000000
 0.341402  0.000000  1.105042 0 1.000000
-2.584181  0.000000  0.927234 0 1.000000
-0.426334  0.000000 -0.371664 0 1.000000
 2.269939  0.000000  1.982128 0 1.000000
 3.525304  0.000000  1.902878 0 1.000000
 2.379693  0.000000  1.092282 0 1.000000
-0.104115  0.000000  1.186990 0 1.000000
-2.587064  0.000000  1.691134 0 1.000000
 0.384289  0.000000 -0.673194 0 1.000000
 0.915160  0.000000 -0.838462 0 1.000000
-4.550889  0.000000  0.893970 0 1.000000
 0.417957  0.000000 -1.565475 0 1.000000
-4.375582  0.000000  1.405889 0 1.000000
-0.718452  0.000000 -1.810563 0 1.000000
-1.900779  0.000000 -0.249803 0 1.000000
 3.113172  0.000000  1.019697 0 1.000000
 0.972046  0.000000 -0.913414 0 1.000000
-3.127415  0.000000  1.867497 0 1.000000
-0.457368  0.000000 -1.891447 0 1.000000
-0.380505  0.000000  0.389017 0 1.000000
-4.058217  0.000000  0.605745 0 1.000000
 4.257648  0.000000  0.712565 0 1.000000
-1.229571  0.000000 -1.690279 0 1.000000
 2.285580  0.000000 -0.587546 0 1.000000
 2.630673  0.000000  0.352389 0 1.000000
-1.937051  0.000000 -0.801897 0 1.000000
 3.351533  0.000000  0.088735 0 1.000000
 2.684499  0.000000 -1.082354 0 1.000000
-2.054741  0.000000  0.519786 0 1.000000
 1.124162  0.000000 -1.344386 0 1.000000
-1.783737  0.000000  1.138549 0 1.000000
-3.698884  0.000000  0.607137 0 1.000000
 3.560408  0.000000  1.027232 0 1.000000
-2.371251  0.000000  0.393537 0 1.000000
 0.450987  0.000000 -2.060607 0 1.000000
 2.080813  0.000000 -2.195454 0 1.000000
 0.803656  0.000000 -2.309859 0 1.000000
-1.611965  0.000000  1.701877 0 1.000000
 1.701436  0.000000 -1.765491 0 1.000000
 0.033399  0.000000  1.364888 0 1.000000
 0.815701  0.000000 -2.517171 0 1.000000
 2.664272  0.000000  0.757146 0 1.000000
 2.109315  0.000000 -0.634185 0 1.000000
 4.434651  0.000000 -0.242916 0 1.000000
 0.109884  0.000000  1.238660 0 1.000000
-2.960181  0.000000  0.050879 0 1.000000
 2.465652  0.000000 -0.879063 0 1.000000
-3.820483  0.000000  0.392768 0 1.000000
 0.431565  0.000000  0.426168 0 1.000000
 2.752027  0.000000  1.475036 0 1.000000
-4.186105  0.000000  1.365387 0 1.000000
-0.521093  0.000000  1.304804 0 1.000000
-3.033115  0.000000  0.844356 0 1.000000
 1.804076  0.000000  0.926166 0 1.000000
-3.068524  0.000000  0.095605 0 1.000000
-1.054548  0.000000 -0.379996 0 1.000000
 0.136727  0.000000  0.174113 0 1.000000
 0.437760  0.000000 -1.515775 0 1.000000
 3.673486  0.000000  0.382750 0 1.000000
-4.023307  0.000000  0.459932 0 1.000000
 1.460886  0.000000  0.765418 0 1.000000
-3.586538  0.000000  0.894994 0 1.000000
-1.777814  0.000000  1.824118 0 1.000000
 0.760732  0.000000  0.561935 0 1.000000
 2.898758  0.000000 -0.532647 0 1.000000
 1.508208  0.000000 -0.670024 0 1.000000
-2.990856  0.000000  1.400186 0 1.000000
-1.076730  0.000000  0.000334 0 1.000000
-2.619555  0.000000  1.055817 0 1.000000
-1.032239  0.000000 -1.755760 0 1.000000
 3.120647  0.000000 -0.416008 0 1.000000
 3.371567  0.000000  0.895829 0 1.000000
 1.133422  0.000000 -0.202657 0 1.000000
 0.594994  0.000000  0.044998 0 1.000000
 0.188671  0.000000 -0.327405 0 1.000000
-1.000362  0.000000 -0.880206 0 1.000000
-1.047900  0.000000  1.134414 0 1.000000
 1.087753  0.000000  1.387994 0 1.000000
 2.379953  0.000000  0.083723 0 1.000000
 1.281872  0.000000 -0.447774 0 1.000000
-2.103321  0.000000  1.021672 0 1.000000
-1.000884  0.000000  1.144563 0 1.000000
 0.207726  0.000000  1.314409 0 1.000000
 3.682354  0.000000  0.291007 0 1.000000
 0.012710  0.000000  2.167181 0 1.000000
 2.289156  0.000000  1.948831 0 1.000000
 3.532093  0.000000  0.981099 0 1.000000
-4.406915  0.000000  1.394246 0 1.000000
-0.035483  0.000000  1.314986 0 1.000000
 3.590242  0.000000 -0.077641 0 1.000000
 0.610643  0.000000  0.213693 0 1.000000
 0.363340  0.000000  0.294642 0 1.000000
 1.879755  0.000000  0.132858 0 1.000000
-1.141573  0.000000 -1.057376 0 1.000000
-2.346298  0.000000  0.597260 0 1.000000
 2.768525  0.000000 -0.669487 0 1.000000
 1.075750  0.000000 -0.003420 0 1.000000
 2.958633  0.000000  0.005019 0 1.000000
 0.449710  0.000000 -1.722223 0 1.000000
 3.744155  0.000000 -0.424645 0 1.000000
-0.367752  0.000000 -0.702775 0 1.000000
 1.365573  0.000000 -0.504293 0 1.000000
-0.609941  0.000000 -1.293489 0 1.000000
-3.748994  0.000000  1.103847 0 1.000000
 2.057661  0.000000 -0.634906 0 1.000000
 2.261155  0.000000  2.407586 0 1.000000
 1.631670  0.000000  1.656691 0 1.000000
 0.619992  0.000000 -0.997131 0 1.000000
-3.473217  0.000000  1.194645 0 1.000000
 4.668785  0.000000  1.024445 0 1.000000
 3.238667  0.000000  1.397765 0 1.000000
 0.659825  0.000000 -0.044174 0 1.000000
-0.269164  0.000000  0.380497 0 1.000000
-2.009486  0.000000 -0.927027 0 1.000000
 1.650527  0.000000  0.347578 0 1.000000
 1.002512  0.000000 -1.051353 0 1.000000
-1.872043  0.000000 -1.209704 0 1.000000
 1.238604  0.000000  1.988481 0 1.000000
 1.769149  0.000000 -0.719286 0 1.000000
 0.753227  0.000000  1.810094 0 1.000000
 0.382013  0.000000 -0.321361 0 1.000000
 4.915925  0.000000  0.418372 0 1.000000
-2.109437  0.000000 -0.154815 0 1.000000
-2.491563  0.000000  1.531175 0 1.000000
-2.092482  0.000000  0.424046 0 1.000000
-2.880248  0.000000  1.440991 0 1.000000
-1.389317  0.000000 -1.884542 0 1.000000
-3.876488  0.000000  0.472446 0 1.000000
 2.678696  0.000000  1.022073 0 1.000000
 2.657090  0.000000  2.166529 0 1.000000
-2.971397  0.000000  1.611711 0 1.000000
 0.368677  0.000000  1.137074 0 1.000000
 3.425390  0.000000 -0.206585 0 1.000000
 2.237083  0.000000 -0.242911 0 1.000000
 0.447680  0.000000 -0.954086 0 1.000000
 1.581560  0.000000  0.207085 0 1.000000
-0.648543  0.000000 -1.003660 0 1.000000
-1.553925  0.000000 -0.508748 0 1.000000
 2.381370  0.000000 -0.167287 0 1.000000
 2.221866  0.000000  1.316373 0 1.000000
-1.212993  0.000000 -1.933770 0 1.000000
 0.181478  0.000000  1.020779 0 1.000000
 0.499325  0.000000 -0.113196 0 1.000000
 0.475512  0.000000  0.595751 0 1.000000
-1.055441  0.000000 -1.293369 0 1.000000
 3.560288  0.000000  1.274929 0 1.000000
-0.328331  0.000000  1.994319 0 1.000000
-1.374774  0.000000  1.027817 0 1.000000
-0.757726  0.000000 -0.452458 0 1.000000
 0.364971  0.000000 -0.548121 0 1.000000
-0.049862  0.000000  1.095150 0 1.000000
 3.829713  0.000000  0.554365 0 1.000000
-2.652285  0.000000  1.989083 0 1.000000
-2.002510  0.000000  0.002308 0 1.000000
-0.925126  0.000000  2.123905 0 1.000000
-0.315412  0.000000 -1.983630 0 1.000000
 5.102241  0.000000  0.346101 0 1.000000
-0.325295  0.000000  0.052101 0 1.000000
-0.111986  0.000000  1.524043 0 1.000000
 1.188616  0.000000 -0.551264 0 1.000000
-2.018145  0.000000  1.221075 0 1.000000
 0.161904  0.000000 -1.718906 0 1.000000
-2.743645  0.000000  1.692499 0 1.000000
-3.289027  0.000000  1.904324 0 1.000000
 1.062043  0.000000 -1.762988 0 1.000000
-1.799534  0.000000  0.590536 0 1.000000
 1.767727  0.000000  2.413106 0 1.000000
 0.642617  0.000000 -1.986991 0 1.000000
-0.987761  0.000000 -0.844130 0 1.000000
-2.606763  0.000000  1.828373 0 1.000000
 3.683533  0.000000  0.635498 0 1.000000
-1.678022  0.000000  1.573596 0 1.000000
 1.562099  0.000000  0.166277 0 1.000000
-2.197516  0.000000  1.946752 0 1.000000
-0.117645  0.000000 -2.062724 0 1.000000
-4.209091  0.000000  1.490827 0 1.000000
 3.748290  0.000000  1.192744 0 1.000000
-3.667541  0.000000  0.935875 0 1.000000
 2.238305  0.000000  2.116857 0 1.000000
 0.670034  0.000000 -1.506611 0 1.000000
-2.810756  0.000000  0.720354 0 1.000000
-2.547255  0.000000 -0.748889 0 1.000000
 2.209266  0.000000  0.049197 0 1.000000
-4.447277  0.000000  0.606541 0 1.000000
-4.101126  0.000000  1.451156 0 1.000000
 3.897723  0.000000 -0.670466 0 1.000000
 3.508993  0.000000  1.263518 0 1.000000
-2.459420  0.000000 -1.134111 0 1.000000
-2.587013  0.000000  0.755029 0 1.000000
 3.107792  0.000000  0.848961 0 1.000000
 0.184868  0.000000  2.027562 0 1.000000
 3.352894  0.000000  0.520902 0 1.000000
-3.294521  0.000000  0.391878 0 1.000000
-0.329677  0.000000 -1.215292 0 1.000000
 1.430008  0.000000  0.732642 0 1.000000
 2.164035  0.000000 -0.964232 0 1.000000
 4.381216  0.000000  1.354763 0 1.000000
-1.666818  0.000000 -0.668807 0 1.000000
 0.746746  0.000000  0.310947 0 1.000000
-2.582909  0.000000  0.690998 0 1.000000
-3.309685  0.000000  0.677877 0 1.000000
 3.268377  0.000000 -0.083630 0 1.000000
 0.060547  0.000000  2.160302 0 1.000000
-3.176903  0.000000  0.595342 0 1.000000
-1.263709  0.000000  0.858449 0 1.000000
-1.196452  0.000000 -1.383595 0 1.000000
 0.364169  0.000000  1.573316 0 1.000000
-2.609152  0.000000  0.900187 0 1.000000
 4.702390  0.000000  0.473355 0 1.000000
 2.524002  0.000000  1.190224 0 1.000000
-2.372776  0.000000 -0.459190 0 1.000000
 0.969023  0.000000 -2.101094 0 1.000000
-2.107207  0.000000  0.928124 0 1.000000
 1.504532  0.000000  0.687889 0 1.000000
-1.656961  0.000000 -1.084384 0 1.000000
-0.372080  0.000000 -1.383073 0 1.000000
 1.352249  0.000000  1.193366 0 1.000000
 1.504330  0.000000  2.281450 0 1.000000
 1.599490  0.000000 -0.595185 0 1.000000
 0.970733  0.000000 -1.432821 0 1.000000
 0.010004  0.000000 -0.802065 0 1.000000
 3.849047  0.000000 -0.509372 0 1.000000
 2.878289  0.000000  1.519628 0 1.000000
-0.352367  0.000000  1.697733 0 1.000000
 0.436884  0.000000 -2.361235 0 1.000000
 0.451827  0.000000  0.461438 0 1.000000
-0.438752  0.000000 -0.679538 0 1.000000
 2.212229  0.000000  1.815508 0 1.000000
-0.970111  0.000000  1.271130 0 1.000000
 0.382246  0.000000  1.270314 0 1.000000
-1.330472  0.000000  1.272940 0 1.000000
-1.408646  0.000000 -0.833754 0 1.000000
 0.603181  0.000000 -2.229337 0 1.000000
 2.020277  0.000000 -0.294974 0 1.000000
 1.583757  0.000000  2.252767 0 1.000000
-0.759484  0.000000 -1.299606 0 1.000000
-4.222506  0.000000  0.381876 0 1.000000
 0.305648  0.000000  0.552156 0 1.000000
-0.555086  0.000000 -1.298629 0 1.000000
 1.360306  0.000000 -0.325044 0 1.000000
 1.727360  0.000000  2.414226 0 1.000000
 0.426612  0.000000 -0.756845 0 1.000000
 4.118137  0.000000  1.491837 0 1.000000
 0.388850  0.000000 -2.349525 0 1.000000
-1.543360  0.000000  1.896779 0 1.000000
-2.369013  0.000000 -0.705655 0 1.000000
 1.581593  0.000000 -1.217820 0 1.000000
 5.004236  0.000000  0.676686 0 1.000000
 2.949658  0.000000  0.982818 0 1.000000
-1.280256  0.000000 -1.008825 0 1.000000
 0.514121  0.000000 -2.222869 0 1.000000
 3.184328  0.000000  1.472892 0 1.000000
-0.306817  0.000000 -1.850507 0 1.000000
 4.983650  0.000000  0.469857 0 1.000000
-1.270110  0.000000  0.512876 0 1.000000
-4.249110  0.000000  0.437502 0 1.000000
-1.827619  0.000000  0.899567 0 1.000000
-0.400397  0.000000  2.027090 0 1.000000
 4.208205  0.000000  0.050402 0 1.000000
-2.292190  0.000000 -1.258764 0 1.000000
 4.637911  0.000000  0.378188 0 1.000000
-1.068762  0.000000 -1.942937 0 1.000000
-1.480476  0.000000  1.991491 0 1.000000
-0.700889  0.000000  0.462049 0 1.000000
 0.790331  0.000000  2.322425 0 1.000000
-0.803572  0.000000  0.804418 0 1.000000
 3.581825  0.000000 -0.543208 0 1.000000
 4.364942  0.000000 -0.378166 0 1.000000
 2.187983  0.000000 -0.323944 0 1.000000
 2.678730  0.000000  0.248580 0 1.000000
 0.897331  0.000000  1.238794 0 1.000000
-0.548408  0.000000 -1.927478 0 1.000000
 1.683555  0.000000 -1.391279 0 1.000000
-2.522583  0.000000 -0.029715 0 1.000000
 0.392554  0.000000 -0.586309 0 1.000000
-0.871880  0.000000  1.778092 0 1.000000
 1.385892  0.000000  2.251737 0 1.000000
-1.538097  0.000000  0.298985 0 1.000000
 3.796237  0.000000  0.254524 0 1.000000
-1.489081  0.000000  0.051600 0 1.000000
 2.353382  0.000000 -0.212563 0 1.000000
 0.106127  0.000000 -0.201975 0 1.000000
 2.404709  0.000000  0.967074 0 1.000000
 0.863231  0.000000 -0.255179 0 1.000000
-2.967334  0.000000  0.267881 0 1.000000
 2.012882  0.000000 -1.377460 0 1.000000
 1.112738  0.000000 -1.774418 0 1.000000
 4.351811  0.000000  1.312222 0 1.000000
-1.365094  0.000000  1.349909 0 1.000000
-2.735263  0.000000  1.108654 0 1.000000
 1.319924  0.000000 -1.840431 0 1.000000
-1.520916  0.000000 -1.100804 0 1.000000
-2.993851  0.000000  0.971304 0 1.000000
-1.477247  0.000000 -0.584504 0 1.000000
 2.474722  0.000000  2.291467 0 1.000000
 1.989119  0.000000  2.363096 0 1.000000
-0.192897  0.000000  0.166031 0 1.000000
 4.462887  0.000000  1.054762 0 1.000000
 2.187966  0.000000  2.286277 0 1.000000
-0.566753  0.000000 -1.209808 0 1.000000
-2.008175  0.000000 -0.510483 0 1.000000
-0.172018  0.000000 -1.038656 0 1.000000
-1.440571  0.000000 -1.046048 0 1.000000
 2.209482  0.000000 -0.125014 0 1.000000
-0.653243  0.000000  1.319788 0 1.000000
 4.080526  0.000000  0.673151 0 1.000000
-3.270272  0.000000  1.345973 0 1.000000
-1.789276  0.000000  1.314475 0 1.000000
-2.094710  0.000000 -0.425351 0 1.000000
 3.348369  0.000000  1.867452 0 1.000000
 2.457529  0.000000  0.976863 0 1.000000
 1.438487  0.000000  0.884537 0 1.000000
 2.545983  0.000000  0.973793 0 1.000000
-0.924115  0.000000  1.521656 0 1.000000
 0.087570  0.000000 -1.926667 0 1.000000
-3.994114  0.000000  1.444428 0 1.000000
 2.033957  0.000000  1.779467 0 1.000000
 0.790195  0.000000  1.649086 0 1.000000
 0.944634  0.000000  1.227400 0 1.000000
 1.219651  0.000000 -1.000154 0 1.000000
 4.851775  0.000000  0.812146 0 1.000000
-3.970225  0.000000  1.062370 0 1.000000
-0.999191  0.000000  1.898858 0 1.000000
 3.323882  0.000000  1.727417 0 1.000000
-1.742551  0.000000 -0.379120 0 1.000000
 0.386240  0.000000  0.771075 0 1.000000
-1.248212  0.000000  0.216015 0 1.000000
-2.766678  0.000000 -0.209001 0 1.000000
-1.146323  0.000000 -1.814456 0 1.000000
-0.464798  0.000000 -0.372517 0 1.000000
 1.801636  0.000000  1.786462 0 1.000000
 2.360758  0.000000  1.304813 0 1.000000
-0.482083  0.000000 -0.584527 0 1.000000
 1.704457  0.000000 -0.924940 0 1.000000
-0.712359  0.000000  1.997856 0 1.000000
-3.083636  0.000000  0.761184 0 1.000000
 4.608258  0.000000  1.224984 0 1.000000
 1.179460  0.000000  1.398192 0 1.000000
-3.084486  0.000000  1.357552 0 1.000000
 0.258374  0.000000 -0.720620 0 1.000000
 1.922249  0.000000 -0.205583 0 1.000000
 2.064684  0.000000  2.234540 0 1.000000
 3.390461  0.000000 -0.706115 0 1.000000
 1.703408  0.000000  2.458707 0 1.000000
 2.690084  0.000000  1.311842 0 1.000000
 0.158461  0.000000  1.568232 0 1.000000
 0.241863  0.000000 -1.516929 0 1.000000
 1.142335  0.000000  0.382835 0 1.000000
 2.692526  0.000000  0.210441 0 1.000000
-1.902378  0.000000  1.352583 0 1.000000
 0.075130  0.000000  0.730030 0 1.000000
-3.092809  0.000000  1.741081 0 1.000000
-0.993418  0.000000  0.460598 0 1.000000
 2.041304  0.000000 -0.080343 0 1.000000
-1.676777  0.000000  0.384492 0 1.000000
 1.548927  0.000000  2.115516 0 1.000000
 0.206606  0.000000  1.237062 0 1.000000
 3.524755  0.000000 -0.628510 0 1.000000
 1.922697  0.000000  0.376949 0 1.000000
 3.745752  0.000000  0.248961 0 1.000000
-2.640587  0.000000  0.938696 0 1.000000
 0.782460  0.000000 -2.529433 0 1.000000
-0.595121  0.000000 -0.594483 0 1.000000
-3.327015  0.000000  1.853185 0 1.000000
 4.575937  0.000000  0.938807 0 1.000000
 2.790024  0.000000  1.322895 0 1.000000
 4.033963  0.000000  1.687635 0 1.000000
 1.728742  0.000000  1.492543 0 1.000000
 1.486263  0.000000  2.324646 0 1.000000
 2.508605  0.000000  1.982550 0 1.000000
 0.223407  0.000000 -0.718914 0 1.000000
 2.470456  0.000000  1.360536 0 1.000000
-0.320568  0.000000  0.222769 0 1.000000
-0.402900  0.000000  1.612391 0 1.000000
 2.964971  0.000000  0.509838 0 1.000000
 2.219892  0.000000  1.485534 0 1.000000
 4.277957  0.000000  0.926560 0 1.000000
 3.068087  0.000000 -0.081215 0 1.000000
 4.896087  0.000000  0.468243 0 1.000000
-2.271215  0.000000 -0.533106 0 1.000000
-4.302677  0.000000  0.436101 0 1.000000
 3.592545  0.000000 -0.745951 0 1.000000
 0.362309  0.000000 -2.068167 0 1.000000
 2.325806  0.000000 -0.828847 0 1.000000
 0.900741  0.000000  1.913565 0 1.000000
-1.861143  0.000000  1.435758 0 1.000000
 2.521948  0.000000 -0.156933 0 1.000000
 0.320775  0.000000 -0.970766 0 1.000000
-1.569505  0.000000 -0.997104 0 1.000000
-1.189438  0.000000  1.225739 0 1.000000
-1.029713  0.000000 -0.511026 0 1.000000
-3.649223  0.000000  0.427879 0 1.000000
 0.145358  0.000000  0.847388 0 1.000000
-4.190938  0.000000  1.450553 0 1.000000
 3.676121  0.000000  0.805894 0 1.000000
-3.611563  0.000000  1.263963 0 1.000000
-0.449962  0.000000 -0.500867 0 1.000000
-1.129023  0.000000 -1.841279 0 1.000000
 0.200157  0.000000 -2.114506 0 1.000000
 3.796984  0.000000  0.338076 0 1.000000
 0.977051  0.000000 -1.089925 0 1.000000
 3.237392  0.000000  1.648218 0 1.000000
 1.500518  0.000000  1.768696 0 1.000000
 1.141921  0.000000 -0.536974 0 1.000000
 0.772829  0.000000 -0.339132 0 1.000000
-2.924884  0.000000 -0.075306 0 1.000000
 3.740157  0.000000 -0.166801 0 1.000000
 2.811207  0.000000  1.189829 0 1.000000
-1.563091  0.000000 -1.600156 0 1.000000
 3.078182  0.000000 -0.971046 0 1.000000
-1.665189  0.000000 -0.245155 0 1.000000
-3.077095  0.000000  0.260587 0 1.000000
-2.661959  0.000000  1.068895 0 1.000000
 0.623474  0.000000  0.930941 0 1.000000
 0.900773  0.000000 -0.619945 0 1.000000
 0.906720  0.000000 -1.395469 0 1.000000
 1.216931  0.000000  2.109453 0 1.000000
 3.233248  0.000000  1.816370 0 1.000000
 1.228192  0.000000  1.396811 0 1.000000
-1.433512  0.000000  1.810041 0 1.000000
 1.968085  0.000000  2.147725 0 1.000000
-0.524293  0.000000  0.476133 0 1.000000
 1.269299  0.000000 -1.942272 0 1.000000
-1.221764  0.000000 -1.587690 0 1.000000
 5.078547  0.000000  0.206636 0 1.000000
-1.814316  0.000000  0.678630 0 1.000000
 1.779744  0.000000  0.729874 0 1.000000
-3.293732  0.000000  0.811091 0 1.000000
-3.830223  0.000000  1.732952 0 1.000000
 1.479614  0.000000  0.056345 0 1.000000
-2.302481  0.000000  1.350244 0 1.000000
 0.134941  0.000000 -0.324200 0 1.000000
 4.081307  0.000000  0.436765 0 1.000000
 1.428159  0.000000 -0.973920 0 1.000000
-0.356613  0.000000 -1.255622 0 1.000000
 1.291946  0.000000 -0.880861 0 1.000000
 0.635946  0.000000 -0.751179 0 1.000000
-2.533809  0.000000 -1.014206 0 1.000000
-0.387805  0.000000 -1.012699 0 1.000000
-1.740413  0.000000  1.661287 0 1.000000
-2.992786  0.000000  1.138727 0 1.000000
-1.976001  0.000000  1.978729 0 1.000000
 4.616628  0.000000  0.936810 0 1.000000
 2.112790  0.000000  0.720905 0 1.000000
-0.063395  0.000000  1.366422 0 1.000000
-1.286161  0.000000 -0.549896 0 1.000000
-0.925227  0.000000 -1.599798 0 1.000000
-3.290214  0.000000  1.222528 0 1.000000
 3.258651  0.000000  0.507758 0 1.000000
 4.091935  0.000000  1.362603 0 1.000000
 0.329741  0.000000 -0.749450 0 1.000000
-4.151938  0.000000  0.511007 0 1.000000
 0.365507  0.000000 -1.802951 0 1.000000
-1.099935  0.000000  0.057717 0 1.000000
-0.145030  0.000000  1.096057 0 1.000000
-0.191845  0.000000  1.028996 0 1.000000
-0.785826  0.000000  1.787021 0 1.000000
-1.169100  0.000000  1.362269 0 1.000000
 3.204819  0.000000 -0.336514 0 1.000000
 2.756676  0.000000 -0.709966 0 1.000000
-1.655963  0.000000  1.780867 0 1.000000
-1.668695  0.000000  0.433178 0 1.000000
-0.682580  0.000000 -1.009590 0 1.000000
-2.196724  0.000000 -0.674270 0 1.000000
 2.500382  0.000000 -1.135273 0 1.000000
 1.743024  0.000000  1.699112 0 1.000000
-2.666235  0.000000  1.237354 0 1.000000
 1.867652  0.000000  1.661214 0 1.000000
 0.088566  0.000000 -0.256418 0 1.000000
-0.753007  0.000000 -0.788351 0 1.000000
 1.797907  0.000000  2.107853 0 1.000000
-2.285305  0.000000  1.943505 0 1.000000
 4.313886  0.000000  0.039098 0 1.000000
-0.593308  0.000000 -1.438001 0 1.000000
-2.722767  0.000000  1.442297 0 1.000000
 4.012999  0.000000  0.474707 0 1.000000
 0.342577  0.000000 -1.254743 0 1.000000
-0.317655  0.000000 -1.295326 0 1.000000
 2.190603  0.000000 -1.012530 0 1.000000
-0.985381  0.000000 -0.921657 0 1.000000
-3.040887  0.000000  1.742832 0 1.000000
 0.848928  0.000000 -1.127062 0 1.000000
 2.982239  0.000000  0.803850 0 1.000000
 1.365002  0.000000  1.280594 0 1.000000
-2.562594  0.000000 -0.798097 0 1.000000
 2.451690  0.000000 -0.282400 0 1.000000
 1.051457  0.000000  0.894798 0 1.000000
 2.899048  0.000000 -0.297198 0 1.000000
 5.034071  0.000000  0.141795 0 1.000000
 1.410109  0.000000  1.364165 0 1.000000
-3.441171  0.000000  0.890723 0 1.000000
-1.776550  0.000000  1.898493 0 1.000000
-3.926876  0.000000  0.643306 0 1.000000
-2.714522  0.000000  0.375020 0 1.000000
-3.599687  0.000000  0.939452 0 1.000000
 4.491055  0.000000  0.127482 0 1.000000
 1.381857  0.000000 -2.399514 0 1.000000
 2.650287  0.000000  0.559838 0 1.000000
-0.584078  0.000000  0.340120 0 1.000000
 0.332433  0.000000  0.758759 0 1.000000
-1.927078  0.000000 -0.971103 0 1.000000
 1.360971  0.000000  1.949945 0 1.000000
 4.046125  0.000000  1.021842 0 1.000000
 1.368673  0.000000 -2.279897 0 1.000000
 1.707662  0.000000 -2.366460 0 1.000000
 0.166599  0.000000 -1.132482 0 1.000000
 3.681010  0.000000  0.972929 0 1.000000
 1.457679  0.000000 -0.580849 0 1.000000
 1.459754  0.000000 -1.249853 0 1.000000
 1.603353  0.000000  1.936618 0 1.000000
 0.289062  0.000000 -2.191950 0 1.000000
 3.506360  0.000000  0.172102 0 1.000000
 0.314814  0.000000 -2.230133 0 1.000000
-3.470355  0.000000  0.939647 0 1.000000
-2.879507  0.000000  0.093541 0 1.000000
-0.443752  0.000000 -1.002925 0 1.000000
-0.177937  0.000000  0.806718 0 1.000000
-3.836806  0.000000  1.050357 0 1.000000
 4.345899  0.000000  0.386569 0 1.000000
 3.265618  0.000000 -0.669668 0 1.000000
 0.081871  0.000000  1.690163 0 1.000000
-0.550346  0.000000 -1.592342 0 1.000000
-0.800233  0.000000  1.408407 0 1.000000
 4.613806  0.000000  0.259092 0 1.000000
 3.074830  0.000000 -0.420363 0 1.000000
 3.890475  0.000000  1.103365 0 1.000000
 1.983587  0.000000 -1.851288 0 1.000000
 4.618304  0.000000  0.768283 0 1.000000
-2.992521  0.000000  0.291333 0 1.000000
 1.345217  0.000000 -0.380025 0 1.000000
-0.799416  0.000000 -1.392413 0 1.000000
 2.182326  0.000000  1.945006 0 1.000000
-0.055439  0.000000  0.858816 0 1.000000
 1.925542  0.000000 -0.454116 0 1.000000
-4.027309  0.000000  0.635178 0 1.000000
-3.071662  0.000000  0.000677 0 1.000000
-1.353130  0.000000 -1.214198 0 1.000000
 3.423156  0.000000  0.122010 0 1.000000
 1.933975  0.000000 -0.829543 0 1.000000
-0.005692  0.000000  1.786482 0 1.000000
 0.631448  0.000000  0.251435 0 1.000000
 0.430090  0.000000 -1.094143 0 1.000000
 0.719536  0.000000 -2.531847 0 1.000000
 3.972289  0.000000 -0.447673 0 1.000000
 1.747936  0.000000 -0.337902 0 1.000000
 2.115289  0.000000  2.319804 0 1.000000
 2.644558  0.000000  1.729936 0 1.000000
-2.144728  0.000000  2.041516 0 1.000000
 1.092823  0.000000  1.577148 0 1.000000
 1.207001  0.000000  0.761479 0 1.000000
-2.625598  0.000000  1.275341 0 1.000000
 1.642427  0.000000 -0.252929 0 1.000000
 2.665514  0.000000  2.028936 0 1.000000
 2.725382  0.000000 -0.839652 0 1.000000
-0.297491  0.000000 -2.177803 0 1.000000
-0.265565  0.000000  0.982686 0 1.000000
 0.186326  0.000000  0.674584 0 1.000000
-1.832680  0.000000 -0.970801 0 1.000000
 3.067481  0.000000  0.588369 0 1.000000
-1.157962  0.000000 -1.882307 0 1.000000
 1.543979  0.000000  1.782161 0 1.000000
 0.891358  0.000000  0.210880 0 1.000000
 1.847949  0.000000  1.097140 0 1.000000
 2.234851  0.000000  1.696443 0 1.000000
 0.009708  0.000000 -0.126446 0 1.000000
-2.009746  0.000000  1.786805 0 1.000000
 1.309352  0.000000 -0.328020 0 1.000000
 1.865608  0.000000 -0.788441 0 1.000000
 1.637053  0.000000 -0.632994 0 1.000000
 4.667422  0.000000  0.079754 0 1.000000
 3.926525  0.000000  1.650973 0 1.000000
-4.485310  0.000000  1.280593 0 1.000000
-4.355766  0.000000  1.227610 0 1.000000
 4.476862  0.000000  0.929594 0 1.000000
 1.798558  0.000000  0.503082 0 1.000000
 0.475531  0.000000 -1.341744 0 1.000000
 3.821492  0.000000  1.400424 0 1.000000
-1.595176  0.000000 -1.219614 0 1.000000
 2.221653  0.000000 -1.131769 0 1.000000
-1.925692  0.000000  0.306536 0 1.000000
 1.890958  0.000000  0.670844 0 1.000000
-0.319728  0.000000 -0.960292 0 1.000000
-1.050707  0.000000  0.388554 0 1.000000
 1.431613  0.000000 -2.569227 0 1.000000
-0.097427  0.000000  2.195727 0 1.000000
-1.831019  0.000000  1.896188 0 1.000000
 0.565523  0.000000  0.817130 0 1.000000
-1.587327  0.000000  0.223518 0 1.000000
 1.010568  0.000000  0.086671 0 1.000000
 4.111447  0.000000  0.048312 0 1.000000
 0.451039  0.000000 -0.372269 0 1.000000
-3.998158  0.000000  1.026876 0 1.000000
-1.367365  0.000000 -0.241697 0 1.000000
 3.151848  0.000000  2.037434 0 1.000000
-1.643904  0.000000  1.825227 0 1.000000
-4.511115  0.000000  0.887293 0 1.000000
 3.065238  0.000000  0.015346 0 1.000000
-1.973166  0.000000 -0.971177 0 1.000000
-1.172130  0.000000 -1.773863 0 1.000000
 1.547672  0.000000  2.033957 0 1.000000
-1.841824  0.000000  1.991213 0 1.000000
 2.989830  0.000000 -0.969871 0 1.000000
 0.804740  0.000000 -0.463985 0 1.000000
 0.067806  0.000000 -0.202884 0 1.000000
-2.957853  0.000000  1.572774 0 1.000000
 4.483176  0.000000 -0.407103 0 1.000000
 4.225535  0.000000  0.086649 0 1.000000
 2.493538  0.000000 -0.870696 0 1.000000
 3.607624  0.000000 -0.490540 0 1.000000
-1.024202  0.000000  0.254273 0 1.000000
 3.023748  0.000000  2.021355 0 1.000000
 1.125929  0.000000  0.934576 0 1.000000
-2.839056  0.000000  0.508712 0 1.000000
-0.181463  0.000000  0.304902 0 1.000000
 4.324055  0.000000  1.609834 0 1.000000
 2.550073  0.000000  0.714000 0 1.000000
-3.901268  0.000000  1.195085 0 1.000000
 3.849056  0.000000  1.532132 0 1.000000
 0.751810  0.000000 -2.155051 0 1.000000
-0.539863  0.000000  1.446404 0 1.000000
 1.531722  0.000000 -2.405703 0 1.000000
 3.609292  0.000000  0.347510 0 1.000000
 0.101858  0.000000  1.784580 0 1.000000
 2.509336  0.000000  2.405528 0 1.000000
-3.947968  0.000000  1.532898 0 1.000000
 0.194055  0.000000  1.955052 0 1.000000
 0.065794  0.000000  1.818096 0 1.000000
-0.482607  0.000000  1.700175 0 1.000000
 0.401206  0.000000 -1.718878 0 1.000000
 3.105230  0.000000 -0.914745 0 1.000000
 3.981650  0.000000  1.264925 0 1.000000
 2.911021  0.000000  0.423049 0 1.000000
-0.896828  0.000000 -0.878778 0 1.000000
 1.699311  0.000000 -1.250682 0 1.000000
 0.464485  0.000000 -0.456525 0 1.000000
-4.478248  0.000000  0.756761 0 1.000000
-1.833733  0.000000 -1.465041 0 1.000000
-1.737135  0.000000  0.210263 0 1.000000
-0.535053  0.000000  0.675364 0 1.000000
 1.418530  0.000000  0.339584 0 1.000000
 2.307784  0.000000 -0.293027 0 1.000000
-0.057764  0.000000 -1.516586 0 1.000000
 2.309074  0.000000  0.634495 0 1.000000
 1.819071  0.000000 -0.536107 0 1.000000
 4.691855  0.000000  0.300231 0 1.000000
 3.642451  0.000000 -0.334811 0 1.000000
 2.721625  0.000000  0.269656 0 1.000000
 3.639623  0.000000  0.929015 0 1.000000
-2.702265  0.000000  1.323809 0 1.000000
 2.440770  0.000000  2.026637 0 1.000000
 1.510535  0.000000 -1.262675 0 1.000000
 1.440420  0.000000 -1.558265 0 1.000000
 1.750586  0.000000 -1.588335 0 1.000000
 4.082121  0.000000  1.534826 0 1.000000
-0.660100  0.000000 -1.637391 0 1.000000
 4.125691  0.000000 -0.510179 0 1.000000
 1.424813  0.000000  2.414765 0 1.000000
 1.851441  0.000000  0.689722 0 1.000000
-3.748103  0.000000  1.781845 0 1.000000
 1.350964  0.000000 -1.343168 0 1.000000
-2.127003  0.000000 -0.796813 0 1.000000
 1.944950  0.000000  0.506527 0 1.000000
-0.425194  0.000000  0.640280 0 1.000000
 2.853417  0.000000  0.973840 0 1.000000
-1.359744  0.000000 -1.005796 0 1.000000
-3.368006  0.000000  1.265910 0 1.000000
-0.590050  0.000000 -1.601114 0 1.000000
 0.184764  0.000000  1.865405 0 1.000000
 2.755750  0.000000  1.981767 0 1.000000
-0.135861  0.000000 -1.556508 0 1.000000
 1.726938  0.000000  1.727550 0 1.000000
-0.746241  0.000000  1.347621 0 1.000000
 2.838793  0.000000  1.654809 0 1.000000
 1.869778  0.000000  1.994571 0 1.000000
 1.257305  0.000000  1.263955 0 1.000000
-3.406061  0.000000  0.941623 0 1.000000
 1.893593  0.000000  0.085980 0 1.000000
-3.149950  0.000000  1.239065 0 1.000000
 3.038388  0.000000 -1.042009 0 1.000000
 2.043944  0.000000  0.603617 0 1.000000
 1.427620  0.000000  1.980697 0 1.000000
-0.103957  0.000000 -0.326611 0 1.000000
-2.440312  0.000000  0.427603 0 1.000000
 0.913209  0.000000  0.503932 0 1.000000
 2.674766  0.000000  0.179891 0 1.000000
 1.707503  0.000000 -1.352937 0 1.000000
-2.192469  0.000000  0.435102 0 1.000000
 0.892416  0.000000  2.246482 0 1.000000
 0.223607  0.000000 -0.279450 0 1.000000
 1.161968  0.000000  1.946412 0 1.000000
 0.012014  0.000000 -0.041059 0 1.000000
 4.941955  0.000000  0.719651 0 1.000000
 0.777439  0.000000  1.347276 0 1.000000
-2.434009  0.000000  0.504095 0 1.000000
 0.339677  0.000000  0.084616 0 1.000000
 2.768139  0.000000  2.112291 0 1.000000
-1.562788  0.000000 -1.343071 0 1.000000
-1.147784  0.000000  0.977057 0 1.000000
 0.706285  0.000000 -1.713582 0 1.000000
 1.435010  0.000000  2.149620 0 1.000000
-1.783400  0.000000 -0.629635 0 1.000000
 3.920482  0.000000 -0.365088 0 1.000000
-3.558451  0.000000 -0.004825 0 1.000000
 2.062915  0.000000 -1.478489 0 1.000000
-0.788391  0.000000  2.113247 0 1.000000
 0.166283  0.000000 -0.787066 0 1.000000
 2.837407  0.000000  0.140264 0 1.000000
 2.764603  0.000000  1.701911 0 1.000000
-1.095255  0.000000  0.641253 0 1.000000
 1.917253  0.000000  0.214439 0 1.000000
 2.852543  0.000000 -0.028495 0 1.000000
 1.071339  0.000000  2.369537 0 1.000000
-2.045015  0.000000 -0.410905 0 1.000000
 4.988099  0.000000  0.208796 0 1.000000
 2.602967  0.000000 -0.634342 0 1.000000
-3.133373  0.000000 -0.156697 0 1.000000
-3.920224  0.000000  0.213335 0 1.000000
 3.315624  0.000000  1.014052 0 1.000000
 3.715114  0.000000 -0.458864 0 1.000000
 0.447691  0.000000  1.304261 0 1.000000
 4.151719  0.000000  0.379682 0 1.000000
-1.861679  0.000000  0.012846 0 1.000000
 4.540888  0.000000  0.302486 0 1.000000
-2.669056  0.000000  1.726895 0 1.000000
 0.815400  0.000000 -0.326866 0 1.000000
 3.460155  0.000000  0.437228 0 1.000000
 1.490986  0.000000  1.150350 0 1.000000
-4.023716  0.000000  0.731511 0 1.000000
-0.037855  0.000000  0.966096 0 1.000000
 3.189549  0.000000 -0.298164 0 1.000000
-3.701722  0.000000  1.182212 0 1.000000
 3.056533  0.000000 -0.332095 0 1.000000
 1.044433  0.000000 -1.477399 0 1.000000
 2.142858  0.000000  0.773761 0 1.000000
-0.403986  0.000000  1.952469 0 1.000000
-1.898110  0.000000  0.333939 0 1.000000
-0.473892  0.000000 -0.288045 0 1.000000
 0.258736  0.000000  0.719020 0 1.000000
 4.048073  0.000000  0.857219 0 1.000000
 1.740085  0.000000 -2.358387 0 1.000000
-0.492154  0.000000 -0.669669 0 1.000000
-2.522240  0.000000 -0.632593 0 1.000000
-0.496287  0.000000  0.090087 0 1.000000
 3.504654  0.000000  0.347524 0 1.000000
-1.840259  0.000000 -0.281119 0 1.000000
 0.809421  0.000000  1.056834 0 1.000000
 0.259228  0.000000  1.054752 0 1.000000
 2.036576  0.000000  0.520230 0 1.000000
-2.019832  0.000000  0.647847 0 1.000000
 3.726930  0.000000  0.055553 0 1.000000
 0.687163  0.000000 -1.763550 0 1.000000
-1.293288  0.000000  0.891142 0 1.000000
 1.967040  0.000000 -2.053127 0 1.000000
 0.649023  0.000000  0.725439 0 1.000000
 1.328072  0.000000  0.899350 0 1.000000
 4.926434  0.000000  0.252042 0 1.000000
 1.447473  0.000000 -0.844175 0 1.000000
 2.730141  0.000000  0.928605 0 1.000000
 1.741941  0.000000  2.027045 0 1.000000
-1.714378  0.000000  0.757408 0 1.000000
-1.950980  0.000000  1.196404 0 1.000000
 0.417323  0.000000 -1.043267 0 1.000000
 2.242034  0.000000  1.518364 0 1.000000
-2.956118  0.000000  1.392253 0 1.000000
-3.019578  0.000000  0.097466 0 1.000000
 2.520045  0.000000 -0.236788 0 1.000000
 1.214792  0.000000  1.185058 0 1.000000
-0.910261  0.000000 -0.111625 0 1.000000
-4.079648  0.000000  0.714587 0 1.000000
 2.259960  0.000000  0.383154 0 1.000000
 1.094887  0.000000  0.297594 0 1.000000
-2.190696  0.000000  0.512519 0 1.000000
 2.593998  0.000000  0.469341 0 1.000000
 1.350884  0.000000 -2.448605 0 1.000000
 3.475268  0.000000 -0.552831 0 1.000000
 0.195916  0.000000 -1.432606 0 1.000000
 1.951906  0.000000  0.419739 0 1.000000
-2.514572  0.000000 -0.285227 0 1.000000
 0.434974  0.000000 -1.426971 0 1.000000
-1.675373  0.000000 -0.291341 0 1.000000
 0.199993  0.000000 -1.934489 0 1.000000
 2.724900  0.000000  2.276668 0 1.000000
 0.054237  0.000000 -0.419299 0 1.000000
 1.399099  0.000000  0.504488 0 1.000000
-2.241296  0.000000  0.256828 0 1.000000
 2.598631  0.000000  1.566125 0 1.000000
 1.328836  0.000000  1.908996 0 1.000000
 2.725229  0.000000 -0.996173 0 1.000000
 0.439200  0.000000 -0.510614 0 1.000000
-1.668767  0.000000 -0.086854 0 1.000000
 0.511363  0.000000 -2.139736 0 1.000000
 3.121180  0.000000  0.768718 0 1.000000
-1.888017  0.000000 -0.111624 0 1.000000
 2.792975  0.000000  1.565594 0 1.000000
-3.142306  0.000000  1.490797 0 1.000000
-1.696409  0.000000 -0.030506 0 1.000000
-0.898199  0.000000  0.467835 0 1.000000
-1.654879  0.000000 -0.491762 0 1.000000
-0.829444  0.000000  1.177137 0 1.000000
 4.239239  0.000000  1.438018 0 1.000000
 0.798070  0.000000  2.149502 0 1.000000
-1.636183  0.000000  1.561120 0 1.000000
 1.551285  0.000000  1.449076 0 1.000000
 1.851781  0.000000  1.767520 0 1.000000
-3.006049  0.000000  0.811854 0 1.000000
 3.763628  0.000000 -0.713190 0 1.000000
-3.423199  0.000000  0.840091 0 1.000000
 0.630108  0.000000  0.687793 0 1.000000
 3.333774  0.000000  0.214839 0 1.000000
 1.579354  0.000000 -2.488852 0 1.000000
 1.722418  0.000000 -0.364694 0 1.000000
-2.821732  0.000000  1.688581 0 1.000000
-3.725172  0.000000  0.973826 0 1.000000
 0.775632  0.000000 -0.931041 0 1.000000
 0.188903  0.000000 -1.844460 0 1.000000
-0.713867  0.000000 -0.121088 0 1.000000
-4.050422  0.000000  0.927417 0 1.000000
 3.438588  0.000000  0.966269 0 1.000000
 2.831168  0.000000  1.438642 0 1.000000
 2.275363  0.000000  1.857942 0 1.000000
 0.873541  0.000000  2.463111 0 1.000000
 3.812993  0.000000 -0.539307 0 1.000000
-0.296976  0.000000  0.420645 0 1.000000
 1.435053  0.000000 -1.058130 0 1.000000
-3.516285  0.000000  0.943971 0 1.000000
 0.998477  0.000000  1.895912 0 1.000000
-1.345382  0.000000  1.239888 0 1.000000
-3.796153  0.000000  0.256652 0 1.000000
-1.491915  0.000000  0.972534 0 1.000000
 2.534697  0.000000 -0.670068 0 1.000000
 4.175353  0.000000  0.172499 0 1.000000
 1.841565  0.000000 -1.506234 0 1.000000
-1.057657  0.000000 -0.539090 0 1.000000
-3.650471  0.000000  1.192093 0 1.000000
-1.316113  0.000000  0.177554 0 1.000000
-2.001028  0.000000 -0.748225 0 1.000000
 4.588906  0.000000  0.973667 0 1.000000
-0.027299  0.000000 -0.972563 0 1.000000
 2.853600  0.000000 -0.295801 0 1.000000
 0.510274  0.000000 -2.054517 0 1.000000
 3.509462  0.000000  1.772097 0 1.000000
 0.935702  0.000000 -0.281459 0 1.000000
 0.896412  0.000000  1.066113 0 1.000000
-4.531325  0.000000  1.190655 0 1.000000
-2.225645  0.000000  0.558586 0 1.000000
-1.751262  0.000000 -0.918999 0 1.000000
-0.024661  0.000000  1.144271 0 1.000000
 1.764461  0.000000  0.902415 0 1.000000
-3.562315  0.000000  0.090258 0 1.000000
-0.167587  0.000000 -2.072092 0 1.000000
-4.237582  0.000000  1.282051 0 1.000000
 0.198417  0.000000  1.694135 0 1.000000
-3.001195  0.000000  1.492798 0 1.000000
-2.371364  0.000000  0.717808 0 1.000000
-4.358071  0.000000  1.473309 0 1.000000
 0.196806  0.000000  2.196690 0 1.000000
 1.550697  0.000000  0.084113 0 1.000000
 1.486542  0.000000  0.646202 0 1.000000
 3.241976  0.000000  0.890059 0 1.000000
-0.758038  0.000000  0.554300 0 1.000000
 2.755413  0.000000 -1.129888 0 1.000000
-1.207543  0.000000  0.728125 0 1.000000
 1.261548  0.000000 -0.840649 0 1.000000
-3.882084  0.000000  0.721003 0 1.000000
-2.618835  0.000000  0.716451 0 1.000000
-0.440447  0.000000 -0.410261 0 1.000000
 4.712775  0.000000  0.423525 0 1.000000
 2.653780  0.000000  0.642018 0 1.000000
 1.912713  0.000000 -1.130349 0 1.000000
-0.915884  0.000000 -1.046360 0 1.000000
 0.795316  0.000000  0.306915 0 1.000000
 0.880239  0.000000 -1.845968 0 1.000000
-4.119410  0.000000  1.493227 0 1.000000
 2.218673  0.000000 -0.801766 0 1.000000
 1.503682  0.000000  0.512589 0 1.000000
 1.780234  0.000000 -0.123851 0 1.000000
 1.524637  0.000000 -2.315538 0 1.000000
-3.302740  0.000000 -0.033891 0 1.000000
 2.085207  0.000000 -0.426400 0 1.000000
 1.691785  0.000000  0.774457 0 1.000000
 4.095045  0.000000  0.015556 0 1.000000
 0.813435  0.000000 -1.086580 0 1.000000
 0.889588  0.000000 -2.574031 0 1.000000
-2.285946  0.000000 -0.253920 0 1.000000
 1.101815  0.000000 -0.116491 0 1.000000
 3.409767  0.000000 -0.248478 0 1.000000
-4.454725  0.000000  0.646168 0 1.000000
-4.506021  0.000000  0.977813 0 1.000000
 2.648979  0.000000  0.042524 0 1.000000
 1.617219  0.000000 -1.465800 0 1.000000
 2.115552  0.000000 -1.057725 0 1.000000
 4.021399  0.000000 -0.705937 0 1.000000
 0.131759  0.000000 -0.247771 0 1.000000
 2.758213  0.000000 -0.034001 0 1.000000
-3.069326  0.000000  1.270070 0 1.000000
 1.043906  0.000000 -2.233307 0 1.000000
-1.330938  0.000000 -0.921095 0 1.000000
 4.666783  0.000000  1.269359 0 1.000000
 0.308279  0.000000  1.813372 0 1.000000
 3.527805  0.000000 -0.535491 0 1.000000
 1.208717  0.000000  0.844929 0 1.000000
 1.464680  0.000000 -1.677971 0 1.000000
-1.439863  0.000000 -1.297097 0 1.000000
 1.020854  0.000000 -0.912813 0 1.000000
 0.643307  0.000000 -0.962469 0 1.000000
 4.848126  0.000000  0.476735 0 1.000000
-0.225135  0.000000  1.146578 0 1.000000
-1.292694  0.000000 -1.549249 0 1.000000
-0.266462  0.000000  0.894880 0 1.000000
-0.082741  0.000000  2.069366 0 1.000000
 2.111039  0.000000  1.222645 0 1.000000
-0.910150  0.000000 -0.371582 0 1.000000
-1.995259  0.000000 -0.335190 0 1.000000
-1.581960  0.000000  1.733449 0 1.000000
-0.354082  0.000000  1.533470 0 1.000000
 3.586244  0.000000  0.890131 0 1.000000
 1.803236  0.000000  0.351658 0 1.000000
-0.263273  0.000000  1.730897 0 1.000000
-0.541200  0.000000 -1.768591 0 1.000000
 2.746208  0.000000  0.301210 0 1.000000
 0.463368  0.000000 -0.707119 0 1.000000
-2.759692  0.000000  1.308732 0 1.000000
 2.093371  0.000000  0.183034 0 1.000000
 4.022555  0.000000  1.729115 0 1.000000
 2.010844  0.000000 -0.542942 0 1.000000
 3.784558  0.000000  0.177601 0 1.000000
 0.630036  0.000000 -0.834922 0 1.000000
 4.135929  0.000000 -0.589109 0 1.000000
-0.222150  0.000000 -0.715364 0 1.000000
-1.570135  0.000000 -0.166980 0 1.000000
 1.332151  0.000000 -1.058498 0 1.000000
-2.841445  0.000000  1.525819 0 1.000000
-0.737003  0.000000 -1.856165 0 1.000000
-0.847256  0.000000 -0.879839 0 1.000000
 1.966648  0.000000 -0.208638 0 1.000000
 1.007813  0.000000  1.430159 0 1.000000
 2.819992  0.000000 -0.745940 0 1.000000
-2.042480  0.000000 -1.516722 0 1.000000
 1.014522  0.000000 -1.184540 0 1.000000
 1.039195  0.000000  1.652226 0 1.000000
 2.935331  0.000000  1.821606 0 1.000000
-1.954308  0.000000  0.774238 0 1.000000
-0.665742  0.000000  1.229091 0 1.000000
 4.060235  0.000000  1.308799 0 1.000000
-0.678692  0.000000  1.019752 0 1.000000
 3.557623  0.000000 -0.084286 0 1.000000
 2.426619  0.000000 -0.925050 0 1.000000
-0.824037  0.000000  1.092829 0 1.000000
 4.338443  0.000000  1.278062 0 1.000000
-0.899906  0.000000  0.713878 0 1.000000
 3.547950  0.000000  1.353334 0 1.000000
-1.785498  0.000000 -0.213510 0 1.000000
-0.519801  0.000000 -0.709028 0 1.000000
 2.118876  0.000000  0.381738 0 1.000000
 3.837218  0.000000  1.609366 0 1.000000
-2.694778  0.000000  1.024885 0 1.000000
 3.737797  0.000000  0.763760 0 1.000000
 0.262763  0.000000 -2.402267 0 1.000000
-0.297442  0.000000  1.008882 0 1.000000
 2.194402  0.000000  1.515324 0 1.000000
-0.505978  0.000000  1.491507 0 1.000000
-1.460274  0.000000 -1.765848 0 1.000000
-1.694986  0.000000 -0.379342 0 1.000000
-1.221576  0.000000  0.266433 0 1.000000
 3.507584  0.000000  0.094207 0 1.000000
-3.367616  0.000000  0.006379 0 1.000000
 1.158414  0.000000  1.275002 0 1.000000
-3.594196  0.000000  0.632695 0 1.000000
 0.922992  0.000000  1.267549 0 1.000000
 1.953448  0.000000  0.595029 0 1.000000
 2.873205  0.000000 -0.829816 0 1.000000
-2.022978  0.000000  0.561271 0 1.000000
-0.447568  0.000000  0.092702 0 1.000000
 0.846284  0.000000  1.050701 0 1.000000
-0.058074  0.000000  2.205304 0 1.000000
 0.253072  0.000000  0.213853 0 1.000000
-1.219068  0.000000  0.757370 0 1.000000
 3.333570  0.000000  1.830181 0 1.000000
-0.157138  0.000000  0.164339 0 1.000000
 2.240382  0.000000  0.435141 0 1.000000
 1.491098  0.000000 -1.731249 0 1.000000
-1.334564  0.000000 -0.294454 0 1.000000
 0.710295  0.000000  1.978875 0 1.000000
 0.058066  0.000000 -1.976025 0 1.000000
-1.270699  0.000000 -1.084140 0 1.000000
 2.477092  0.000000 -0.914571 0 1.000000
-0.613355  0.000000  0.982049 0 1.000000
-0.878092  0.000000 -1.080610 0 1.000000
-2.729171  0.000000  0.675200 0 1.000000
-0.278238  0.000000 -2.136118 0 1.000000
 3.074721  0.000000 -0.670800 0 1.000000
-0.298163  0.000000  0.856641 0 1.000000
-0.435781  0.000000  0.518795 0 1.000000
 3.701617  0.000000  0.674804 0 1.000000
-2.797849  0.000000  0.647986 0 1.000000
-1.202158  0.000000 -1.815065 0 1.000000
-1.818085  0.000000 -0.576218 0 1.000000
 0.651018  0.000000  0.807144 0 1.000000
-2.396935  0.000000 -0.083698 0 1.000000
 0.764758  0.000000 -1.860741 0 1.000000
 0.631076  0.000000 -1.258515 0 1.000000
 1.189874  0.000000 -1.643696 0 1.000000
 0.235186  0.000000  1.857007 0 1.000000
 1.097928  0.000000 -1.466037 0 1.000000
 2.108099  0.000000  0.638465 0 1.000000
-2.693702  0.000000  1.768550 0 1.000000
 4.612820  0.000000  0.432679 0 1.000000
 3.744338  0.000000  0.927609 0 1.000000
 0.200488  0.000000  0.514155 0 1.000000
-3.181533  0.000000  1.109870 0 1.000000
-2.816449  0.000000  1.825014 0 1.000000
 0.926528  0.000000 -1.687074 0 1.000000
 3.584498  0.000000  1.744758 0 1.000000
 3.866163  0.000000  1.734220 0 1.000000
 0.759189  0.000000  0.968912 0 1.000000
-1.804542  0.000000 -1.262188 0 1.000000
 0.216886  0.000000  1.395787 0 1.000000
 1.682585  0.000000  1.994782 0 1.000000
-1.004259  0.000000  1.642696 0 1.000000
 1.123157  0.000000 -0.405893 0 1.000000
 0.084200  0.000000  1.352359 0 1.000000
 1.072705  0.000000 -0.244995 0 1.000000
-1.924318  0.000000  1.137569 0 1.000000
-0.784768  0.000000  0.586816 0 1.000000
-2.532832  0.000000 -0.575561 0 1.000000
-1.134337  0.000000 -0.747837 0 1.000000
 2.037047  0.000000 -0.000489 0 1.000000
 3.914839  0.000000  1.820699 0 1.000000
 0.850310  0.000000  1.817067 0 1.000000
 0.603184  0.000000  1.814775 0 1.000000
-0.306687  0.000000 -2.022752 0 1.000000
-3.448102  0.000000  0.966164 0 1.000000
-1.739601  0.000000 -0.803293 0 1.000000
 2.289384  0.000000 -0.164318 0 1.000000
 3.596500  0.000000  1.779903 0 1.000000
 2.438155  0.000000  1.699633 0 1.000000
-0.736007  0.000000  0.764834 0 1.000000
 3.070007  0.000000 -0.492299 0 1.000000
 0.536111  0.000000 -1.596497 0 1.000000
 0.407016  0.000000 -0.117652 0 1.000000
 4.085358  0.000000  0.091209 0 1.000000
-0.622563  0.000000  1.647556 0 1.000000
 3.558730  0.000000 -0.503835 0 1.000000
-2.858522  0.000000  1.642771 0 1.000000
 1.441246  0.000000 -1.311043 0 1.000000
-2.848868  0.000000  0.474413 0 1.000000
-1.304402  0.000000  2.064043 0 1.000000
-0.516794  0.000000 -0.297464 0 1.000000
 1.974471  0.000000 -0.963439 0 1.000000
 0.407112  0.000000  1.641033 0 1.000000
-3.000643  0.000000  1.065981 0 1.000000
 1.581209  0.000000 -1.055499 0 1.000000
-0.509973  0.000000  0.042821 0 1.000000
-3.084430  0.000000  0.340992 0 1.000000
-0.677588  0.000000 -1.692421 0 1.000000
-3.188919  0.000000  1.913309 0 1.000000
 0.366177  0.000000  1.815972 0 1.000000
 3.530232  0.000000  0.899971 0 1.000000
 1.580551  0.000000  0.042429 0 1.000000
 0.172146  0.000000  1.484001 0 1.000000
-2.932747  0.000000  1.348123 0 1.000000
-0.754419  0.000000  0.308298 0 1.000000
 3.535710  0.000000  1.480267 0 1.000000
-0.856225  0.000000  0.139418 0 1.000000
 0.340360  0.000000 -0.492095 0 1.000000
-4.470425  0.000000  1.305038 0 1.000000
 4.791190  0.000000  1.051364 0 1.000000
-1.588244  0.000000  1.816348 0 1.000000
 4.520991  0.000000 -0.154575 0 1.000000
-1.881982  0.000000 -1.297984 0 1.000000
 0.360125  0.000000  0.471008 0 1.000000
-1.696101  0.000000  0.039226 0 1.000000
 1.157151  0.000000 -2.010341 0 1.000000
 1.895087  0.000000 -0.084179 0 1.000000
 1.301515  0.000000 -2.356199 0 1.000000
 1.108952  0.000000  2.461015 0 1.000000
 1.392231  0.000000  1.908805 0 1.000000
-3.017174  0.000000  0.938193 0 1.000000
-0.665823  0.000000  0.555483 0 1.000000
 1.941044  0.000000 -0.321236 0 1.000000
 2.676369  0.000000  0.433867 0 1.000000
 3.498764  0.000000  0.849102 0 1.000000
-2.036726  0.000000 -0.630736 0 1.000000
 3.229104  0.000000  0.211112 0 1.000000
 1.040949  0.000000 -2.319193 0 1.000000
 0.278744  0.000000 -0.238281 0 1.000000
-2.444888  0.000000 -0.752614 0 1.000000
 0.078634  0.000000  1.492663 0 1.000000
 0.972530  0.000000 -1.589068 0 1.000000
 2.573382  0.000000  1.865881 0 1.000000
 0.361426  0.000000  1.653642 0 1.000000
 2.921524  0.000000  2.196108 0 1.000000
-1.548510  0.000000 -1.048504 0 1.000000
 3.109997  0.000000  0.603112 0 1.000000
 0.258877  0.000000 -0.872352 0 1.000000
 0.557431  0.000000  0.717735 0 1.000000
-1.412465  0.000000  0.932670 0 1.000000
-1.445261  0.000000  1.229837 0 1.000000
-0.621583  0.000000 -1.552775 0 1.000000
 4.566703  0.000000  0.772241 0 1.000000
 0.180432  0.000000 -1.347055 0 1.000000
 4.754265  0.000000  0.640489 0 1.000000
 2.618091  0.000000  1.860664 0 1.000000
 2.879340  0.000000 -0.169724 0 1.000000
 2.133655  0.000000  2.207497 0 1.000000
-1.462825  0.000000 -1.849389 0 1.000000
 0.645207  0.000000 -1.047102 0 1.000000
 1.438003  0.000000  0.054028 0 1.000000
 1.686507  0.000000  0.639180 0 1.000000
-3.228056  0.000000  0.097981 0 1.000000
-0.470767  0.000000 -0.532383 0 1.000000
 2.422012  0.000000  1.181384 0 1.000000
 3.313293  0.000000  1.273478 0 1.000000
-0.727937  0.000000  1.176944 0 1.000000
 1.929158  0.000000 -0.633625 0 1.000000
 1.824524  0.000000 -2.140963 0 1.000000
 3.518692  0.000000  0.635950 0 1.000000
-0.563583  0.000000  0.310211 0 1.000000
-1.830486  0.000000  1.067568 0 1.000000
 3.682352  0.000000  1.150878 0 1.000000
-1.553787  0.000000 -1.770138 0 1.000000
 3.119707  0.000000 -0.744563 0 1.000000
 0.480495  0.000000  1.011003 0 1.000000
-3.075171  0.000000  0.936830 0 1.000000
 2.417155  0.000000  0.225862 0 1.000000
-3.760419  0.000000  0.342726 0 1.000000
-1.374266  0.000000  1.449338 0 1.000000
 0.975051  0.000000 -2.347241 0 1.000000
 1.630026  0.000000  1.227090 0 1.000000
 2.509565  0.000000  0.215640 0 1.000000
-2.353000  0.000000  1.443122 0 1.000000
-2.609728  0.000000  1.474435 0 1.000000
 1.404580  0.000000  0.688334 0 1.000000
 4.064871  0.000000 -0.200645 0 1.000000
 0.747198  0.000000 -1.132468 0 1.000000
-2.251790  0.000000  1.698952 0 1.000000
 4.820830  0.000000 -0.075862 0 1.000000
-0.587258  0.000000 -0.498002 0 1.000000
 1.936706  0.000000 -0.251092 0 1.000000
 0.949384  0.000000 -0.119129 0 1.000000
 3.848592  0.000000  1.779794 0 1.000000
 0.363600  0.000000  2.082134 0 1.000000
-1.000922  0.000000 -1.216867 0 1.000000
-0.208549  0.000000 -1.347441 0 1.000000
 1.107327  0.000000  2.376151 0 1.000000
-2.785449  0.000000  1.008743 0 1.000000
-0.677765  0.000000 -0.417178 0 1.000000
-0.933786  0.000000  0.090831 0 1.000000
 1.862068  0.000000  0.213016 0 1.000000
 2.546306  0.000000  1.827343 0 1.000000
 1.620330  0.000000  0.549070 0 1.000000
-0.081808  0.000000  2.244051 0 1.000000
 4.089534  0.000000 -0.502985 0 1.000000
-2.122415  0.000000 -1.549789 0 1.000000
-1.734051  0.000000  0.733556 0 1.000000
-2.227708  0.000000 -0.797601 0 1.000000
 1.975246  0.000000  1.564309 0 1.000000
 1.609121  0.000000 -1.773027 0 1.000000
 5.069736  0.000000  0.349837 0 1.000000
-1.581756  0.000000 -1.805443 0 1.000000
 4.518751  0.000000  1.446386 0 1.000000
-0.849876  0.000000 -1.227016 0 1.000000
-3.240906  0.000000  1.232745 0 1.000000
-0.200453  0.000000 -1.508329 0 1.000000
 3.908051  0.000000  0.721575 0 1.000000
 1.854091  0.000000  2.541970 0 1.000000
 0.480792  0.000000 -1.180445 0 1.000000
 1.533888  0.000000  0.311650 0 1.000000
-2.848313  0.000000 -0.042026 0 1.000000
-0.707906  0.000000  0.885747 0 1.000000
 1.142415  0.000000  2.157791 0 1.000000
 1.909332  0.000000 -0.955772 0 1.000000
-1.769536  0.000000 -0.507585 0 1.000000
-0.194827  0.000000  1.946612 0 1.000000
-1.110954  0.000000 -0.215392 0 1.000000
 0.236116  0.000000 -0.338510 0 1.000000
-0.021680  0.000000 -0.283217 0 1.000000
 1.013585  0.000000  0.852375 0 1.000000
 0.869789  0.000000  2.039753 0 1.000000
-1.422165  0.000000  1.008715 0 1.000000
-1.631720  0.000000  2.083801 0 1.000000
 1.976031  0.000000  1.233601 0 1.000000
 2.246016  0.000000 -0.327717 0 1.000000
 2.254642  0.000000  0.551726 0 1.000000
 0.919633  0.000000 -0.331633 0 1.000000
-1.556252  0.000000  1.600480 0 1.000000
 3.312518  0.000000  0.253044 0 1.000000
 3.916104  0.000000 -0.455362 0 1.000000
 0.556440  0.000000  2.333675 0 1.000000
 2.928558  0.000000  0.680940 0 1.000000
 2.464594  0.000000  1.146947 0 1.000000
-1.971575  0.000000 -0.448308 0 1.000000
-2.362064  0.000000  1.143900 0 1.000000
-1.921796  0.000000  1.814401 0 1.000000
 0.432825  0.000000  0.938693 0 1.000000
-0.289078  0.000000 -0.762435 0 1.000000
 2.593699  0.000000 -1.039732 0 1.000000
-1.093463  0.000000 -1.142259 0 1.000000
-1.582837  0.000000 -1.041387 0 1.000000
 0.658341  0.000000  0.640894 0 1.000000
 0.242272  0.000000  1.270129 0 1.000000
 1.631852  0.000000  1.070832 0 1.000000
 1.326982  0.000000  1.984624 0 1.000000
 0.872724  0.000000  1.861113 0 1.000000
 0.318651  0.000000  1.052243 0 1.000000
-2.207640  0.000000  1.866402 0 1.000000
 0.260791  0.000000  0.475694 0 1.000000
-1.037125  0.000000 -2.011269 0 1.000000
 1.462470  0.000000  0.090941 0 1.000000
-0.959754  0.000000 -1.641988 0 1.000000
-1.093417  0.000000 -1.713483 0 1.000000
 3.617501  0.000000  1.725278 0 1.000000
-3.313412  0.000000  1.195251 0 1.000000
-2.435731  0.000000 -0.489879 0 1.000000
-2.633286  0.000000  1.616591 0 1.000000
 2.591834  0.000000 -0.544444 0 1.000000
-1.827813  0.000000 -0.620891 0 1.000000
 4.062552  0.000000  1.066220 0 1.000000
 1.947241  0.000000 -0.155437 0 1.000000
 3.034008  0.000000 -0.372015 0 1.000000
 1.327583  0.000000  0.982457 0 1.000000
-0.877808  0.000000 -1.010145 0 1.000000
 0.530877  0.000000 -1.675352 0 1.000000
-2.182538  0.000000 -0.626377 0 1.000000
-2.594754  0.000000  0.169099 0 1.000000
 0.309287  0.000000 -0.547141 0 1.000000
 0.990288  0.000000 -1.461609 0 1.000000
 1.596018  0.000000  1.266785 0 1.000000
-2.471900  0.000000  0.629392 0 1.000000
-2.439405  0.000000 -1.006917 0 1.000000
 1.949409  0.000000  0.756087 0 1.000000
 1.673319  0.000000 -0.122239 0 1.000000
 1.988658  0.000000  0.682988 0 1.000000
-0.396893  0.000000 -0.752073 0 1.000000
 1.131256  0.000000 -0.296048 0 1.000000
 3.238446  0.000000 -0.287052 0 1.000000
 4.453076  0.000000  0.047113 0 1.000000
-0.142631  0.000000  0.336714 0 1.000000
 0.902018  0.000000  0.311120 0 1.000000
-3.162172  0.000000 -0.084629 0 1.000000
-2.116604  0.000000  0.225030 0 1.000000
 3.901734  0.000000  0.769405 0 1.000000
 3.850698  0.000000  0.100925 0 1.000000
-4.200078  0.000000  0.424965 0 1.000000
 1.210846  0.000000 -2.184124 0 1.000000
-0.541451  0.000000  0.599441 0 1.000000
-1.036472  0.000000  0.598601 0 1.000000
-3.385273  0.000000  0.559841 0 1.000000
 2.524315  0.000000 -0.506536 0 1.000000
-2.329414  0.000000 -0.278857 0 1.000000
 1.817677  0.000000  1.653138 0 1.000000
-0.683380  0.000000  2.115226 0 1.000000
 0.390692  0.000000 -0.173494 0 1.000000
-0.589247  0.000000 -0.997005 0 1.000000
 1.038039  0.000000 -2.401582 0 1.000000
 4.447413  0.000000  1.476679 0 1.000000
 0.337487  0.000000 -0.924499 0 1.000000
 3.495381  0.000000  0.687602 0 1.000000
-0.243244  0.000000 -0.670787 0 1.000000
-2.945677  0.000000  0.546856 0 1.000000
-1.725092  0.000000  0.308950 0 1.000000
 2.258323  0.000000  2.084031 0 1.000000
-0.486708  0.000000 -0.917581 0 1.000000
 1.089614  0.000000  2.159197 0 1.000000
-4.040116  0.000000  1.098902 0 1.000000
-0.878798  0.000000  0.347149 0 1.000000
 3.813910  0.000000 -0.802914 0 1.000000
-0.104168  0.000000  1.781623 0 1.000000
 2.820030  0.000000  0.755635 0 1.000000
 3.136441  0.000000  1.225177 0 1.000000
 1.990883  0.000000 -0.834222 0 1.000000
 0.096436  0.000000 -2.195180 0 1.000000
-3.881531  0.000000  1.558814 0 1.000000
-3.197109  0.000000 -0.116488 0 1.000000
-3.126372  0.000000  0.079908 0 1.000000
 1.437853  0.000000  0.562956 0 1.000000
-3.777592  0.000000  1.472865 0 1.000000
 1.236158  0.000000  1.894419 0 1.000000
 3.699442  0.000000  1.365804 0 1.000000
 3.142937  0.000000  0.727725 0 1.000000
 0.697004  0.000000 -0.282432 0 1.000000
-1.105856  0.000000 -1.901582 0 1.000000
 4.712570  0.000000  0.931272 0 1.000000
 2.962876  0.000000 -0.926281 0 1.000000
-3.326934  0.000000  1.783538 0 1.000000
-0.130494  0.000000 -1.891087 0 1.000000
 0.380333  0.000000 -2.009367 0 1.000000
-1.813189  0.000000  1.786151 0 1.000000
-1.814272  0.000000 -0.506759 0 1.000000
 1.880365  0.000000  1.062276 0 1.000000
-0.426255  0.000000 -2.063798 0 1.000000
 3.404496  0.000000  1.775092 0 1.000000
-4.330917  0.000000  0.845225 0 1.000000
 2.055570  0.000000  1.134609 0 1.000000
 0.319401  0.000000 -1.648806 0 1.000000
 0.506456  0.000000 -1.967146 0 1.000000
-3.027780  0.000000  1.948200 0 1.000000
-1.358486  0.000000 -0.592968 0 1.000000
 1.953593  0.000000  1.684954 0 1.000000
 1.368164  0.000000  0.424811 0 1.000000
-2.052389  0.000000  1.262341 0 1.000000
 0.862090  0.000000 -1.343530 0 1.000000
-3.381352  0.000000  1.146858 0 1.000000
 3.336925  0.000000  0.891361 0 1.000000
 0.886935  0.000000  1.993858 0 1.000000
-1.323938  0.000000 -1.261821 0 1.000000
 0.612168  0.000000 -0.547455 0 1.000000
 0.263279  0.000000  0.883529 0 1.000000
 1.647527  0.000000  0.174553 0 1.000000
-1.705962  0.000000  0.346585 0 1.000000
 4.841226  0.000000  0.126247 0 1.000000
-1.493337  0.000000 -1.812574 0 1.000000
-1.214449  0.000000 -0.749374 0 1.000000
-2.472644  0.000000  0.731986 0 1.000000
 2.348542  0.000000  1.058852 0 1.000000
-1.996074  0.000000  0.856516 0 1.000000
 1.475558  0.000000 -2.396496 0 1.000000
-0.826816  0.000000  1.941724 0 1.000000
 1.275934  0.000000 -1.039433 0 1.000000
-3.511201  0.000000  0.860147 0 1.000000
-2.394565  0.000000  1.354696 0 1.000000
-2.674387  0.000000 -0.249483 0 1.000000
 1.178414  0.000000 -1.721953 0 1.000000
 3.885492  0.000000  1.519010 0 1.000000
-1.396934  0.000000 -1.713865 0 1.000000
-0.227575  0.000000 -1.050964 0 1.000000
-2.652693  0.000000  0.892776 0 1.000000
 1.360860  0.000000  0.251865 0 1.000000
 1.739039  0.000000  0.842493 0 1.000000
 0.594590  0.000000  1.408245 0 1.000000
 2.061501  0.000000  2.067584 0 1.000000
 1.511496  0.000000 -1.602249 0 1.000000
 4.168330  0.000000 -0.115180 0 1.000000
 1.905113  0.000000  2.038019 0 1.000000
-3.361882  0.000000  1.613703 0 1.000000
-3.603957  0.000000  1.692981 0 1.000000
 1.183292  0.000000  1.995547 0 1.000000
-1.912323  0.000000 -0.676965 0 1.000000
-1.823138  0.000000  1.396989 0 1.000000
-2.885712  0.000000  1.526092 0 1.000000
-1.557844  0.000000  0.085311 0 1.000000
-1.379592  0.000000 -1.506030 0 1.000000
-0.249730  0.000000  1.265480 0 1.000000
-1.465723  0.000000  1.441587 0 1.000000
 1.364091  0.000000 -1.250061 0 1.000000
 2.846575  0.000000 -0.971416 0 1.000000
 0.753601  0.000000 -0.371638 0 1.000000
 2.133577  0.000000 -0.925135 0 1.000000
-2.456588  0.000000 -1.226297 0 1.000000
-0.708733  0.000000 -1.895972 0 1.000000
-2.156737  0.000000  1.346910 0 1.000000
 1.922705  0.000000 -0.791987 0 1.000000
 2.327345  0.000000  2.113271 0 1.000000
 0.537674  0.000000  0.858999 0 1.000000
-1.124800  0.000000  1.852297 0 1.000000
-1.375456  0.000000  0.011798 0 1.000000
 0.578150  0.000000 -0.161624 0 1.000000
