# Generated random point cloud for mesh3d
# Format: x y z fixed mass
# Count: 4800
# Seed: 42
-8 0 -8 1 1
-7.768116 0 -8 1 1
-7.536232 0 -8 1 1
-7.304348 0 -8 1 1
-7.072464 0 -8 1 1
-6.84058 0 -8 1 1
-6.608696 0 -8 1 1
-6.376812 0 -8 1 1
-6.144928 0 -8 1 1
-5.913043 0 -8 1 1
-5.681159 0 -8 1 1
-5.449275 0 -8 1 1
-5.217391 0 -8 1 1
-4.985507 0 -8 1 1
-4.753623 0 -8 1 1
-4.521739 0 -8 1 1
-4.289855 0 -8 1 1
-4.057971 0 -8 1 1
-3.826087 0 -8 1 1
-3.594203 0 -8 1 1
-3.362319 0 -8 1 1
-3.130435 0 -8 1 1
-2.898551 0 -8 1 1
-2.666667 0 -8 1 1
-2.434783 0 -8 1 1
-2.202899 0 -8 1 1
-1.971014 0 -8 1 1
-1.73913 0 -8 1 1
-1.507246 0 -8 1 1
-1.275362 0 -8 1 1
-1.043478 0 -8 1 1
-0.811594 0 -8 1 1
-0.57971 0 -8 1 1
-0.347826 0 -8 1 1
-0.115942 0 -8 1 1
0.115942 0 -8 1 1
0.347826 0 -8 1 1
0.57971 0 -8 1 1
0.811594 0 -8 1 1
1.043478 0 -8 1 1
1.275362 0 -8 1 1
1.507246 0 -8 1 1
1.73913 0 -8 1 1
1.971014 0 -8 1 1
2.202899 0 -8 1 1
2.434783 0 -8 1 1
2.666667 0 -8 1 1
2.898551 0 -8 1 1
3.130435 0 -8 1 1
3.362319 0 -8 1 1
3.594203 0 -8 1 1
3.826087 0 -8 1 1
4.057971 0 -8 1 1
4.289855 0 -8 1 1
4.521739 0 -8 1 1
4.753623 0 -8 1 1
4.985507 0 -8 1 1
5.217391 0 -8 1 1
5.449275 0 -8 1 1
5.681159 0 -8 1 1
5.913043 0 -8 1 1
6.144928 0 -8 1 1
6.376812 0 -8 1 1
6.608696 0 -8 1 1
6.84058 0 -8 1 1
7.072464 0 -8 1 1
7.304348 0 -8 1 1
7.536232 0 -8 1 1
7.768116 0 -8 1 1
8 0 -8 1 1
-8 0 -7.764706 1 1
-7.756477 0 -7.80494 1 1
-7.555012 0 -7.788152 1 1
-7.284608 0 -7.749738 1 1
-7.039725 0 -7.799695 1 1
-6.847098 0 -7.804535 1 1
-6.632183 0 -7.764252 1 1
-6.416336 0 -7.790216 1 1
-6.132415 0 -7.760899 1 1
-5.936381 0 -7.757145 1 1
-5.655329 0 -7.806508 1 1
-5.423746 0 -7.747922 1 1
-5.230727 0 -7.793889 1 1
-4.94734 0 -7.778547 1 1
-4.78762 0 -7.798866 1 1
-4.492731 0 -7.75592 1 1
-4.264217 0 -7.745246 1 1
-4.054947 0 -7.72463 1 1
-3.836227 0 -7.760298 1 1
-3.566705 0 -7.754667 1 1
-3.332124 0 -7.758154 1 1
-3.113357 0 -7.803177 1 1
-2.921265 0 -7.782546 1 1
-2.701745 0 -7.78734 1 1
-2.46809 0 -7.783513 1 1
-2.191572 0 -7.776155 1 1
-1.981852 0 -7.789312 1 1
-1.758583 0 -7.727719 1 1
-1.494889 0 -7.755462 1 1
-1.302815 0 -7.745297 1 1
-1.071577 0 -7.774917 1 1
-0.77073 0 -7.752847 1 1
-0.574956 0 -7.749068 1 1
-0.319205 0 -7.741327 1 1
-0.138561 0 -7.80434 1 1
0.100536 0 -7.78438 1 1
0.323699 0 -7.727189 1 1
0.611129 0 -7.780404 1 1
0.82457 0 -7.773546 1 1
1.078084 0 -7.768191 1 1
1.255735 0 -7.786168 1 1
1.512369 0 -7.784803 1 1
1.746192 0 -7.731008 1 1
1.962617 0 -7.788481 1 1
2.244432 0 -7.763899 1 1
2.400632 0 -7.803068 1 1
2.634081 0 -7.75391 1 1
2.922933 0 -7.771299 1 1
3.093999 0 -7.774733 1 1
3.403734 0 -7.76224 1 1
3.633528 0 -7.734146 1 1
3.785306 0 -7.746009 1 1
4.07314 0 -7.761574 1 1
4.27039 0 -7.752766 1 1
4.489312 0 -7.770232 1 1
4.74976 0 -7.726265 1 1
5.016883 0 -7.784748 1 1
5.21744 0 -7.791926 1 1
5.483721 0 -7.733321 1 1
5.664334 0 -7.752936 1 1
5.92214 0 -7.794112 1 1
6.166841 0 -7.76137 1 1
6.400071 0 -7.762135 1 1
6.567004 0 -7.779601 1 1
6.800466 0 -7.728359 1 1
7.104079 0 -7.736612 1 1
7.288279 0 -7.802152 1 1
7.567787 0 -7.726847 1 1
7.733527 0 -7.765893 1 1
8 0 -7.764706 1 1
-8 0 -7.529412 1 1
-7.804077 0 -7.507337 1 1
-7.51404 0 -7.560889 1 1
-7.306411 0 -7.525193 1 1
-7.092076 0 -7.497864 1 1
-6.846996 0 -7.553824 1 1
-6.605415 0 -7.509935 1 1
-6.401759 0 -7.545361 1 1
-6.103593 0 -7.516716 1 1
-5.918211 0 -7.527923 1 1
-5.712797 0 -7.552732 1 1
-5.462792 0 -7.521931 1 1
-5.239921 0 -7.553111 1 1
-5.02132 0 -7.518307 1 1
-4.776251 0 -7.49507 1 1
-4.491717 0 -7.565763 1 1
-4.311726 0 -7.515098 1 1
-4.081826 0 -7.560557 1 1
-3.789731 0 -7.523394 1 1
-3.596484 0 -7.505303 1 1
-3.33665 0 -7.555636 1 1
-3.164082 0 -7.535252 1 1
-2.90493 0 -7.532205 1 1
-2.647544 0 -7.514727 1 1
-2.394365 0 -7.563428 1 1
-2.211028 0 -7.543024 1 1
-1.940823 0 -7.550702 1 1
-1.764991 0 -7.533764 1 1
-1.513768 0 -7.54817 1 1
-1.296248 0 -7.493559 1 1
-1.048226 0 -7.498803 1 1
-0.807393 0 -7.56748 1 1
-0.538031 0 -7.500948 1 1
-0.308675 0 -7.493296 1 1
-0.086834 0 -7.557677 1 1
0.114743 0 -7.553659 1 1
0.339565 0 -7.566798 1 1
0.569607 0 -7.488303 1 1
0.791994 0 -7.505349 1 1
1.039722 0 -7.535933 1 1
1.313538 0 -7.487447 1 1
1.511902 0 -7.510911 1 1
1.710313 0 -7.546632 1 1
2.010142 0 -7.522705 1 1
2.206421 0 -7.508407 1 1
2.397816 0 -7.522281 1 1
2.666905 0 -7.499534 1 1
2.869954 0 -7.490381 1 1
3.095383 0 -7.556024 1 1
3.370252 0 -7.51457 1 1
3.572098 0 -7.56161 1 1
3.858667 0 -7.550909 1 1
4.065861 0 -7.519299 1 1
4.283112 0 -7.522324 1 1
4.523641 0 -7.49259 1 1
4.728935 0 -7.511099 1 1
4.963693 0 -7.538239 1 1
5.231724 0 -7.546353 1 1
5.43393 0 -7.508077 1 1
5.645476 0 -7.532945 1 1
5.954654 0 -7.487389 1 1
6.109304 0 -7.553709 1 1
6.357211 0 -7.492712 1 1
6.64049 0 -7.497285 1 1
6.829688 0 -7.558403 1 1
7.100324 0 -7.512171 1 1
7.31367 0 -7.48814 1 1
7.549086 0 -7.571102 1 1
7.794587 0 -7.546406 1 1
8 0 -7.529412 1 1
-8 0 -7.294118 1 1
-7.754477 0 -7.256938 1 1
-7.566761 0 -7.326693 1 1
-7.337152 0 -7.289609 1 1
-7.091468 0 -7.285238 1 1
-6.822414 0 -7.319225 1 1
-6.59749 0 -7.31411 1 1
-6.377769 0 -7.259783 1 1
-6.116035 0 -7.328652 1 1
-5.919423 0 -7.313034 1 1
-5.722603 0 -7.271152 1 1
-5.437829 0 -7.314281 1 1
-5.197254 0 -7.28974 1 1
-4.991544 0 -7.335652 1 1
-4.789081 0 -7.261666 1 1
-4.48802 0 -7.290256 1 1
-4.261924 0 -7.287129 1 1
-4.087348 0 -7.325675 1 1
-3.842093 0 -7.260322 1 1
-3.569483 0 -7.263564 1 1
-3.329017 0 -7.318676 1 1
-3.151344 0 -7.327763 1 1
-2.875167 0 -7.261579 1 1
-2.674482 0 -7.283897 1 1
-2.46362 0 -7.257704 1 1
-2.172462 0 -7.25378 1 1
-1.945072 0 -7.261809 1 1
-1.7788 0 -7.274079 1 1
-1.521255 0 -7.257625 1 1
-1.250132 0 -7.263279 1 1
-1.017537 0 -7.313871 1 1
-0.787605 0 -7.327314 1 1
-0.548642 0 -7.263743 1 1
-0.370997 0 -7.267301 1 1
-0.119256 0 -7.310619 1 1
0.140597 0 -7.317192 1 1
0.308062 0 -7.320111 1 1
0.565374 0 -7.263255 1 1
0.850569 0 -7.312827 1 1
1.055289 0 -7.302615 1 1
1.315528 0 -7.29105 1 1
1.543913 0 -7.3267 1 1
1.778399 0 -7.321345 1 1
2.009626 0 -7.313984 1 1
2.170209 0 -7.29966 1 1
2.453861 0 -7.3099 1 1
2.675533 0 -7.29315 1 1
2.888967 0 -7.28763 1 1
3.109959 0 -7.276432 1 1
3.320721 0 -7.258069 1 1
3.597413 0 -7.275531 1 1
3.846285 0 -7.279664 1 1
4.046636 0 -7.330543 1 1
4.303565 0 -7.308501 1 1
4.506205 0 -7.264639 1 1
4.771968 0 -7.311032 1 1
4.969587 0 -7.301877 1 1
5.209244 0 -7.311427 1 1
5.418162 0 -7.300856 1 1
5.71792 0 -7.279098 1 1
5.946669 0 -7.284333 1 1
6.128311 0 -7.290057 1 1
6.335106 0 -7.312167 1 1
6.602843 0 -7.287342 1 1
6.853494 0 -7.297083 1 1
7.067635 0 -7.318369 1 1
7.302109 0 -7.260135 1 1
7.560944 0 -7.322097 1 1
7.733455 0 -7.292809 1 1
8 0 -7.294118 1 1
-8 0 -7.058824 1 1
-7.757018 0 -7.072784 1 1
-7.50965 0 -7.037551 1 1
-7.289923 0 -7.082148 1 1
-7.09758 0 -7.099107 1 1
-6.86188 0 -7.06093 1 1
-6.5795 0 -7.095007 1 1
-6.383954 0 -7.047832 1 1
-6.170436 0 -7.042191 1 1
-5.913513 0 -7.08051 1 1
-5.668132 0 -7.100707 1 1
-5.428325 0 -7.035949 0 1
-5.250233 0 -7.065164 1 1
-5.012564 0 -7.020031 0 1
-4.752124 0 -7.096923 1 1
-4.542676 0 -7.029317 0 1
-4.29349 0 -7.033292 0 1
-4.043982 0 -7.017496 0 1
-3.818119 0 -7.020703 0 1
-3.561527 0 -7.049281 1 1
-3.344014 0 -7.058419 1 1
-3.102839 0 -7.054768 1 1
-2.865392 0 -7.038184 0 1
-2.668781 0 -7.079221 1 1
-2.455883 0 -7.047163 1 1
-2.180709 0 -7.057019 1 1
-1.960434 0 -7.077916 1 1
-1.774401 0 -7.076974 1 1
-1.526303 0 -7.074095 1 1
-1.27201 0 -7.089455 1 1
-1.065912 0 -7.042395 1 1
-0.794363 0 -7.095736 1 1
-0.587424 0 -7.055214 1 1
-0.354857 0 -7.083656 1 1
-0.122608 0 -7.024531 0 1
0.122961 0 -7.042262 1 1
0.377605 0 -7.036326 0 1
0.569725 0 -7.100677 1 1
0.799219 0 -7.037353 0 1
1.072983 0 -7.020415 0 1
1.268602 0 -7.037857 0 1
1.511097 0 -7.050077 1 1
1.715801 0 -7.08259 1 1
1.965658 0 -7.098718 1 1
2.189219 0 -7.043649 1 1
2.426795 0 -7.087196 1 1
2.663944 0 -7.090366 1 1
2.908757 0 -7.098892 1 1
3.121588 0 -7.053369 1 1
3.322842 0 -7.046732 1 1
3.563792 0 -7.062068 1 1
3.788545 0 -7.069064 1 1
4.033901 0 -7.073491 1 1
4.311662 0 -7.069062 1 1
4.542776 0 -7.030708 0 1
4.732943 0 -7.094239 1 1
4.945386 0 -7.055485 1 1
5.259123 0 -7.071533 1 1
5.461809 0 -7.035001 0 1
5.693828 0 -7.037288 0 1
5.950576 0 -7.084289 1 1
6.10489 0 -7.088269 1 1
6.345609 0 -7.044469 1 1
6.614036 0 -7.082714 1 1
6.857231 0 -7.036216 0 1
7.044731 0 -7.049739 1 1
7.325044 0 -7.091475 1 1
7.562887 0 -7.019459 1 1
7.735401 0 -7.099001 1 1
8 0 -7.058824 1 1
-8 0 -6.823529 1 1
-7.783813 0 -6.808507 1 1
-7.497984 0 -6.832283 1 1
-7.286399 0 -6.859445 1 1
-7.056552 0 -6.812751 1 1
-6.873812 0 -6.800449 0 1
-6.579454 0 -6.815024 0 1
-6.408445 0 -6.782545 0 1
-6.121334 0 -6.836472 0 1
-5.919022 0 -6.834493 0 1
-5.680662 0 -6.836978 0 1
-5.420093 0 -6.796226 0 1
-5.25032 0 -6.784498 0 1
-4.974189 0 -6.795686 0 1
-4.736317 0 -6.828994 0 1
-4.502222 0 -6.784101 0 1
-4.309048 0 -6.797423 0 1
-4.054784 0 -6.824927 0 1
-3.831465 0 -6.80396 0 1
-3.613537 0 -6.793737 0 1
-3.33471 0 -6.858541 0 1
-3.098577 0 -6.845226 0 1
-2.901497 0 -6.814184 0 1
-2.676768 0 -6.863451 0 1
-2.405486 0 -6.850479 0 1
-2.22693 0 -6.798301 0 1
-1.984343 0 -6.791314 0 1
-1.722336 0 -6.842481 0 1
-1.548138 0 -6.785576 0 1
-1.309955 0 -6.804888 0 1
-1.044432 0 -6.801661 0 1
-0.795682 0 -6.811171 0 1
-0.580476 0 -6.798716 0 1
-0.381797 0 -6.847112 0 1
-0.099932 0 -6.839945 0 1
0.12275 0 -6.825794 0 1
0.350407 0 -6.82984 0 1
0.60024 0 -6.837862 0 1
0.828528 0 -6.842934 0 1
1.022726 0 -6.855662 0 1
1.2497 0 -6.855755 0 1
1.51024 0 -6.80132 0 1
1.712847 0 -6.847553 0 1
1.969695 0 -6.804506 0 1
2.242685 0 -6.821443 0 1
2.416668 0 -6.857367 0 1
2.641132 0 -6.846613 0 1
2.871791 0 -6.864684 0 1
3.133284 0 -6.842647 0 1
3.401912 0 -6.81901 0 1
3.610683 0 -6.855186 0 1
3.856845 0 -6.824302 0 1
4.089085 0 -6.817256 0 1
4.2873 0 -6.828572 0 1
4.49539 0 -6.86153 0 1
4.790442 0 -6.825416 0 1
5.012397 0 -6.83194 0 1
5.181836 0 -6.812565 0 1
5.412011 0 -6.853244 0 1
5.686405 0 -6.840146 0 1
5.954275 0 -6.855849 0 1
6.167003 0 -6.814524 0 1
6.401082 0 -6.846765 0 1
6.61058 0 -6.827721 0 1
6.835798 0 -6.793021 0 1
7.113371 0 -6.840015 1 1
7.314451 0 -6.814243 1 1
7.556274 0 -6.785616 1 1
7.743723 0 -6.848007 1 1
8 0 -6.823529 1 1
-8 0 -6.588235 1 1
-7.754724 0 -6.617285 1 1
-7.563461 0 -6.62423 1 1
-7.345864 0 -6.592428 1 1
-7.064633 0 -6.605917 1 1
-6.862996 0 -6.570705 0 1
-6.591751 0 -6.592129 0 1
-6.361169 0 -6.552328 0 1
-6.1209 0 -6.577642 0 1
-5.899588 0 -6.551501 0 1
-5.687409 0 -6.584461 0 1
-5.436951 0 -6.55364 0 1
-5.190125 0 -6.624539 0 1
-5.013395 0 -6.604532 0 1
-4.732841 0 -6.582373 0 1
-4.539386 0 -6.620055 0 1
-4.274105 0 -6.571317 0 1
-4.021017 0 -6.588195 0 1
-3.826605 0 -6.623774 0 1
-3.632615 0 -6.593993 0 1
-3.377151 0 -6.609381 0 1
-3.16455 0 -6.549109 0 1
-2.870505 0 -6.581865 0 1
-2.629036 0 -6.545919 0 1
-2.420401 0 -6.607759 0 1
-2.241279 0 -6.566528 0 1
-1.973477 0 -6.575402 0 1
-1.704397 0 -6.615215 0 1
-1.500123 0 -6.576818 0 1
-1.276053 0 -6.622859 0 1
-1.05617 0 -6.602355 0 1
-0.797392 0 -6.557933 0 1
-0.593918 0 -6.57183 0 1
-0.365505 0 -6.550525 0 1
-0.089766 0 -6.583992 0 1
0.112171 0 -6.603947 0 1
0.333073 0 -6.548408 0 1
0.571711 0 -6.586999 0 1
0.852342 0 -6.574881 0 1
1.047034 0 -6.595584 0 1
1.249282 0 -6.599943 0 1
1.528654 0 -6.577612 0 1
1.760834 0 -6.613346 0 1
1.975123 0 -6.552009 0 1
2.197733 0 -6.571442 0 1
2.40318 0 -6.548157 0 1
2.675755 0 -6.610318 0 1
2.870033 0 -6.583929 0 1
3.134797 0 -6.622693 0 1
3.403412 0 -6.553258 0 1
3.590985 0 -6.620638 0 1
3.853814 0 -6.588373 0 1
4.076053 0 -6.587484 0 1
4.270941 0 -6.559882 0 1
4.561829 0 -6.609943 0 1
4.757903 0 -6.598096 0 1
5.020724 0 -6.587537 0 1
5.249057 0 -6.5574 0 1
5.430597 0 -6.56367 0 1
5.674059 0 -6.551452 0 1
5.913689 0 -6.561083 0 1
6.126799 0 -6.605299 0 1
6.384069 0 -6.545975 0 1
6.607831 0 -6.618001 0 1
6.8438 0 -6.601354 0 1
7.076798 0 -6.584557 1 1
7.30062 0 -6.603332 1 1
7.510241 0 -6.571506 1 1
7.774109 0 -6.610804 1 1
8 0 -6.588235 1 1
-8 0 -6.352941 1 1
-7.745114 0 -6.391597 1 1
-7.515804 0 -6.335557 1 1
-7.278352 0 -6.362591 1 1
-7.058799 0 -6.325772 1 1
-6.800442 0 -6.353337 0 1
-6.647344 0 -6.352747 0 1
-6.369283 0 -6.321625 0 1
-6.113691 0 -6.357998 0 1
-5.910877 0 -6.35659 0 1
-5.66259 0 -6.360567 0 1
-5.436354 0 -6.382219 0 1
-5.219938 0 -6.313197 0 1
-4.998984 0 -6.336618 0 1
-4.741115 0 -6.323145 0 1
-4.492326 0 -6.322503 0 1
-4.299872 0 -6.368471 0 1
-4.039713 0 -6.330968 0 1
-3.795001 0 -6.392253 0 1
-3.63023 0 -6.341831 0 1
-3.32718 0 -6.310806 0 1
-3.109835 0 -6.358534 0 1
-2.932072 0 -6.341612 0 1
-2.635564 0 -6.357712 0 1
-2.418588 0 -6.318769 0 1
-2.240798 0 -6.327856 0 1
-1.988264 0 -6.363543 0 1
-1.768718 0 -6.350301 0 1
-1.501743 0 -6.328163 0 1
-1.302912 0 -6.388605 0 1
-1.012521 0 -6.342801 0 1
-0.833229 0 -6.317972 0 1
-0.609502 0 -6.356232 0 1
-0.368364 0 -6.373666 0 1
-0.156897 0 -6.327137 0 1
0.149434 0 -6.337896 0 1
0.319274 0 -6.357877 0 1
0.566818 0 -6.345523 0 1
0.823193 0 -6.359353 0 1
1.022617 0 -6.323692 0 1
1.250253 0 -6.362708 0 1
1.505845 0 -6.375201 0 1
1.745134 0 -6.346604 0 1
2.012144 0 -6.370286 0 1
2.242797 0 -6.339538 0 1
2.415957 0 -6.347357 0 1
2.682177 0 -6.332216 0 1
2.860906 0 -6.343928 0 1
3.130162 0 -6.318707 0 1
3.344471 0 -6.327626 0 1
3.60314 0 -6.36545 0 1
3.837492 0 -6.342701 0 1
4.07281 0 -6.334227 0 1
4.303143 0 -6.324282 0 1
4.532445 0 -6.318771 0 1
4.765839 0 -6.369126 0 1
4.980567 0 -6.346201 0 1
5.236788 0 -6.387659 0 1
5.432172 0 -6.331978 0 1
5.654082 0 -6.384099 0 1
5.916333 0 -6.313003 0 1
6.147503 0 -6.317916 0 1
6.404399 0 -6.373527 0 1
6.6358 0 -6.354479 0 1
6.866165 0 -6.332056 0 1
7.059 0 -6.385539 1 1
7.342989 0 -6.383371 1 1
7.575175 0 -6.322435 1 1
7.786833 0 -6.312287 1 1
8 0 -6.352941 1 1
-8 0 -6.117647 1 1
-7.729109 0 -6.091847 1 1
-7.547437 0 -6.093025 1 1
-7.344925 0 -6.114549 1 1
-7.076238 0 -6.103007 1 1
-6.826193 0 -6.110484 0 1
-6.581781 0 -6.080352 0 1
-6.409506 0 -6.140194 0 1
-6.184578 0 -6.0851 0 1
-5.907917 0 -6.082472 0 1
-5.704419 0 -6.154645 0 1
-5.42224 0 -6.08297 0 1
-5.233904 0 -6.125415 0 1
-5.015578 0 -6.079846 0 1
-4.769954 0 -6.118272 0 1
-4.555365 0 -6.084844 0 1
-4.320269 0 -6.121574 0 1
-4.043739 0 -6.097052 0 1
-3.788858 0 -6.124497 0 1
-3.573979 0 -6.146911 0 1
-3.369424 0 -6.151612 0 1
-3.131324 0 -6.12543 0 1
-2.860858 0 -6.157229 0 1
-2.677475 0 -6.122443 0 1
-2.397171 0 -6.087538 0 1
-2.236344 0 -6.101919 0 1
-1.967303 0 -6.077171 0 1
-1.750928 0 -6.126275 0 1
-1.533141 0 -6.149652 0 1
-1.246309 0 -6.121483 0 1
-1.029891 0 -6.105644 0 1
-0.803485 0 -6.158191 0 1
-0.555769 0 -6.139368 0 1
-0.379053 0 -6.112177 0 1
-0.151954 0 -6.095187 0 1
0.091496 0 -6.141708 0 1
0.378688 0 -6.132169 0 1
0.550289 0 -6.08372 0 1
0.770092 0 -6.087288 0 1
1.013817 0 -6.148989 0 1
1.254547 0 -6.145219 0 1
1.520691 0 -6.157816 0 1
1.698632 0 -6.093084 0 1
1.949137 0 -6.132575 0 1
2.175705 0 -6.155561 0 1
2.454961 0 -6.115437 0 1
2.687174 0 -6.119659 0 1
2.921759 0 -6.116526 0 1
3.097799 0 -6.117322 0 1
3.399501 0 -6.156327 0 1
3.617846 0 -6.086562 0 1
3.827878 0 -6.121201 0 1
4.096707 0 -6.154848 0 1
4.288101 0 -6.125981 0 1
4.537274 0 -6.118471 0 1
4.787824 0 -6.153775 0 1
4.950512 0 -6.108474 0 1
5.181135 0 -6.136705 0 1
5.460384 0 -6.113551 0 1
5.666566 0 -6.075749 0 1
5.915594 0 -6.121568 0 1
6.153728 0 -6.151599 0 1
6.393656 0 -6.087763 0 1
6.621294 0 -6.094864 0 1
6.859015 0 -6.141786 0 1
7.06842 0 -6.140645 1 1
7.290902 0 -6.121586 1 1
7.529219 0 -6.151946 1 1
7.762002 0 -6.103661 1 1
8 0 -6.117647 1 1
-8 0 -5.882353 1 1
-7.778609 0 -5.911776 1 1
-7.500922 0 -5.919019 1 1
-7.276652 0 -5.916809 1 1
-7.106142 0 -5.862126 1 1
-6.814554 0 -5.877578 0 1
-6.601478 0 -5.877136 0 1
-6.391032 0 -5.914352 0 1
-6.157149 0 -5.868348 0 1
-5.89215 0 -5.851173 0 1
-5.662706 0 -5.842677 0 1
-5.440893 0 -5.894919 0 1
-5.210887 0 -5.906686 0 1
-4.972423 0 -5.905711 0 1
-4.786328 0 -5.853098 0 1
-4.532795 0 -5.860109 0 1
-4.283669 0 -5.856329 0 1
-4.029158 0 -5.842156 0 1
-3.799505 0 -5.872733 0 1
-3.582291 0 -5.922482 0 1
-3.3265 0 -5.854446 0 1
-3.149848 0 -5.909424 0 1
-2.88163 0 -5.898533 0 1
-2.680038 0 -5.924189 0 1
-2.403907 0 -5.876735 0 1
-2.211181 0 -5.912688 0 1
-1.959898 0 -5.922109 0 1
-1.718585 0 -5.906483 0 1
-1.513939 0 -5.89583 0 1
-1.28621 0 -5.863582 0 1
-1.020369 0 -5.876627 0 1
-0.846241 0 -5.92025 0 1
-0.608309 0 -5.872371 0 1
-0.333303 0 -5.901657 0 1
-0.102424 0 -5.883567 0 1
0.111104 0 -5.901567 0 1
0.369108 0 -5.915065 0 1
0.573859 0 -5.900713 0 1
0.826494 0 -5.883485 0 1
1.05743 0 -5.920859 0 1
1.266619 0 -5.87394 0 1
1.466149 0 -5.899174 0 1
1.715025 0 -5.913081 0 1
1.950606 0 -5.896912 0 1
2.161805 0 -5.861429 0 1
2.40771 0 -5.8925 0 1
2.683669 0 -5.882331 0 1
2.926379 0 -5.856416 0 1
3.094712 0 -5.851709 0 1
3.324111 0 -5.923118 0 1
3.629361 0 -5.85168 0 1
3.832411 0 -5.876136 0 1
4.07546 0 -5.889325 0 1
4.25773 0 -5.922939 0 1
4.507111 0 -5.856829 0 1
4.763484 0 -5.854228 0 1
5.020549 0 -5.917241 0 1
5.246148 0 -5.904096 0 1
5.456694 0 -5.880323 0 1
5.672458 0 -5.898424 0 1
5.899646 0 -5.896493 0 1
6.117224 0 -5.881465 0 1
6.344591 0 -5.88151 0 1
6.642581 0 -5.895112 0 1
6.859561 0 -5.855336 0 1
7.098763 0 -5.904693 1 1
7.274834 0 -5.907996 1 1
7.54478 0 -5.860311 1 1
7.781098 0 -5.909701 1 1
8 0 -5.882353 1 1
-8 0 -5.647059 1 1
-7.745339 0 -5.647557 1 1
-7.514991 0 -5.625046 1 1
-7.308613 0 -5.61113 1 1
-7.06708 0 -5.635598 1 1
-6.830185 0 -5.616205 0 1
-6.598076 0 -5.676625 0 1
-6.41285 0 -5.651954 0 1
-6.161388 0 -5.666145 0 1
-5.950093 0 -5.646437 0 1
-5.696986 0 -5.651132 0 1
-5.486265 0 -5.618962 0 1
-5.252725 0 -5.616205 0 1
-4.955848 0 -5.637317 0 1
-4.753033 0 -5.650217 0 1
-4.517205 0 -5.62234 0 1
-4.256808 0 -5.651317 0 1
-4.032108 0 -5.634197 0 1
-3.840986 0 -5.649123 0 1
-3.623348 0 -5.684171 0 1
-3.395418 0 -5.61325 0 1
-3.143504 0 -5.628905 0 1
-2.898171 0 -5.674795 0 1
-2.687725 0 -5.652331 0 1
-2.43984 0 -5.645132 0 1
-2.231386 0 -5.657829 0 1
-1.989138 0 -5.654787 0 1
-1.752623 0 -5.638767 0 1
-1.483102 0 -5.634581 0 1
-1.311599 0 -5.681407 0 1
-1.028587 0 -5.665343 0 1
-0.792917 0 -5.633797 0 1
-0.545789 0 -5.61544 0 1
-0.361737 0 -5.64005 0 1
-0.145875 0 -5.65978 0 1
0.154985 0 -5.630246 0 1
0.338807 0 -5.639008 0 1
0.616274 0 -5.663188 0 1
0.8013 0 -5.622353 0 1
1.069622 0 -5.632649 0 1
1.302823 0 -5.626833 0 1
1.522724 0 -5.644823 0 1
1.75132 0 -5.653547 0 1
1.95948 0 -5.658698 0 1
2.176207 0 -5.671268 0 1
2.472153 0 -5.648222 0 1
2.643839 0 -5.677759 0 1
2.863253 0 -5.617884 0 1
3.097139 0 -5.624114 0 1
3.390294 0 -5.614559 0 1
3.555615 0 -5.660886 0 1
3.848318 0 -5.678311 0 1
4.04768 0 -5.675668 0 1
4.317515 0 -5.624095 0 1
4.547538 0 -5.67539 0 1
4.74842 0 -5.65461 0 1
5.00023 0 -5.669292 0 1
5.212733 0 -5.665277 0 1
5.470023 0 -5.651385 0 1
5.683999 0 -5.663198 0 1
5.938807 0 -5.649683 0 1
6.172902 0 -5.658253 0 1
6.414137 0 -5.606024 0 1
6.605497 0 -5.665544 0 1
6.830719 0 -5.644733 0 1
7.111387 0 -5.620216 1 1
7.329496 0 -5.677689 1 1
7.515363 0 -5.6351 1 1
7.799347 0 -5.642439 1 1
8 0 -5.647059 1 1
-8 0 -5.411765 1 1
-7.801291 0 -5.382466 1 1
-7.506917 0 -5.429971 1 1
-7.282383 0 -5.431011 1 1
-7.03863 0 -5.441636 0 1
-6.845799 0 -5.373951 0 1
-6.631899 0 -5.415904 0 1
-6.389368 0 -5.451859 0 1
-6.182221 0 -5.411595 0 1
-5.9351 0 -5.369875 0 1
-5.691601 0 -5.45173 0 1
-5.413311 0 -5.383034 0 1
-5.204873 0 -5.387083 0 1
-5.01576 0 -5.429817 0 1
-4.726095 0 -5.395156 0 1
-4.551892 0 -5.394355 0 1
-4.294146 0 -5.453673 0 1
-4.093097 0 -5.432439 0 1
-3.798125 0 -5.407631 0 1
-3.575234 0 -5.409412 0 1
-3.394776 0 -5.429714 0 1
-3.147034 0 -5.450073 0 1
-2.905244 0 -5.38687 0 1
-2.670247 0 -5.444727 0 1
-2.400962 0 -5.40357 0 1
-2.243266 0 -5.410462 0 1
-1.992557 0 -5.441956 0 1
-1.745037 0 -5.40204 0 1
-1.528904 0 -5.418832 0 1
-1.261641 0 -5.446866 0 1
-1.003855 0 -5.448385 0 1
-0.809419 0 -5.411144 0 1
-0.538945 0 -5.407178 0 1
-0.356971 0 -5.414294 0 1
-0.104616 0 -5.371018 0 1
0.095377 0 -5.452742 0 1
0.371911 0 -5.424911 0 1
0.599156 0 -5.400901 0 1
0.834259 0 -5.391843 0 1
1.029497 0 -5.450362 0 1
1.279203 0 -5.385209 0 1
1.480123 0 -5.38812 0 1
1.736177 0 -5.395214 0 1
1.982012 0 -5.385379 0 1
2.166427 0 -5.38837 0 1
2.43125 0 -5.429261 0 1
2.628584 0 -5.437221 0 1
2.86031 0 -5.375056 0 1
3.131719 0 -5.370333 0 1
3.365911 0 -5.43266 0 1
3.615347 0 -5.43793 0 1
3.814147 0 -5.387976 0 1
4.088507 0 -5.426002 0 1
4.258507 0 -5.422944 0 1
4.554253 0 -5.391155 0 1
4.786567 0 -5.421367 0 1
5.025053 0 -5.412086 0 1
5.217185 0 -5.375823 0 1
5.450884 0 -5.386256 0 1
5.700116 0 -5.447432 0 1
5.921596 0 -5.384461 0 1
6.148724 0 -5.426909 0 1
6.341756 0 -5.398134 0 1
6.592542 0 -5.403072 0 1
6.834412 0 -5.395691 0 1
7.060071 0 -5.45053 1 1
7.335238 0 -5.424254 1 1
7.577817 0 -5.430861 1 1
7.808188 0 -5.373825 1 1
8 0 -5.411765 1 1
-8 0 -5.176471 1 1
-7.803591 0 -5.164822 1 1
-7.547642 0 -5.150966 1 1
-7.289371 0 -5.138117 1 1
-7.102284 0 -5.167359 1 1
-6.817096 0 -5.215876 0 1
-6.644822 0 -5.152879 0 1
-6.38797 0 -5.186394 0 1
-6.139314 0 -5.167568 0 1
-5.898096 0 -5.138453 0 1
-5.691844 0 -5.154186 0 1
-5.443105 0 -5.173975 0 1
-5.225903 0 -5.163802 0 1
-5.006409 0 -5.209214 0 1
-4.733949 0 -5.176552 0 1
-4.531173 0 -5.171247 0 1
-4.309742 0 -5.196775 0 1
-4.062456 0 -5.134426 0 1
-3.843987 0 -5.141192 0 1
-3.594937 0 -5.208435 0 1
-3.332866 0 -5.180533 0 1
-3.097154 0 -5.18112 0 1
-2.932961 0 -5.16106 0 1
-2.637823 0 -5.191753 0 1
-2.447519 0 -5.213323 0 1
-2.199378 0 -5.143322 0 1
-1.941683 0 -5.158529 0 1
-1.703458 0 -5.164807 0 1
-1.482729 0 -5.175729 0 1
-1.30697 0 -5.201799 0 1
-1.073624 0 -5.151874 0 1
-0.851139 0 -5.171895 0 1
-0.590653 0 -5.150749 0 1
-0.343515 0 -5.166988 0 1
-0.150484 0 -5.192625 0 1
0.157647 0 -5.157931 0 1
0.349971 0 -5.153671 0 1
0.606702 0 -5.212576 0 1
0.851028 0 -5.164414 0 1
1.039302 0 -5.161214 0 1
1.262383 0 -5.144455 0 1
1.530642 0 -5.164629 0 1
1.712581 0 -5.136975 0 1
1.96539 0 -5.141681 0 1
2.165785 0 -5.208306 0 1
2.405817 0 -5.204876 0 1
2.651863 0 -5.158739 0 1
2.885697 0 -5.139123 0 1
3.163403 0 -5.147168 0 1
3.3415 0 -5.16503 0 1
3.598447 0 -5.208221 0 1
3.809627 0 -5.173635 0 1
4.058186 0 -5.204539 0 1
4.32672 0 -5.205762 0 1
4.53499 0 -5.157782 0 1
4.7624 0 -5.147456 0 1
4.990818 0 -5.148921 0 1
5.178021 0 -5.214973 0 1
5.461084 0 -5.169968 0 1
5.693775 0 -5.153858 0 1
5.90608 0 -5.164697 0 1
6.144764 0 -5.165699 0 1
6.359254 0 -5.13779 0 1
6.607272 0 -5.150662 0 1
6.856022 0 -5.193629 0 1
7.036816 0 -5.213749 0 1
7.299306 0 -5.177805 1 1
7.511524 0 -5.167436 1 1
7.752471 0 -5.157974 1 1
8 0 -5.176471 1 1
-8 0 -4.941176 1 1
-7.748565 0 -4.910617 1 1
-7.496548 0 -4.972453 1 1
-7.315155 0 -4.935954 1 1
-7.087564 0 -4.944016 1 1
-6.859991 0 -4.962529 0 1
-6.642353 0 -4.958947 0 1
-6.386483 0 -4.931403 0 1
-6.165941 0 -4.910233 0 1
-5.941451 0 -4.955794 0 1
-5.674674 0 -4.957041 0 1
-5.42731 0 -4.941323 0 1
-5.216162 0 -4.941282 0 1
-5.00149 0 -4.981566 0 1
-4.716456 0 -4.940715 0 1
-4.482781 0 -4.965305 0 1
-4.302135 0 -4.979248 0 1
-4.058397 0 -4.90879 0 1
-3.81321 0 -4.943668 0 1
-3.59114 0 -4.911769 0 1
-3.368085 0 -4.90878 0 1
-3.111443 0 -4.918826 0 1
-2.909742 0 -4.949598 0 1
-2.6608 0 -4.967041 0 1
-2.43034 0 -4.977301 0 1
-2.202543 0 -4.91878 0 1
-1.989403 0 -4.899748 0 1
-1.724071 0 -4.973465 0 1
-1.467587 0 -4.950163 0 1
-1.250745 0 -4.954807 0 1
-1.006836 0 -4.919579 0 1
-0.836716 0 -4.940404 0 1
-0.579704 0 -4.979692 0 1
-0.378126 0 -4.955319 0 1
-0.118134 0 -4.94482 0 1
0.124812 0 -4.939863 0 1
0.333465 0 -4.931599 0 1
0.551536 0 -4.899618 0 1
0.831572 0 -4.958183 0 1
1.029819 0 -4.913368 0 1
1.278062 0 -4.923495 0 1
1.490533 0 -4.914431 0 1
1.728141 0 -4.926454 0 1
2.011076 0 -4.934086 0 1
2.227671 0 -4.92209 0 1
2.45048 0 -4.981272 0 1
2.664546 0 -4.901613 0 1
2.922167 0 -4.917784 0 1
3.136916 0 -4.922423 0 1
3.369291 0 -4.969086 0 1
3.604974 0 -4.931034 0 1
3.854567 0 -4.971012 0 1
4.073058 0 -4.980855 0 1
4.32727 0 -4.974221 0 1
4.481581 0 -4.956958 0 1
4.724525 0 -4.92504 0 1
4.978026 0 -4.917885 0 1
5.252496 0 -4.909597 0 1
5.468963 0 -4.978254 0 1
5.650947 0 -4.965966 0 1
5.898439 0 -4.927435 0 1
6.147054 0 -4.956953 0 1
6.349529 0 -4.906267 0 1
6.595533 0 -4.953519 0 1
6.863285 0 -4.922463 0 1
7.084427 0 -4.924802 1 1
7.313537 0 -4.967244 1 1
7.515072 0 -4.936256 1 1
7.745148 0 -4.901118 1 1
8 0 -4.941176 1 1
-8 0 -4.705882 1 1
-7.785011 0 -4.723755 1 1
-7.560668 0 -4.688519 1 1
-7.319621 0 -4.71869 1 1
-7.036259 0 -4.68086 0 1
-6.859491 0 -4.737912 0 1
-6.593952 0 -4.716073 0 1
-6.336729 0 -4.678914 0 1
-6.106978 0 -4.68008 0 1
-5.930536 0 -4.723871 0 1
-5.663283 0 -4.718896 0 1
-5.454086 0 -4.726513 0 1
-5.219138 0 -4.731119 0 1
-4.982287 0 -4.669203 0 1
-4.737247 0 -4.736607 0 1
-4.512083 0 -4.698527 0 1
-4.311354 0 -4.691496 0 1
-4.05538 0 -4.694198 0 1
-3.863444 0 -4.713226 0 1
-3.576058 0 -4.739719 0 1
-3.339716 0 -4.747796 0 1
-3.126231 0 -4.669535 0 1
-2.906322 0 -4.669033 0 1
-2.635079 0 -4.707793 0 1
-2.459872 0 -4.666586 0 1
-2.217827 0 -4.693524 0 1
-1.936961 0 -4.740657 0 1
-1.732942 0 -4.702905 0 1
-1.488621 0 -4.668894 0 1
-1.240867 0 -4.733406 0 1
-1.011569 0 -4.733345 0 1
-0.776564 0 -4.663769 0 1
-0.588309 0 -4.706273 0 1
-0.311379 0 -4.666737 0 1
-0.080377 0 -4.67397 0 1
0.074977 0 -4.700126 0 1
0.315044 0 -4.66497 0 1
0.561726 0 -4.664453 0 1
0.815209 0 -4.706398 0 1
1.080089 0 -4.676146 0 1
1.272693 0 -4.731903 0 1
1.474911 0 -4.734471 0 1
1.735701 0 -4.726443 0 1
1.944819 0 -4.685839 0 1
2.227171 0 -4.700141 0 1
2.45626 0 -4.73337 0 1
2.696397 0 -4.67225 0 1
2.925847 0 -4.704588 0 1
3.095936 0 -4.691545 0 1
3.336005 0 -4.736325 0 1
3.579477 0 -4.727224 0 1
3.806118 0 -4.728285 0 1
4.079154 0 -4.667423 0 1
4.273322 0 -4.687003 0 1
4.480955 0 -4.692864 0 1
4.769715 0 -4.742973 0 1
4.953637 0 -4.722247 0 1
5.209496 0 -4.705669 0 1
5.482259 0 -4.68864 0 1
5.66538 0 -4.738289 0 1
5.947781 0 -4.723244 0 1
6.154496 0 -4.729674 0 1
6.346223 0 -4.73526 0 1
6.629376 0 -4.696926 0 1
6.833555 0 -4.701712 0 1
7.070029 0 -4.702704 1 1
7.318046 0 -4.729735 1 1
7.515151 0 -4.684304 1 1
7.799265 0 -4.7413 1 1
8 0 -4.705882 1 1
-8 0 -4.470588 1 1
-7.772561 0 -4.453328 1 1
-7.571451 0 -4.465153 1 1
-7.340932 0 -4.466552 1 1
-7.072006 0 -4.46443 1 1
-6.869809 0 -4.485148 0 1
-6.606998 0 -4.503095 0 1
-6.401404 0 -4.463545 0 1
-6.179075 0 -4.469709 0 1
-5.887274 0 -4.474533 0 1
-5.680054 0 -4.474248 0 1
-5.486195 0 -4.473775 0 1
-5.191771 0 -4.451675 0 1
-4.994193 0 -4.443783 0 1
-4.733104 0 -4.463955 0 1
-4.559698 0 -4.483758 0 1
-4.326272 0 -4.428733 0 1
-4.021693 0 -4.507095 0 1
-3.789876 0 -4.510253 0 1
-3.601811 0 -4.447805 0 1
-3.340128 0 -4.430071 0 1
-3.118257 0 -4.477334 0 1
-2.857408 0 -4.480543 0 1
-2.635811 0 -4.436133 0 1
-2.445164 0 -4.45511 0 1
-2.189392 0 -4.467259 0 1
-1.958198 0 -4.483483 0 1
-1.765971 0 -4.467432 0 1
-1.504839 0 -4.451287 0 1
-1.298512 0 -4.512647 0 1
-1.083319 0 -4.487668 0 1
-0.797111 0 -4.466823 0 1
-0.577044 0 -4.443198 0 1
-0.368903 0 -4.483619 0 1
-0.13467 0 -4.433537 0 1
0.134727 0 -4.503383 0 1
0.373661 0 -4.477429 0 1
0.60192 0 -4.438082 0 1
0.771161 0 -4.495485 0 1
1.010162 0 -4.510097 0 1
1.283525 0 -4.453369 0 1
1.469571 0 -4.450213 0 1
1.730972 0 -4.493091 0 1
1.947413 0 -4.439778 0 1
2.165871 0 -4.470258 0 1
2.417191 0 -4.443839 0 1
2.685993 0 -4.485928 0 1
2.906725 0 -4.455974 0 1
3.115464 0 -4.48738 0 1
3.332539 0 -4.457017 0 1
3.570916 0 -4.487487 0 1
3.789436 0 -4.432596 0 1
4.089669 0 -4.435725 0 1
4.300373 0 -4.476755 0 1
4.521374 0 -4.430582 0 1
4.790486 0 -4.456075 0 1
5.009366 0 -4.485942 0 1
5.210406 0 -4.500302 0 1
5.438962 0 -4.449038 0 1
5.678949 0 -4.440997 0 1
5.896409 0 -4.453005 0 1
6.170453 0 -4.435457 0 1
6.382019 0 -4.430964 0 1
6.613478 0 -4.501583 0 1
6.819114 0 -4.495717 0 1
7.084711 0 -4.434823 1 1
7.333326 0 -4.505109 1 1
7.55498 0 -4.496806 1 1
7.748788 0 -4.455877 1 1
8 0 -4.470588 1 1
-8 0 -4.235294 1 1
-7.759524 0 -4.203646 1 1
-7.562263 0 -4.213127 1 1
-7.285623 0 -4.230309 1 1
-7.074184 0 -4.203998 1 1
-6.854524 0 -4.196582 0 1
-6.649155 0 -4.198264 0 1
-6.338238 0 -4.26771 0 1
-6.103224 0 -4.23708 0 1
-5.934531 0 -4.226451 0 1
-5.705826 0 -4.20013 0 1
-5.444928 0 -4.211956 0 1
-5.227353 0 -4.232444 0 1
-4.997256 0 -4.255491 0 1
-4.752553 0 -4.235525 0 1
-4.555247 0 -4.194524 0 1
-4.292402 0 -4.206517 0 1
-4.023383 0 -4.246246 0 1
-3.833272 0 -4.229998 0 1
-3.61747 0 -4.265287 0 1
-3.382289 0 -4.198468 0 1
-3.123828 0 -4.242276 0 1
-2.927567 0 -4.249706 0 1
-2.676697 0 -4.207056 0 1
-2.434841 0 -4.222198 0 1
-2.187468 0 -4.25585 0 1
-1.944169 0 -4.195778 0 1
-1.727302 0 -4.236091 0 1
-1.534942 0 -4.210308 0 1
-1.302971 0 -4.216632 0 1
-1.044454 0 -4.19998 0 1
-0.808077 0 -4.223282 0 1
-0.616546 0 -4.274782 0 1
-0.318884 0 -4.197584 0 1
-0.1019 0 -4.212903 0 1
0.108629 0 -4.206279 0 1
0.325407 0 -4.217746 0 1
0.538734 0 -4.234809 0 1
0.801009 0 -4.225313 0 1
1.057399 0 -4.225424 0 1
1.27396 0 -4.236323 0 1
1.466059 0 -4.23092 0 1
1.698381 0 -4.232802 0 1
1.95221 0 -4.194849 0 1
2.16259 0 -4.208768 0 1
2.449311 0 -4.20936 0 1
2.700874 0 -4.268582 0 1
2.864852 0 -4.265035 0 1
3.104718 0 -4.233053 0 1
3.388632 0 -4.255003 0 1
3.585596 0 -4.246047 0 1
3.818242 0 -4.229788 0 1
4.098895 0 -4.258516 0 1
4.305219 0 -4.205828 0 1
4.534573 0 -4.204951 0 1
4.775293 0 -4.269727 0 1
4.975428 0 -4.23083 0 1
5.180337 0 -4.276847 0 1
5.421843 0 -4.235306 0 1
5.675642 0 -4.211206 0 1
5.918541 0 -4.204973 0 1
6.111149 0 -4.232909 0 1
6.338625 0 -4.259739 0 1
6.639425 0 -4.202466 0 1
6.838535 0 -4.273703 0 1
7.036931 0 -4.199245 0 1
7.337682 0 -4.229914 1 1
7.497239 0 -4.198975 1 1
7.752629 0 -4.196205 1 1
8 0 -4.235294 1 1
-8 0 -4 1 1
-7.76085 0 -3.978633 1 1
-7.518475 0 -4.008615 1 1
-7.339664 0 -4.028592 1 1
-7.094129 0 -3.971653 1 1
-6.849833 0 -3.966412 0 1
-6.622743 0 -3.978348 0 1
-6.406868 0 -3.958623 0 1
-6.126215 0 -3.999933 0 1
-5.873448 0 -4.037805 0 1
-5.686411 0 -3.971312 0 1
-5.462582 0 -3.977214 0 1
-5.179421 0 -4.00875 0 1
-4.962671 0 -4.039843 0 1
-4.772545 0 -3.958275 0 1
-4.522524 0 -4.012214 0 1
-4.253029 0 -4.005773 0 1
-4.04297 0 -3.98639 0 1
-3.860672 0 -3.989953 0 1
-3.569322 0 -3.981948 0 1
-3.39721 0 -4.02929 0 1
-3.112764 0 -3.988658 0 1
-2.878545 0 -4.015528 0 1
-2.699511 0 -4.041913 0 1
-2.450788 0 -4.011866 0 1
-2.222118 0 -4.031129 0 1
-1.99711 0 -4.004333 0 1
-1.734561 0 -4.007789 0 1
-1.546793 0 -4.012374 0 1
-1.309333 0 -3.991695 0 1
-1.058135 0 -4.009721 0 1
-0.82897 0 -4.009504 0 1
-0.614379 0 -3.966021 0 1
-0.314 0 -3.959496 0 1
-0.109935 0 -4.027988 0 1
0.105986 0 -4.030592 0 1
0.331225 0 -4.000582 0 1
0.543252 0 -4.005533 0 1
0.805008 0 -4.001336 0 1
1.00816 0 -4.021032 0 1
1.254208 0 -3.989409 0 1
1.515077 0 -4.025789 0 1
1.706321 0 -4.016547 0 1
2.008481 0 -4.014212 0 1
2.212932 0 -3.974243 0 1
2.420553 0 -4.013999 0 1
2.693002 0 -3.969548 0 1
2.938138 0 -4.030822 0 1
3.115464 0 -3.962113 0 1
3.337346 0 -4.01574 0 1
3.632985 0 -3.960296 0 1
3.808677 0 -3.983486 0 1
4.05722 0 -3.993573 0 1
4.268353 0 -4.010499 0 1
4.54816 0 -4.009069 0 1
4.721391 0 -3.994591 0 1
4.993206 0 -3.996135 0 1
5.23256 0 -3.995756 0 1
5.487091 0 -4.003251 0 1
5.698554 0 -4.005213 0 1
5.895624 0 -3.983666 0 1
6.171554 0 -3.974956 0 1
6.369227 0 -4.000059 0 1
6.619826 0 -4.021852 0 1
6.853825 0 -3.981768 0 1
7.096595 0 -4.036088 1 1
7.345311 0 -4.001759 1 1
7.527951 0 -3.99944 1 1
7.80321 0 -3.983761 1 1
8 0 -4 1 1
-8 0 -3.764706 1 1
-7.764473 0 -3.74008 1 1
-7.547958 0 -3.731205 1 1
-7.301267 0 -3.753001 1 1
-7.107109 0 -3.741924 1 1
-6.827423 0 -3.776987 0 1
-6.596424 0 -3.803307 0 1
-6.336441 0 -3.749673 0 1
-6.153307 0 -3.743302 0 1
-5.874166 0 -3.770597 0 1
-5.722018 0 -3.785142 0 1
-5.448384 0 -3.763114 0 1
-5.21067 0 -3.758333 0 1
-4.990034 0 -3.773927 0 1
-4.730889 0 -3.757202 0 1
-4.5217 0 -3.777838 0 1
-4.329544 0 -3.798203 0 1
-4.064985 0 -3.725595 0 1
-3.858137 0 -3.727378 0 1
-3.624115 0 -3.78064 0 1
-3.366048 0 -3.789536 0 1
-3.13186 0 -3.766725 0 1
-2.903713 0 -3.748039 0 1
-2.681784 0 -3.781625 0 1
-2.408889 0 -3.79731 0 1
-2.17375 0 -3.752172 0 1
-1.956227 0 -3.793137 0 1
-1.698735 0 -3.786398 0 1
-1.534422 0 -3.793494 0 1
-1.270366 0 -3.725871 0 1
-1.065862 0 -3.772749 0 1
-0.837936 0 -3.752806 0 1
-0.585375 0 -3.804586 0 1
-0.338301 0 -3.790344 0 1
-0.108245 0 -3.774122 0 1
0.133033 0 -3.789628 0 1
0.36889 0 -3.738555 0 1
0.543194 0 -3.79844 0 1
0.842646 0 -3.791222 0 1
1.028952 0 -3.768302 0 1
1.255524 0 -3.733988 0 1
1.50956 0 -3.752923 0 1
1.747225 0 -3.755277 0 1
1.978277 0 -3.777588 0 1
2.231742 0 -3.754765 0 1
2.460973 0 -3.747257 0 1
2.649758 0 -3.755008 0 1
2.863887 0 -3.795713 0 1
3.098535 0 -3.781191 0 1
3.33586 0 -3.748321 0 1
3.595107 0 -3.771632 0 1
3.795857 0 -3.774556 0 1
4.031738 0 -3.753228 0 1
4.306003 0 -3.752401 0 1
4.56347 0 -3.760054 0 1
4.752759 0 -3.795175 0 1
4.970029 0 -3.768856 0 1
5.180128 0 -3.776646 0 1
5.408336 0 -3.795494 0 1
5.707473 0 -3.725417 0 1
5.913497 0 -3.765132 0 1
6.160346 0 -3.771852 0 1
6.405185 0 -3.765663 0 1
6.573858 0 -3.804445 0 1
6.862372 0 -3.782317 0 1
7.053669 0 -3.76152 1 1
7.27665 0 -3.768321 1 1
7.556477 0 -3.742181 1 1
7.772267 0 -3.797469 1 1
8 0 -3.764706 1 1
-8 0 -3.529412 1 1
-7.800321 0 -3.506108 1 1
-7.509245 0 -3.540689 1 1
-7.277417 0 -3.56824 1 1
-7.054184 0 -3.525485 1 1
-6.799694 0 -3.563089 0 1
-6.581142 0 -3.508121 0 1
-6.393699 0 -3.487117 0 1
-6.149124 0 -3.542238 0 1
-5.886604 0 -3.534573 0 1
-5.639925 0 -3.506064 0 1
-5.471235 0 -3.503093 0 1
-5.210052 0 -3.542064 0 1
-4.967914 0 -3.518165 0 1
-4.781506 0 -3.559971 0 1
-4.54623 0 -3.554235 0 1
-4.326639 0 -3.542049 0 1
-4.076246 0 -3.526128 0 1
-3.840808 0 -3.512127 0 1
-3.611789 0 -3.549119 0 1
-3.332432 0 -3.488288 0 1
-3.115467 0 -3.563699 0 1
-2.859919 0 -3.505212 0 1
-2.631709 0 -3.487695 0 1
-2.404142 0 -3.561017 0 1
-2.172339 0 -3.550616 0 1
-1.953368 0 -3.501587 0 1
-1.717303 0 -3.514484 0 1
-1.508126 0 -3.522853 0 1
-1.294669 0 -3.536677 0 1
-1.047486 0 -3.518093 0 1
-0.779862 0 -3.563879 0 1
-0.578407 0 -3.548197 0 1
-0.311402 0 -3.540502 0 1
-0.078356 0 -3.544041 0 1
0.074409 0 -3.506191 0 1
0.367253 0 -3.50985 0 1
0.576242 0 -3.515508 0 1
0.799759 0 -3.5664 0 1
1.046352 0 -3.553313 0 1
1.269489 0 -3.55382 0 1
1.487924 0 -3.501599 0 1
1.725587 0 -3.52281 0 1
1.976536 0 -3.530654 0 1
2.189854 0 -3.513949 0 1
2.397085 0 -3.56333 0 1
2.690365 0 -3.532835 0 1
2.867183 0 -3.499117 0 1
3.125533 0 -3.571707 0 1
3.400555 0 -3.554627 0 1
3.609946 0 -3.560591 0 1
3.838608 0 -3.558298 0 1
4.094094 0 -3.548554 0 1
4.30276 0 -3.550555 0 1
4.511041 0 -3.495208 0 1
4.725702 0 -3.538192 0 1
4.969271 0 -3.512518 0 1
5.195198 0 -3.516241 0 1
5.46628 0 -3.571673 0 1
5.679223 0 -3.560524 0 1
5.890186 0 -3.514166 0 1
6.103964 0 -3.512844 0 1
6.403283 0 -3.488062 0 1
6.602211 0 -3.560569 0 1
6.804753 0 -3.539316 0 1
7.091727 0 -3.563089 1 1
7.288767 0 -3.49714 1 1
7.50594 0 -3.506248 1 1
7.789249 0 -3.560486 1 1
8 0 -3.529412 1 1
-8 0 -3.294118 1 1
-7.726966 0 -3.32437 1 1
-7.533685 0 -3.335753 1 1
-7.291824 0 -3.299192 1 1
-7.053896 0 -3.283269 1 1
-6.869682 0 -3.301596 0 1
-6.593121 0 -3.263627 0 1
-6.411314 0 -3.327961 0 1
-6.123854 0 -3.28653 0 1
-5.922724 0 -3.254878 0 1
-5.696644 0 -3.324626 0 1
-5.467894 0 -3.329334 0 1
-5.212934 0 -3.285646 0 1
-4.976526 0 -3.270487 0 1
-4.737723 0 -3.264649 0 1
-4.508516 0 -3.310919 0 1
-4.288373 0 -3.293311 0 1
-4.037281 0 -3.311436 0 1
-3.863271 0 -3.260412 0 1
-3.556248 0 -3.294551 0 1
-3.394646 0 -3.294153 0 1
-3.122594 0 -3.291722 0 1
-2.858673 0 -3.252876 0 1
-2.630443 0 -3.325291 0 1
-2.404662 0 -3.288325 0 1
-2.214134 0 -3.278621 0 1
-1.949083 0 -3.255623 0 1
-1.716561 0 -3.335057 0 1
-1.543348 0 -3.314262 0 1
-1.313777 0 -3.331349 0 1
-1.019329 0 -3.293558 0 1
-0.800861 0 -3.294029 0 1
-0.58677 0 -3.277023 0 1
-0.382684 0 -3.29102 0 1
-0.106255 0 -3.312967 0 1
0.100073 0 -3.29316 0 1
0.32305 0 -3.268023 0 1
0.582748 0 -3.303373 0 1
0.822805 0 -3.265781 0 1
1.058592 0 -3.33087 0 1
1.291947 0 -3.274639 0 1
1.536169 0 -3.331566 0 1
1.704588 0 -3.299667 0 1
1.967122 0 -3.284899 0 1
2.186978 0 -3.273645 0 1
2.454872 0 -3.326353 0 1
2.684022 0 -3.277049 0 1
2.870488 0 -3.255745 0 1
3.132355 0 -3.270147 0 1
3.380748 0 -3.322328 0 1
3.56306 0 -3.270305 0 1
3.806784 0 -3.261386 0 1
4.08063 0 -3.333984 0 1
4.315492 0 -3.313432 0 1
4.485332 0 -3.276133 0 1
4.760022 0 -3.329942 0 1
4.981767 0 -3.305966 0 1
5.217359 0 -3.288452 0 1
5.43823 0 -3.314861 0 1
5.648011 0 -3.287857 0 1
5.931641 0 -3.317123 0 1
6.145664 0 -3.33274 0 1
6.407108 0 -3.315756 0 1
6.606339 0 -3.30403 0 1
6.811369 0 -3.257596 0 1
7.102306 0 -3.28964 1 1
7.338903 0 -3.273732 1 1
7.529501 0 -3.309212 1 1
7.761125 0 -3.275458 1 1
8 0 -3.294118 1 1
-8 0 -3.058824 1 1
-7.787211 0 -3.094579 1 1
-7.54685 0 -3.058651 1 1
-7.270794 0 -3.085985 1 1
-7.047058 0 -3.018045 1 1
-6.802674 0 -3.095338 0 1
-6.61161 0 -3.077263 0 1
-6.348024 0 -3.073452 0 1
-6.140496 0 -3.100501 0 1
-5.938031 0 -3.053419 0 1
-5.697529 0 -3.048429 0 1
-5.452287 0 -3.051057 0 1
-5.217946 0 -3.035732 0 1
-5.010933 0 -3.024904 0 1
-4.731879 0 -3.080413 0 1
-4.562946 0 -3.066444 0 1
-4.312144 0 -3.071832 0 1
-4.029624 0 -3.026873 0 1
-3.788439 0 -3.101053 0 1
-3.581071 0 -3.029261 0 1
-3.343351 0 -3.092371 0 1
-3.127946 0 -3.081002 0 1
-2.899216 0 -3.096103 0 1
-2.625181 0 -3.040895 0 1
-2.468756 0 -3.023139 0 1
-2.169734 0 -3.05715 0 1
-1.954248 0 -3.069624 0 1
-1.699515 0 -3.093985 0 1
-1.541007 0 -3.089867 0 1
-1.248652 0 -3.094838 0 1
-1.037817 0 -3.064331 0 1
-0.772842 0 -3.081121 0 1
-0.599662 0 -3.074493 0 1
-0.322714 0 -3.041821 0 1
-0.096295 0 -3.074235 0 1
0.096905 0 -3.09485 0 1
0.323009 0 -3.035111 0 1
0.586781 0 -3.088012 0 1
0.783577 0 -3.061699 0 1
1.035674 0 -3.055781 0 1
1.314149 0 -3.083588 0 1
1.491244 0 -3.078729 0 1
1.707401 0 -3.087826 0 1
1.986546 0 -3.031177 0 1
2.219334 0 -3.09776 0 1
2.462825 0 -3.07341 0 1
2.632542 0 -3.080151 0 1
2.886508 0 -3.057683 0 1
3.145226 0 -3.079139 0 1
3.40328 0 -3.098544 0 1
3.586222 0 -3.062872 0 1
3.846796 0 -3.080012 0 1
4.054802 0 -3.033082 0 1
4.259786 0 -3.100164 0 1
4.549318 0 -3.017947 0 1
4.722796 0 -3.031406 0 1
4.974842 0 -3.047787 0 1
5.229469 0 -3.05185 0 1
5.429142 0 -3.032332 0 1
5.64124 0 -3.095715 0 1
5.946643 0 -3.063615 0 1
6.11394 0 -3.024511 0 1
6.404306 0 -3.073092 0 1
6.570521 0 -3.062127 0 1
6.812864 0 -3.052565 0 1
7.099318 0 -3.067718 1 1
7.26507 0 -3.043304 1 1
7.508918 0 -3.082989 1 1
7.742 0 -3.077471 1 1
8 0 -3.058824 1 1
-8 0 -2.823529 1 1
-7.736108 0 -2.862947 1 1
-7.526283 0 -2.845063 1 1
-7.321452 0 -2.830984 1 1
-7.068232 0 -2.860717 1 1
-6.858964 0 -2.854258 0 1
-6.633784 0 -2.790947 0 1
-6.374657 0 -2.812454 0 1
-6.119703 0 -2.798554 0 1
-5.872189 0 -2.799649 0 1
-5.69292 0 -2.819758 0 1
-5.450554 0 -2.788573 0 1
-5.217192 0 -2.832984 0 1
-5.012236 0 -2.838872 0 1
-4.777079 0 -2.790006 0 1
-4.498487 0 -2.860919 0 1
-4.248823 0 -2.821036 0 1
-4.035695 0 -2.78121 0 1
-3.78652 0 -2.8574 0 1
-3.581108 0 -2.843306 0 1
-3.335916 0 -2.788185 0 1
-3.167507 0 -2.781482 0 1
-2.921974 0 -2.794178 0 1
-2.641841 0 -2.835828 0 1
-2.406465 0 -2.794287 0 1
-2.229937 0 -2.815692 0 1
-1.945453 0 -2.806789 0 1
-1.704572 0 -2.863493 0 1
-1.490504 0 -2.785619 0 1
-1.270053 0 -2.818184 0 1
-1.069504 0 -2.782192 0 1
-0.779737 0 -2.824188 0 1
-0.59565 0 -2.82434 0 1
-0.382031 0 -2.846178 0 1
-0.139415 0 -2.821289 0 1
0.07426 0 -2.788131 0 1
0.322905 0 -2.854829 0 1
0.59782 0 -2.788056 0 1
0.840334 0 -2.838472 0 1
1.003568 0 -2.816193 0 1
1.310191 0 -2.800289 0 1
1.53617 0 -2.792979 0 1
1.777577 0 -2.834237 0 1
2.007905 0 -2.832373 0 1
2.169593 0 -2.840321 0 1
2.404434 0 -2.852541 0 1
2.704123 0 -2.798809 0 1
2.937006 0 -2.810893 0 1
3.103238 0 -2.783824 0 1
3.378477 0 -2.787204 0 1
3.61816 0 -2.846973 0 1
3.833512 0 -2.851029 0 1
4.041845 0 -2.807562 0 1
4.258747 0 -2.804146 0 1
4.559203 0 -2.785522 0 1
4.744574 0 -2.781661 0 1
5.02434 0 -2.863139 0 1
5.225939 0 -2.787865 0 1
5.488304 0 -2.847171 0 1
5.686631 0 -2.786539 0 1
5.883045 0 -2.802747 0 1
6.123056 0 -2.782669 0 1
6.349087 0 -2.790891 0 1
6.574363 0 -2.805829 0 1
6.852192 0 -2.790778 0 1
7.068009 0 -2.843417 1 1
7.28344 0 -2.86014 1 1
7.515918 0 -2.856731 1 1
7.726484 0 -2.833191 1 1
8 0 -2.823529 1 1
-8 0 -2.588235 1 1
-7.7487 0 -2.5485 1 1
-7.50413 0 -2.588821 1 1
-7.314473 0 -2.584337 1 1
-7.105736 0 -2.589973 1 1
-6.810189 0 -2.575447 0 1
-6.593072 0 -2.61681 0 1
-6.412398 0 -2.558947 0 1
-6.162048 0 -2.603591 0 1
-5.87534 0 -2.624303 0 1
-5.708698 0 -2.598785 0 1
-5.42991 0 -2.58425 0 1
-5.184157 0 -2.622702 0 1
-4.977658 0 -2.578609 0 1
-4.755064 0 -2.627963 0 1
-4.484805 0 -2.616612 0 1
-4.257319 0 -2.617281 0 1
-4.091257 0 -2.613177 0 1
-3.851967 0 -2.571532 0 1
-3.575668 0 -2.568755 0 1
-3.381914 0 -2.606742 0 1
-3.152344 0 -2.626384 0 1
-2.89256 0 -2.559448 0 1
-2.695584 0 -2.600024 0 1
-2.440826 0 -2.605638 0 1
-2.189373 0 -2.579746 0 1
-1.996085 0 -2.628408 0 1
-1.766609 0 -2.60587 0 1
-1.542146 0 -2.559116 0 1
-1.291361 0 -2.59692 0 1
-1.044388 0 -2.574594 0 1
-0.845725 0 -2.584498 0 1
-0.606016 0 -2.555582 0 1
-0.358728 0 -2.592828 0 1
-0.135702 0 -2.591195 0 1
0.093089 0 -2.607839 0 1
0.311233 0 -2.566869 0 1
0.59369 0 -2.623328 0 1
0.798554 0 -2.584724 0 1
1.082772 0 -2.580635 0 1
1.279837 0 -2.559368 0 1
1.533826 0 -2.595128 0 1
1.742095 0 -2.557157 0 1
1.968913 0 -2.555907 0 1
2.200917 0 -2.6239 0 1
2.468406 0 -2.570082 0 1
2.666842 0 -2.554314 0 1
2.923632 0 -2.573197 0 1
3.140475 0 -2.6204 0 1
3.383789 0 -2.615944 0 1
3.634637 0 -2.54824 0 1
3.851837 0 -2.6199 0 1
4.051574 0 -2.546875 0 1
4.284462 0 -2.546114 0 1
4.53236 0 -2.559934 0 1
4.733412 0 -2.553438 0 1
5.020082 0 -2.624912 0 1
5.20805 0 -2.59693 0 1
5.434761 0 -2.607192 0 1
5.677666 0 -2.556601 0 1
5.936964 0 -2.577812 0 1
6.146811 0 -2.595046 0 1
6.369669 0 -2.618035 0 1
6.616036 0 -2.566349 0 1
6.877281 0 -2.552241 0 1
7.077696 0 -2.622034 1 1
7.286491 0 -2.585217 1 1
7.523198 0 -2.595783 1 1
7.758353 0 -2.589456 1 1
8 0 -2.588235 1 1
-8 0 -2.352941 1 1
-7.75902 0 -2.392121 1 1
-7.55498 0 -2.383109 1 1
-7.295277 0 -2.336537 1 1
-7.110965 0 -2.319942 1 1
-6.854646 0 -2.37517 0 1
-6.588181 0 -2.317294 0 1
-6.343668 0 -2.39358 0 1
-6.118433 0 -2.369624 0 1
-5.93138 0 -2.353651 0 1
-5.664782 0 -2.386975 0 1
-5.41848 0 -2.383911 0 1
-5.177804 0 -2.35776 0 1
-4.958308 0 -2.372473 0 1
-4.760571 0 -2.340612 0 1
-4.54779 0 -2.377388 0 1
-4.262811 0 -2.332532 0 1
-4.036309 0 -2.321838 0 1
-3.799289 0 -2.351648 0 1
-3.622671 0 -2.36894 0 1
-3.361752 0 -2.383804 0 1
-3.101109 0 -2.320809 0 1
-2.937873 0 -2.378966 0 1
-2.638874 0 -2.324397 0 1
-2.455695 0 -2.35663 0 1
-2.168002 0 -2.335607 0 1
-1.989882 0 -2.325538 0 1
-1.738702 0 -2.341471 0 1
-1.538645 0 -2.392705 0 1
-1.286009 0 -2.344975 0 1
-1.070393 0 -2.321559 0 1
-0.804342 0 -2.365667 0 1
-0.607799 0 -2.319525 0 1
-0.327043 0 -2.336944 0 1
-0.133884 0 -2.36255 0 1
0.087802 0 -2.34682 0 1
0.386637 0 -2.322692 0 1
0.592013 0 -2.337889 0 1
0.792318 0 -2.360606 0 1
1.003413 0 -2.329198 0 1
1.297699 0 -2.39454 0 1
1.541599 0 -2.340458 0 1
1.747574 0 -2.394577 0 1
1.950344 0 -2.327099 0 1
2.186659 0 -2.313381 0 1
2.446698 0 -2.359395 0 1
2.656355 0 -2.365756 0 1
2.877848 0 -2.355762 0 1
3.145227 0 -2.32547 0 1
3.353733 0 -2.386628 0 1
3.595164 0 -2.339189 0 1
3.854744 0 -2.363595 0 1
4.070271 0 -2.343704 0 1
4.273032 0 -2.386137 0 1
4.485329 0 -2.311574 0 1
4.76536 0 -2.322321 0 1
4.965568 0 -2.33506 0 1
5.250146 0 -2.369985 0 1
5.420052 0 -2.330454 0 1
5.714525 0 -2.327069 0 1
5.938284 0 -2.344468 0 1
6.158328 0 -2.33763 0 1
6.395284 0 -2.339778 0 1
6.650224 0 -2.373319 0 1
6.833782 0 -2.362405 0 1
7.033673 0 -2.335317 0 1
7.310362 0 -2.379207 1 1
7.555144 0 -2.376459 1 1
7.771007 0 -2.328809 1 1
8 0 -2.352941 1 1
-8 0 -2.117647 1 1
-7.73418 0 -2.103089 1 1
-7.535621 0 -2.088388 1 1
-7.275912 0 -2.085756 1 1
-7.099082 0 -2.151732 1 1
-6.871638 0 -2.138091 0 1
-6.582956 0 -2.095376 0 1
-6.403268 0 -2.102424 0 1
-6.158649 0 -2.152436 0 1
-5.925124 0 -2.096961 0 1
-5.697264 0 -2.093244 0 1
-5.463357 0 -2.137929 0 1
-5.234584 0 -2.087897 0 1
-4.987967 0 -2.086611 0 1
-4.746647 0 -2.080012 0 1
-4.557533 0 -2.08466 0 1
-4.289815 0 -2.086518 0 1
-4.067849 0 -2.134728 0 1
-3.863313 0 -2.087641 0 1
-3.624475 0 -2.143034 0 1
-3.369899 0 -2.111768 0 1
-3.096491 0 -2.121241 0 1
-2.913879 0 -2.099379 0 1
-2.643381 0 -2.118699 0 1
-2.423844 0 -2.145022 0 1
-2.191671 0 -2.159601 0 1
-1.98992 0 -2.095522 0 1
-1.766795 0 -2.095244 0 1
-1.508116 0 -2.095321 0 1
-1.309752 0 -2.10795 0 1
-1.032335 0 -2.12583 0 1
-0.772749 0 -2.127531 0 1
-0.6183 0 -2.143108 0 1
-0.358419 0 -2.158808 0 1
-0.130783 0 -2.089421 0 1
0.090112 0 -2.102675 0 1
0.358402 0 -2.138923 0 1
0.595865 0 -2.130832 0 1
0.780618 0 -2.127511 0 1
1.05088 0 -2.145852 0 1
1.302396 0 -2.134741 0 1
1.489785 0 -2.098348 0 1
1.747175 0 -2.131383 0 1
2.003402 0 -2.075678 0 1
2.18977 0 -2.083647 0 1
2.423033 0 -2.144039 0 1
2.704072 0 -2.082223 0 1
2.890486 0 -2.140652 0 1
3.149398 0 -2.148886 0 1
3.381859 0 -2.11005 0 1
3.56657 0 -2.128948 0 1
3.838654 0 -2.156835 0 1
4.089404 0 -2.138333 0 1
4.292755 0 -2.155884 0 1
4.563034 0 -2.103927 0 1
4.766443 0 -2.158328 0 1
5.001347 0 -2.124697 0 1
5.207395 0 -2.113642 0 1
5.447138 0 -2.147029 0 1
5.697454 0 -2.106609 0 1
5.896441 0 -2.103953 0 1
6.158491 0 -2.137131 0 1
6.38563 0 -2.148381 0 1
6.636298 0 -2.151113 0 1
6.858842 0 -2.150027 0 1
7.040242 0 -2.150999 1 1
7.279191 0 -2.14308 1 1
7.516447 0 -2.115686 1 1
7.743212 0 -2.100415 1 1
8 0 -2.117647 1 1
-8 0 -1.882353 1 1
-7.7852 0 -1.921368 1 1
-7.536536 0 -1.907113 1 1
-7.268191 0 -1.896702 1 1
-7.113974 0 -1.867815 1 1
-6.806614 0 -1.853957 0 1
-6.594586 0 -1.912072 0 1
-6.411031 0 -1.881361 0 1
-6.126265 0 -1.916126 0 1
-5.933421 0 -1.905125 0 1
-5.640366 0 -1.899631 0 1
-5.452257 0 -1.916251 0 1
-5.244547 0 -1.921365 0 1
-5.00299 0 -1.856806 0 1
-4.769258 0 -1.862147 0 1
-4.555548 0 -1.860482 0 1
-4.327763 0 -1.852537 0 1
-4.044334 0 -1.910262 0 1
-3.83798 0 -1.887629 0 1
-3.584035 0 -1.850294 0 1
-3.396299 0 -1.855674 0 1
-3.156908 0 -1.890758 0 1
-2.859958 0 -1.90168 0 1
-2.676207 0 -1.852649 0 1
-2.409748 0 -1.869745 0 1
-2.178113 0 -1.915129 0 1
-1.954639 0 -1.919738 0 1
-1.702194 0 -1.911204 0 1
-1.514256 0 -1.874666 0 1
-1.25013 0 -1.867242 0 1
-1.070086 0 -1.892539 0 1
-0.823398 0 -1.922265 0 1
-0.564311 0 -1.853677 0 1
-0.308304 0 -1.913639 0 1
-0.080848 0 -1.915139 0 1
0.108536 0 -1.920812 0 1
0.327926 0 -1.898088 0 1
0.596787 0 -1.867281 0 1
0.833927 0 -1.87586 0 1
1.048905 0 -1.841872 0 1
1.289541 0 -1.89605 0 1
1.509175 0 -1.865363 0 1
1.705342 0 -1.868655 0 1
1.950026 0 -1.895419 0 1
2.217615 0 -1.892105 0 1
2.463084 0 -1.877411 0 1
2.707387 0 -1.920084 0 1
2.910521 0 -1.911413 0 1
3.159556 0 -1.852547 0 1
3.393157 0 -1.918364 0 1
3.593506 0 -1.904301 0 1
3.865334 0 -1.920441 0 1
4.034823 0 -1.870213 0 1
4.281781 0 -1.9048 0 1
4.518324 0 -1.856834 0 1
4.749291 0 -1.852148 0 1
4.981089 0 -1.914651 0 1
5.217172 0 -1.869361 0 1
5.416105 0 -1.889778 0 1
5.685929 0 -1.924692 0 1
5.878892 0 -1.873526 0 1
6.154867 0 -1.898905 0 1
6.377508 0 -1.907184 0 1
6.62301 0 -1.844205 0 1
6.829172 0 -1.920108 0 1
7.049333 0 -1.88621 1 1
7.309369 0 -1.872209 1 1
7.533989 0 -1.86904 1 1
7.78614 0 -1.915047 1 1
8 0 -1.882353 1 1
-8 0 -1.647059 1 1
-7.746468 0 -1.670628 1 1
-7.549475 0 -1.619116 1 1
-7.265578 0 -1.664679 1 1
-7.070628 0 -1.62994 1 1
-6.878497 0 -1.675507 0 1
-6.63871 0 -1.62869 0 1
-6.358316 0 -1.680351 0 1
-6.135674 0 -1.673526 0 1
-5.87713 0 -1.656131 0 1
-5.684745 0 -1.623221 0 1
-5.431178 0 -1.680283 0 1
-5.224531 0 -1.610921 0 1
-4.957336 0 -1.639536 0 1
-4.730905 0 -1.651251 0 1
-4.508511 0 -1.608417 0 1
-4.320355 0 -1.647158 0 1
-4.055436 0 -1.685297 0 1
-3.789748 0 -1.618359 0 1
-3.595628 0 -1.646353 0 1
-3.327161 0 -1.674402 0 1
-3.123877 0 -1.627535 0 1
-2.929573 0 -1.656596 0 1
-2.658273 0 -1.614642 0 1
-2.43444 0 -1.656829 0 1
-2.162871 0 -1.611829 0 1
-1.949112 0 -1.666237 0 1
-1.70043 0 -1.607205 0 1
-1.511183 0 -1.678114 0 1
-1.282646 0 -1.630116 0 1
-1.02274 0 -1.664092 0 1
-0.794774 0 -1.616505 0 1
-0.562023 0 -1.610168 0 1
-0.336758 0 -1.672395 0 1
-0.105577 0 -1.664798 0 1
0.103027 0 -1.632458 0 1
0.388007 0 -1.634346 0 1
0.61797 0 -1.646729 0 1
0.827815 0 -1.662104 0 1
1.011373 0 -1.659575 0 1
1.273724 0 -1.641075 0 1
1.5212 0 -1.654049 0 1
1.759822 0 -1.618141 0 1
1.953144 0 -1.61764 0 1
2.228635 0 -1.645133 0 1
2.395153 0 -1.677102 0 1
2.680879 0 -1.672479 0 1
2.919436 0 -1.67578 0 1
3.112622 0 -1.668188 0 1
3.39065 0 -1.630914 0 1
3.577102 0 -1.625578 0 1
3.787045 0 -1.620459 0 1
4.024787 0 -1.615884 0 1
4.309847 0 -1.616155 0 1
4.541975 0 -1.641869 0 1
4.731718 0 -1.622976 0 1
5.010452 0 -1.665047 0 1
5.231123 0 -1.610933 0 1
5.439889 0 -1.608373 0 1
5.72088 0 -1.662928 0 1
5.917395 0 -1.688314 0 1
6.12417 0 -1.636847 0 1
6.400263 0 -1.615708 0 1
6.636242 0 -1.612204 0 1
6.857662 0 -1.634553 0 1
7.09376 0 -1.64311 1 1
7.312978 0 -1.623668 1 1
7.57499 0 -1.664493 1 1
7.741188 0 -1.631587 1 1
8 0 -1.647059 1 1
-8 0 -1.411765 1 1
-7.794247 0 -1.439396 1 1
-7.535076 0 -1.422167 1 1
-7.310316 0 -1.40697 1 1
-7.103345 0 -1.404651 1 1
-6.861031 0 -1.426117 0 1
-6.591191 0 -1.441005 0 1
-6.40572 0 -1.426789 0 1
-6.182421 0 -1.375139 0 1
-5.903393 0 -1.398052 0 1
-5.681948 0 -1.405609 0 1
-5.461122 0 -1.387706 0 1
-5.232596 0 -1.435486 0 1
-5.011897 0 -1.448343 0 1
-4.753194 0 -1.418886 0 1
-4.518647 0 -1.446329 0 1
-4.313129 0 -1.436045 0 1
-4.072005 0 -1.423556 0 1
-3.849591 0 -1.390363 0 1
-3.591657 0 -1.369697 0 1
-3.335298 0 -1.37101 0 1
-3.171439 0 -1.397455 0 1
-2.903086 0 -1.377501 0 1
-2.657175 0 -1.401504 0 1
-2.396475 0 -1.396302 0 1
-2.217846 0 -1.376533 0 1
-1.933868 0 -1.421432 0 1
-1.735771 0 -1.43016 0 1
-1.472909 0 -1.38448 0 1
-1.285801 0 -1.386114 0 1
-1.048023 0 -1.450403 0 1
-0.778346 0 -1.437811 0 1
-0.57855 0 -1.373799 0 1
-0.375591 0 -1.373115 0 1
-0.112772 0 -1.453497 0 1
0.079668 0 -1.397336 0 1
0.370664 0 -1.380851 0 1
0.573383 0 -1.445314 0 1
0.814746 0 -1.394591 0 1
1.083233 0 -1.388453 0 1
1.287597 0 -1.374515 0 1
1.527856 0 -1.441094 0 1
1.735727 0 -1.426019 0 1
1.936581 0 -1.449521 0 1
2.227459 0 -1.406845 0 1
2.44104 0 -1.434835 0 1
2.646519 0 -1.421249 0 1
2.909421 0 -1.417438 0 1
3.090106 0 -1.397085 0 1
3.365227 0 -1.399785 0 1
3.604082 0 -1.390083 0 1
3.833233 0 -1.394749 0 1
4.022292 0 -1.375507 0 1
4.256976 0 -1.387463 0 1
4.505156 0 -1.44679 0 1
4.775768 0 -1.417044 0 1
4.976751 0 -1.398151 0 1
5.21522 0 -1.40893 0 1
5.418921 0 -1.420998 0 1
5.705993 0 -1.407892 0 1
5.951455 0 -1.441914 0 1
6.159727 0 -1.376682 0 1
6.401439 0 -1.39234 0 1
6.598105 0 -1.373692 0 1
6.845048 0 -1.4071 0 1
7.041012 0 -1.453692 1 1
7.312416 0 -1.408618 1 1
7.573545 0 -1.428309 1 1
7.788843 0 -1.377582 1 1
8 0 -1.411765 1 1
-8 0 -1.176471 1 1
-7.781151 0 -1.183869 1 1
-7.52405 0 -1.175407 1 1
-7.332651 0 -1.200121 1 1
-7.04452 0 -1.202363 1 1
-6.867179 0 -1.151088 0 1
-6.57929 0 -1.146706 0 1
-6.340718 0 -1.134599 0 1
-6.148161 0 -1.172264 0 1
-5.930519 0 -1.213118 0 1
-5.714701 0 -1.157362 0 1
-5.450345 0 -1.190799 0 1
-5.248427 0 -1.163301 0 1
-5.018895 0 -1.166347 0 1
-4.720222 0 -1.191905 0 1
-4.525859 0 -1.166616 0 1
-4.306077 0 -1.169341 0 1
-4.052499 0 -1.187949 0 1
-3.841419 0 -1.182543 0 1
-3.635539 0 -1.197971 0 1
-3.385565 0 -1.156157 0 1
-3.135767 0 -1.147661 0 1
-2.929078 0 -1.156736 0 1
-2.635121 0 -1.179618 0 1
-2.446575 0 -1.192948 0 1
-2.198585 0 -1.203935 0 1
-1.962113 0 -1.147519 0 1
-1.709186 0 -1.206965 0 1
-1.504023 0 -1.196526 0 1
-1.243112 0 -1.212347 0 1
-1.078923 0 -1.217245 0 1
-0.810995 0 -1.216181 0 1
-0.572874 0 -1.184506 0 1
-0.34031 0 -1.142054 0 1
-0.111635 0 -1.172788 0 1
0.157575 0 -1.178834 0 1
0.370799 0 -1.187837 0 1
0.556612 0 -1.153418 0 1
0.831064 0 -1.194174 0 1
1.040532 0 -1.175589 0 1
1.266746 0 -1.176287 0 1
1.520826 0 -1.146994 0 1
1.76472 0 -1.166811 0 1
1.94312 0 -1.175273 0 1
2.198409 0 -1.203649 0 1
2.47224 0 -1.162967 0 1
2.705712 0 -1.156487 0 1
2.897174 0 -1.188431 0 1
3.106962 0 -1.177517 0 1
3.325827 0 -1.18753 0 1
3.556037 0 -1.201309 0 1
3.860123 0 -1.188223 0 1
4.055439 0 -1.180313 0 1
4.251992 0 -1.135762 0 1
4.507053 0 -1.159213 0 1
4.755407 0 -1.148548 0 1
5.013462 0 -1.196519 0 1
5.221094 0 -1.204097 0 1
5.462104 0 -1.187881 0 1
5.69396 0 -1.148054 0 1
5.914434 0 -1.186946 0 1
6.178923 0 -1.175084 0 1
6.364532 0 -1.145323 0 1
6.607599 0 -1.177986 0 1
6.849279 0 -1.176315 0 1
7.042325 0 -1.204796 1 1
7.269044 0 -1.164317 1 1
7.51215 0 -1.202992 1 1
7.756615 0 -1.158064 1 1
8 0 -1.176471 1 1
-8 0 -0.941176 1 1
-7.799977 0 -0.964018 1 1
-7.510256 0 -0.92252 1 1
-7.305891 0 -0.942971 1 1
-7.096614 0 -0.969871 1 1
-6.812751 0 -0.981628 0 1
-6.646833 0 -0.934952 0 1
-6.4051 0 -0.930204 0 1
-6.183395 0 -0.935055 0 1
-5.950115 0 -0.961653 0 1
-5.707869 0 -0.902361 0 1
-5.440981 0 -0.935789 0 1
-5.257576 0 -0.92258 0 1
-4.972005 0 -0.959519 0 1
-4.788204 0 -0.945479 0 1
-4.480603 0 -0.910064 0 1
-4.317356 0 -0.913193 0 1
-4.049553 0 -0.916221 0 1
-3.799336 0 -0.968123 0 1
-3.580876 0 -0.961123 0 1
-3.343604 0 -0.954503 0 1
-3.134319 0 -0.933502 0 1
-2.921105 0 -0.950879 0 1
-2.699343 0 -0.966389 0 1
-2.404765 0 -0.940807 0 1
-2.209594 0 -0.970861 0 1
-2.004715 0 -0.94322 0 1
-1.729551 0 -0.980223 0 1
-1.48355 0 -0.940894 0 1
-1.307291 0 -0.942681 0 1
-1.074338 0 -0.932412 0 1
-0.784253 0 -0.907551 0 1
-0.556764 0 -0.928536 0 1
-0.345986 0 -0.952156 0 1
-0.154055 0 -0.938651 0 1
0.09336 0 -0.91557 0 1
0.371998 0 -0.951236 0 1
0.587144 0 -0.920729 0 1
0.833427 0 -0.924514 0 1
1.009896 0 -0.972189 0 1
1.273454 0 -0.963834 0 1
1.53722 0 -0.959535 0 1
1.770582 0 -0.948915 0 1
1.945055 0 -0.92346 0 1
2.227059 0 -0.934571 0 1
2.40288 0 -0.98292 0 1
2.679568 0 -0.925272 0 1
2.883183 0 -0.952843 0 1
3.101616 0 -0.928337 0 1
3.341753 0 -0.911108 0 1
3.587822 0 -0.952557 0 1
3.807351 0 -0.925878 0 1
4.079256 0 -0.948527 0 1
4.313545 0 -0.942662 0 1
4.510905 0 -0.936525 0 1
4.733069 0 -0.957554 0 1
4.972514 0 -0.92377 0 1
5.237074 0 -0.911106 0 1
5.462572 0 -0.920185 0 1
5.676701 0 -0.924294 0 1
5.884811 0 -0.965364 0 1
6.136627 0 -0.954862 0 1
6.381034 0 -0.924485 0 1
6.625958 0 -0.969914 0 1
6.879361 0 -0.983081 0 1
7.038329 0 -0.971219 0 1
7.339898 0 -0.94665 1 1
7.499842 0 -0.964744 1 1
7.733058 0 -0.980331 1 1
8 0 -0.941176 1 1
-8 0 -0.705882 1 1
-7.777772 0 -0.664847 1 1
-7.526718 0 -0.704103 1 1
-7.286683 0 -0.697626 1 1
-7.035256 0 -0.678757 0 1
-6.828868 0 -0.711052 0 1
-6.633597 0 -0.692593 0 1
-6.351442 0 -0.724009 0 1
-6.183861 0 -0.697453 0 1
-5.911723 0 -0.728611 0 1
-5.70875 0 -0.745181 0 1
-5.471042 0 -0.748211 0 1
-5.245987 0 -0.663799 0 1
-4.962161 0 -0.718323 0 1
-4.762376 0 -0.698591 0 1
-4.520258 0 -0.685813 0 1
-4.325866 0 -0.740598 0 1
-4.075961 0 -0.677949 0 1
-3.791443 0 -0.71875 0 1
-3.555528 0 -0.724813 0 1
-3.35344 0 -0.731758 0 1
-3.094563 0 -0.699537 0 1
-2.918493 0 -0.713749 0 1
-2.699518 0 -0.742104 0 1
-2.451958 0 -0.668018 0 1
-2.177609 0 -0.667196 0 1
-1.939617 0 -0.679357 0 1
-1.732878 0 -0.689433 0 1
-1.468341 0 -0.700532 0 1
-1.252826 0 -0.684073 0 1
-1.004975 0 -0.709368 0 1
-0.814873 0 -0.698528 0 1
-0.619166 0 -0.738387 0 1
-0.383926 0 -0.69456 0 1
-0.074687 0 -0.690897 0 1
0.093397 0 -0.721491 0 1
0.385846 0 -0.704484 0 1
0.538783 0 -0.677745 0 1
0.790579 0 -0.740357 0 1
1.057978 0 -0.678685 0 1
1.23997 0 -0.669341 0 1
1.505289 0 -0.718289 0 1
1.772047 0 -0.725443 0 1
2.008339 0 -0.690372 0 1
2.237119 0 -0.705967 0 1
2.409711 0 -0.68594 0 1
2.697783 0 -0.73072 0 1
2.873738 0 -0.727085 0 1
3.140335 0 -0.735022 0 1
3.329486 0 -0.67029 0 1
3.608879 0 -0.692039 0 1
3.835589 0 -0.683499 0 1
4.061433 0 -0.744655 0 1
4.288377 0 -0.695661 0 1
4.5211 0 -0.664769 0 1
4.786764 0 -0.674645 0 1
4.98474 0 -0.664851 0 1
5.252119 0 -0.724495 0 1
5.426076 0 -0.699388 0 1
5.64394 0 -0.680532 0 1
5.911234 0 -0.702429 0 1
6.145134 0 -0.714885 0 1
6.392367 0 -0.733429 0 1
6.648474 0 -0.68909 0 1
6.837246 0 -0.689855 0 1
7.031711 0 -0.730383 0 1
7.31111 0 -0.720669 1 1
7.545646 0 -0.726237 1 1
7.77217 0 -0.728148 1 1
8 0 -0.705882 1 1
-8 0 -0.470588 1 1
-7.770508 0 -0.461009 1 1
-7.547424 0 -0.470692 1 1
-7.328512 0 -0.453587 1 1
-7.083123 0 -0.440575 1 1
-6.858976 0 -0.497704 0 1
-6.639488 0 -0.46416 0 1
-6.39947 0 -0.504482 0 1
-6.164132 0 -0.492967 0 1
-5.918702 0 -0.480678 0 1
-5.710724 0 -0.431696 0 1
-5.47853 0 -0.444696 0 1
-5.244388 0 -0.470622 0 1
-4.944139 0 -0.440993 0 1
-4.752203 0 -0.451905 0 1
-4.49792 0 -0.487527 0 1
-4.284668 0 -0.464842 0 1
-4.066452 0 -0.454448 0 1
-3.862814 0 -0.444006 0 1
-3.596161 0 -0.459588 0 1
-3.366505 0 -0.484594 0 1
-3.142041 0 -0.465476 0 1
-2.862501 0 -0.491111 0 1
-2.70675 0 -0.502672 0 1
-2.404115 0 -0.43136 0 1
-2.228029 0 -0.46416 0 1
-1.958565 0 -0.498157 0 1
-1.715731 0 -0.482861 0 1
-1.492789 0 -0.471648 0 1
-1.255618 0 -0.437584 0 1
-1.053406 0 -0.488671 0 1
-0.800599 0 -0.500672 0 1
-0.60746 0 -0.444523 0 1
-0.361401 0 -0.459469 0 1
-0.109962 0 -0.441034 0 1
0.080159 0 -0.499219 0 1
0.325138 0 -0.4861 0 1
0.562293 0 -0.490285 0 1
0.823669 0 -0.489965 0 1
1.038878 0 -0.439856 0 1
1.26394 0 -0.463226 0 1
1.546108 0 -0.477874 0 1
1.712742 0 -0.510984 0 1
1.990029 0 -0.456864 0 1
2.239665 0 -0.453588 0 1
2.399727 0 -0.498803 0 1
2.633527 0 -0.507538 0 1
2.930163 0 -0.466486 0 1
3.090897 0 -0.479312 0 1
3.38444 0 -0.505889 0 1
3.574373 0 -0.499789 0 1
3.839012 0 -0.437937 0 1
4.042058 0 -0.491985 0 1
4.271838 0 -0.459875 0 1
4.490959 0 -0.441914 0 1
4.714269 0 -0.456735 0 1
5.01559 0 -0.485395 0 1
5.215401 0 -0.430355 0 1
5.452663 0 -0.489866 0 1
5.676555 0 -0.430815 0 1
5.929541 0 -0.497945 0 1
6.153074 0 -0.459488 0 1
6.388152 0 -0.465168 0 1
6.610654 0 -0.458769 0 1
6.824691 0 -0.483534 0 1
7.075775 0 -0.444778 1 1
7.299494 0 -0.481957 1 1
7.516181 0 -0.487227 1 1
7.726385 0 -0.443874 1 1
8 0 -0.470588 1 1
-8 0 -0.235294 1 1
-7.73907 0 -0.248518 1 1
-7.538803 0 -0.276943 1 1
-7.269113 0 -0.197434 1 1
-7.074378 0 -0.276873 1 1
-6.846387 0 -0.252835 0 1
-6.631133 0 -0.277036 0 1
-6.38736 0 -0.242771 0 1
-6.139873 0 -0.244209 0 1
-5.941153 0 -0.215209 0 1
-5.690365 0 -0.245598 0 1
-5.469061 0 -0.241881 0 1
-5.239132 0 -0.212886 0 1
-4.951285 0 -0.209241 0 1
-4.73821 0 -0.253533 0 1
-4.50146 0 -0.209136 0 1
-4.297126 0 -0.205352 0 1
-4.084483 0 -0.253117 0 1
-3.814659 0 -0.225322 0 1
-3.613225 0 -0.224896 0 1
-3.388382 0 -0.276004 0 1
-3.168031 0 -0.232332 0 1
-2.924768 0 -0.268984 0 1
-2.685934 0 -0.217066 0 1
-2.415824 0 -0.257927 0 1
-2.232059 0 -0.235838 0 1
-1.984211 0 -0.251255 0 1
-1.714132 0 -0.193114 0 1
-1.510278 0 -0.210609 0 1
-1.289533 0 -0.206194 0 1
-1.005776 0 -0.2729 0 1
-0.788583 0 -0.2716 0 1
-0.582202 0 -0.261367 0 1
-0.319315 0 -0.208421 0 1
-0.08854 0 -0.267316 0 1
0.138326 0 -0.256558 0 1
0.370468 0 -0.240126 0 1
0.599546 0 -0.274809 0 1
0.808325 0 -0.212339 0 1
1.045243 0 -0.194456 0 1
1.273094 0 -0.219925 0 1
1.491562 0 -0.250282 0 1
1.749913 0 -0.274074 0 1
2.00753 0 -0.233522 0 1
2.182306 0 -0.223561 0 1
2.409633 0 -0.202469 0 1
2.697024 0 -0.259199 0 1
2.866239 0 -0.224036 0 1
3.115785 0 -0.263471 0 1
3.343628 0 -0.267512 0 1
3.61834 0 -0.276891 0 1
3.787853 0 -0.211282 0 1
4.055907 0 -0.227144 0 1
4.27912 0 -0.270068 0 1
4.493164 0 -0.269905 0 1
4.763527 0 -0.198799 0 1
5.026994 0 -0.224695 0 1
5.180642 0 -0.223048 0 1
5.466082 0 -0.210605 0 1
5.649924 0 -0.257938 0 1
5.953253 0 -0.210851 0 1
6.166356 0 -0.209414 0 1
6.371696 0 -0.261302 0 1
6.624494 0 -0.247308 0 1
6.810088 0 -0.201525 0 1
7.071237 0 -0.240588 1 1
7.287211 0 -0.218604 1 1
7.510335 0 -0.261839 1 1
7.755399 0 -0.215608 1 1
8 0 -0.235294 1 1
-8 0 0 1 1
-7.786871 0 0.028067 1 1
-7.501632 0 0.004618 1 1
-7.340337 0 -0.029221 1 1
-7.089521 0 -0.020046 1 1
-6.851673 0 -0.042292 0 1
-6.597173 0 -0.010246 0 1
-6.403063 0 -0.040767 0 1
-6.11514 0 0.02338 0 1
-5.934849 0 0.01872 0 1
-5.667946 0 0.0033 0 1
-5.458667 0 0.002039 0 1
-5.217596 0 0.00436 0 1
-4.976071 0 -0.015027 0 1
-4.741861 0 -0.032996 0 1
-4.519802 0 -0.036705 0 1
-4.261874 0 -0.03136 0 1
-4.026792 0 -0.025236 0 1
-3.827308 0 -0.033988 0 1
-3.588275 0 0.028487 0 1
-3.349136 0 0.002187 0 1
-3.113629 0 -0.020673 0 1
-2.909707 0 0.008975 0 1
-2.702489 0 0.036441 0 1
-2.459097 0 -0.000728 0 1
-2.170361 0 -0.03558 0 1
-1.945886 0 -0.037211 0 1
-1.734287 0 0.037122 0 1
-1.514262 0 -0.011091 0 1
-1.257963 0 0.027414 0 1
-1.063028 0 -0.038909 0 1
-0.847457 0 -0.01661 0 1
-0.542595 0 0.039014 0 1
-0.381458 0 0.019073 0 1
-0.113299 0 -0.026305 0 1
0.118128 0 -0.021281 0 1
0.358288 0 -0.027199 0 1
0.600512 0 -0.007184 0 1
0.778663 0 0.011742 0 1
1.031621 0 -0.003497 0 1
1.289156 0 0.032427 0 1
1.479432 0 -0.027072 0 1
1.730913 0 -0.013764 0 1
1.94248 0 0.04222 0 1
2.198141 0 -0.012509 0 1
2.419352 0 0.04163 0 1
2.652029 0 -0.010866 0 1
2.920604 0 -0.00588 0 1
3.14929 0 0.009183 0 1
3.36759 0 -0.024232 0 1
3.616384 0 0.036097 0 1
3.805559 0 0.039105 0 1
4.053588 0 -0.008717 0 1
4.308747 0 0.040909 0 1
4.529733 0 0.001492 0 1
4.794812 0 -0.016785 0 1
4.968839 0 -0.023558 0 1
5.247086 0 -0.040515 0 1
5.47615 0 0.01607 0 1
5.662457 0 0.004546 0 1
5.917745 0 0.036078 0 1
6.116104 0 -0.039156 0 1
6.364762 0 -0.030629 0 1
6.5976 0 0.006959 0 1
6.818291 0 0.02635 0 1
7.038397 0 -0.008488 0 1
7.339232 0 0.019844 1 1
7.554896 0 0.024811 1 1
7.74081 0 0.027589 1 1
8 0 0 1 1
-8 0 0.235294 1 1
-7.752289 0 0.241751 1 1
-7.502202 0 0.243361 1 1
-7.321011 0 0.254843 1 1
-7.066096 0 0.199589 1 1
-6.877651 0 0.258241 0 1
-6.62139 0 0.262158 0 1
-6.38378 0 0.266452 0 1
-6.114058 0 0.212145 0 1
-5.90029 0 0.24396 0 1
-5.721944 0 0.258793 0 1
-5.459085 0 0.218758 0 1
-5.255693 0 0.238676 0 1
-5.01476 0 0.235498 0 1
-4.776931 0 0.197221 0 1
-4.502407 0 0.226221 0 1
-4.294395 0 0.243352 0 1
-4.057576 0 0.211753 0 1
-3.843636 0 0.226343 0 1
-3.624907 0 0.199933 0 1
-3.356355 0 0.197118 0 1
-3.13885 0 0.200148 0 1
-2.898399 0 0.258489 0 1
-2.697522 0 0.204366 0 1
-2.429833 0 0.234266 0 1
-2.190189 0 0.209552 0 1
-1.961331 0 0.255257 0 1
-1.760313 0 0.19901 0 1
-1.484142 0 0.220336 0 1
-1.239956 0 0.20053 0 1
-1.029141 0 0.228818 0 1
-0.824257 0 0.22011 0 1
-0.571873 0 0.194992 0 1
-0.364119 0 0.276601 0 1
-0.10624 0 0.276813 0 1
0.111118 0 0.205293 0 1
0.309833 0 0.262245 0 1
0.55464 0 0.224606 0 1
0.833109 0 0.265175 0 1
1.01112 0 0.197561 0 1
1.312839 0 0.271441 0 1
1.538029 0 0.262411 0 1
1.698538 0 0.25171 0 1
1.938565 0 0.231064 0 1
2.163058 0 0.210646 0 1
2.437955 0 0.210204 0 1
2.668609 0 0.214851 0 1
2.897134 0 0.25477 0 1
3.100495 0 0.25213 0 1
3.322115 0 0.242325 0 1
3.607854 0 0.196624 0 1
3.798566 0 0.216999 0 1
4.082112 0 0.245286 0 1
4.252547 0 0.248403 0 1
4.480696 0 0.225862 0 1
4.734533 0 0.265118 0 1
4.998872 0 0.266151 0 1
5.177245 0 0.266416 0 1
5.461748 0 0.212523 0 1
5.671201 0 0.275666 0 1
5.879619 0 0.219662 0 1
6.175545 0 0.237967 0 1
6.350634 0 0.235349 0 1
6.605188 0 0.271408 0 1
6.800634 0 0.213897 0 1
7.074919 0 0.221196 1 1
7.295449 0 0.20624 1 1
7.523441 0 0.22275 1 1
7.77857 0 0.212949 1 1
8 0 0.235294 1 1
-8 0 0.470588 1 1
-7.728193 0 0.470694 1 1
-7.510196 0 0.481244 1 1
-7.272737 0 0.503658 1 1
-7.04618 0 0.430731 1 1
-6.835993 0 0.451969 0 1
-6.63777 0 0.504231 0 1
-6.363711 0 0.435672 0 1
-6.154761 0 0.509604 0 1
-5.903656 0 0.481221 0 1
-5.703913 0 0.448595 0 1
-5.478263 0 0.510446 0 1
-5.183187 0 0.456128 0 1
-4.981982 0 0.445749 0 1
-4.783794 0 0.474091 0 1
-4.496687 0 0.501302 0 1
-4.3058 0 0.487964 0 1
-4.055984 0 0.439692 0 1
-3.784708 0 0.510889 0 1
-3.623825 0 0.507268 0 1
-3.327499 0 0.455129 0 1
-3.125648 0 0.508587 0 1
-2.930407 0 0.455138 0 1
-2.634975 0 0.489823 0 1
-2.412625 0 0.502788 0 1
-2.210074 0 0.463071 0 1
-1.975772 0 0.507331 0 1
-1.706229 0 0.507287 0 1
-1.526129 0 0.49423 0 1
-1.308188 0 0.443884 0 1
-1.02157 0 0.480074 0 1
-0.831056 0 0.476267 0 1
-0.602173 0 0.447903 0 1
-0.332184 0 0.458667 0 1
-0.100236 0 0.468606 0 1
0.116136 0 0.479458 0 1
0.365525 0 0.459912 0 1
0.609105 0 0.469864 0 1
0.781334 0 0.444606 0 1
1.00443 0 0.492996 0 1
1.234877 0 0.451094 0 1
1.499987 0 0.491118 0 1
1.779888 0 0.492423 0 1
1.934796 0 0.506766 0 1
2.243438 0 0.501686 0 1
2.433943 0 0.455756 0 1
2.663123 0 0.449139 0 1
2.890609 0 0.431778 0 1
3.15008 0 0.460455 0 1
3.3467 0 0.480033 0 1
3.614444 0 0.478534 0 1
3.828193 0 0.502419 0 1
4.081923 0 0.472337 0 1
4.285816 0 0.498288 0 1
4.483541 0 0.512588 0 1
4.755184 0 0.461746 0 1
5.005139 0 0.475476 0 1
5.218738 0 0.481655 0 1
5.411651 0 0.4529 0 1
5.672648 0 0.454033 0 1
5.940393 0 0.467314 0 1
6.138455 0 0.480171 0 1
6.339626 0 0.472026 0 1
6.57883 0 0.498532 0 1
6.836548 0 0.489448 0 1
7.040172 0 0.494198 1 1
7.340898 0 0.4872 1 1
7.505788 0 0.463266 1 1
7.764016 0 0.443387 1 1
8 0 0.470588 1 1
-8 0 0.705882 1 1
-7.760577 0 0.723894 1 1
-7.561114 0 0.702044 1 1
-7.325211 0 0.722122 1 1
-7.038475 0 0.730996 0 1
-6.82235 0 0.673994 0 1
-6.640904 0 0.701596 0 1
-6.388253 0 0.7079 0 1
-6.154604 0 0.730537 0 1
-5.91207 0 0.743979 0 1
-5.691287 0 0.695769 0 1
-5.426881 0 0.740803 0 1
-5.211924 0 0.719396 0 1
-5.014717 0 0.737123 0 1
-4.780431 0 0.723844 0 1
-4.528452 0 0.689747 0 1
-4.26743 0 0.70133 0 1
-4.047415 0 0.673487 0 1
-3.856843 0 0.680712 0 1
-3.583972 0 0.684969 0 1
-3.365771 0 0.735988 0 1
-3.126803 0 0.664017 0 1
-2.866603 0 0.683679 0 1
-2.659249 0 0.703825 0 1
-2.442283 0 0.670255 0 1
-2.194542 0 0.684258 0 1
-1.967062 0 0.716027 0 1
-1.734326 0 0.733433 0 1
-1.544902 0 0.676088 0 1
-1.262567 0 0.66664 0 1
-1.013941 0 0.720028 0 1
-0.783377 0 0.688809 0 1
-0.544617 0 0.667683 0 1
-0.354758 0 0.678628 0 1
-0.101576 0 0.715292 0 1
0.131929 0 0.713927 0 1
0.37181 0 0.678558 0 1
0.575982 0 0.712571 0 1
0.847613 0 0.671418 0 1
1.026724 0 0.694749 0 1
1.265256 0 0.669261 0 1
1.501179 0 0.710158 0 1
1.721836 0 0.674926 0 1
1.987261 0 0.686774 0 1
2.205157 0 0.70797 0 1
2.45113 0 0.715374 0 1
2.634052 0 0.725342 0 1
2.909318 0 0.74715 0 1
3.129071 0 0.721862 0 1
3.398539 0 0.747073 0 1
3.576438 0 0.715102 0 1
3.810768 0 0.708033 0 1
4.099295 0 0.693503 0 1
4.258944 0 0.711188 0 1
4.523384 0 0.717051 0 1
4.752997 0 0.678769 0 1
4.99464 0 0.723551 0 1
5.257399 0 0.663663 0 1
5.409539 0 0.71651 0 1
5.649265 0 0.735366 0 1
5.938051 0 0.748149 0 1
6.137752 0 0.691804 0 1
6.381855 0 0.71753 0 1
6.5679 0 0.680571 0 1
6.82235 0 0.730464 0 1
7.056417 0 0.706449 1 1
7.289649 0 0.664049 1 1
7.551745 0 0.692445 1 1
7.786848 0 0.715708 1 1
8 0 0.705882 1 1
-8 0 0.941176 1 1
-7.807424 0 0.9137 1 1
-7.55038 0 0.927449 1 1
-7.28995 0 0.976428 1 1
-7.047649 0 0.953514 1 1
-6.842124 0 0.951951 0 1
-6.575967 0 0.944308 0 1
-6.390576 0 0.965232 0 1
-6.152111 0 0.961725 0 1
-5.885069 0 0.92418 0 1
-5.66238 0 0.925548 0 1
-5.44628 0 0.916465 0 1
-5.201907 0 0.966549 0 1
-4.953115 0 0.928775 0 1
-4.714421 0 0.92258 0 1
-4.560876 0 0.982142 0 1
-4.279294 0 0.97018 0 1
-4.052046 0 0.931822 0 1
-3.818141 0 0.97206 0 1
-3.573205 0 0.958564 0 1
-3.377804 0 0.901503 0 1
-3.137625 0 0.940927 0 1
-2.920452 0 0.937103 0 1
-2.629041 0 0.917132 0 1
-2.451285 0 0.90833 0 1
-2.179112 0 0.964707 0 1
-1.936508 0 0.936414 0 1
-1.778788 0 0.939708 0 1
-1.507242 0 0.914936 0 1
-1.239998 0 0.960866 0 1
-1.041506 0 0.964516 0 1
-0.841371 0 0.97267 0 1
-0.552819 0 0.97828 0 1
-0.333074 0 0.910065 0 1
-0.097195 0 0.937735 0 1
0.133779 0 0.943069 0 1
0.30643 0 0.977798 0 1
0.595325 0 0.949163 0 1
0.777124 0 0.938371 0 1
1.005591 0 0.94292 0 1
1.288634 0 0.925292 0 1
1.513721 0 0.925264 0 1
1.771865 0 0.926004 0 1
1.945349 0 0.922257 0 1
2.187801 0 0.936189 0 1
2.402865 0 0.911472 0 1
2.64777 0 0.900116 0 1
2.908814 0 0.942367 0 1
3.10594 0 0.928498 0 1
3.347166 0 0.910814 0 1
3.611262 0 0.922818 0 1
3.804785 0 0.904858 0 1
4.067426 0 0.927517 0 1
4.285151 0 0.909842 0 1
4.519296 0 0.956042 0 1
4.720727 0 0.903381 0 1
4.979369 0 0.913984 0 1
5.225415 0 0.949033 0 1
5.477339 0 0.958064 0 1
5.690869 0 0.925289 0 1
5.939543 0 0.95921 0 1
6.159191 0 0.944013 0 1
6.416354 0 0.962839 0 1
6.605832 0 0.909987 0 1
6.866696 0 0.976727 0 1
7.069815 0 0.937414 1 1
7.319748 0 0.958983 1 1
7.533343 0 0.918449 1 1
7.745059 0 0.971763 1 1
8 0 0.941176 1 1
-8 0 1.176471 1 1
-7.758354 0 1.211442 1 1
-7.545241 0 1.193379 1 1
-7.290559 0 1.200932 1 1
-7.040541 0 1.172513 1 1
-6.879792 0 1.174381 0 1
-6.621097 0 1.173188 0 1
-6.404293 0 1.199167 0 1
-6.136209 0 1.144909 0 1
-5.94619 0 1.203369 0 1
-5.656387 0 1.161721 0 1
-5.436799 0 1.201241 0 1
-5.214658 0 1.168069 0 1
-4.992733 0 1.186709 0 1
-4.74962 0 1.216612 0 1
-4.531438 0 1.162978 0 1
-4.26365 0 1.184176 0 1
-4.034237 0 1.170995 0 1
-3.802101 0 1.180242 0 1
-3.616228 0 1.190245 0 1
-3.397555 0 1.212967 0 1
-3.124242 0 1.175338 0 1
-2.890857 0 1.173329 0 1
-2.662068 0 1.203748 0 1
-2.461815 0 1.215087 0 1
-2.238827 0 1.143329 0 1
-1.944797 0 1.199455 0 1
-1.749239 0 1.175987 0 1
-1.493876 0 1.141786 0 1
-1.248897 0 1.209274 0 1
-1.009815 0 1.188002 0 1
-0.853318 0 1.146546 0 1
-0.608993 0 1.179118 0 1
-0.35701 0 1.183072 0 1
-0.141347 0 1.191846 0 1
0.100632 0 1.182423 0 1
0.38232 0 1.159915 0 1
0.616719 0 1.170942 0 1
0.851879 0 1.163279 0 1
1.009193 0 1.134805 0 1
1.315968 0 1.168356 0 1
1.476155 0 1.159037 0 1
1.728213 0 1.180611 0 1
1.93371 0 1.193696 0 1
2.229674 0 1.164548 0 1
2.464939 0 1.207446 0 1
2.644565 0 1.1936 0 1
2.889724 0 1.161065 0 1
3.12065 0 1.166438 0 1
3.366085 0 1.190234 0 1
3.592105 0 1.150062 0 1
3.816453 0 1.212427 0 1
4.086351 0 1.147185 0 1
4.331382 0 1.190876 0 1
4.491209 0 1.140195 0 1
4.713195 0 1.195219 0 1
4.984397 0 1.171112 0 1
5.258314 0 1.141289 0 1
5.46115 0 1.169343 0 1
5.677489 0 1.200945 0 1
5.921761 0 1.170177 0 1
6.118198 0 1.177268 0 1
6.381157 0 1.172239 0 1
6.596617 0 1.149855 0 1
6.849309 0 1.183072 0 1
7.101414 0 1.154172 1 1
7.304492 0 1.168918 1 1
7.540086 0 1.165202 1 1
7.808038 0 1.182243 1 1
8 0 1.176471 1 1
-8 0 1.411765 1 1
-7.751013 0 1.378997 1 1
-7.537773 0 1.427901 1 1
-7.334226 0 1.431357 1 1
-7.032095 0 1.452734 0 1
-6.8173 0 1.408795 0 1
-6.643904 0 1.444793 0 1
-6.411167 0 1.409431 0 1
-6.124752 0 1.450764 0 1
-5.948264 0 1.423089 0 1
-5.656275 0 1.395882 0 1
-5.486609 0 1.398512 0 1
-5.19414 0 1.409128 0 1
-4.98445 0 1.409159 0 1
-4.734105 0 1.405074 0 1
-4.483291 0 1.437026 0 1
-4.307452 0 1.372404 0 1
-4.022671 0 1.432892 0 1
-3.80714 0 1.417161 0 1
-3.630815 0 1.409491 0 1
-3.389944 0 1.373784 0 1
-3.0895 0 1.43793 0 1
-2.888173 0 1.393707 0 1
-2.701518 0 1.412239 0 1
-2.405445 0 1.392947 0 1
-2.233574 0 1.393212 0 1
-1.941141 0 1.370615 0 1
-1.771558 0 1.384203 0 1
-1.499586 0 1.382214 0 1
-1.279816 0 1.437841 0 1
-1.063408 0 1.428772 0 1
-0.812853 0 1.437123 0 1
-0.54949 0 1.398453 0 1
-0.38252 0 1.3817 0 1
-0.079717 0 1.382469 0 1
0.115604 0 1.453574 0 1
0.370396 0 1.389567 0 1
0.574717 0 1.423418 0 1
0.787457 0 1.431616 0 1
1.030545 0 1.423815 0 1
1.29669 0 1.379237 0 1
1.479498 0 1.403188 0 1
1.722549 0 1.432615 0 1
1.992087 0 1.414519 0 1
2.192865 0 1.429181 0 1
2.432661 0 1.381707 0 1
2.697577 0 1.370417 0 1
2.934215 0 1.40743 0 1
3.145335 0 1.450879 0 1
3.377585 0 1.372886 0 1
3.629073 0 1.423405 0 1
3.864168 0 1.405987 0 1
4.092868 0 1.44212 0 1
4.276078 0 1.392036 0 1
4.488204 0 1.424838 0 1
4.744537 0 1.434902 0 1
5.006301 0 1.431612 0 1
5.224798 0 1.385923 0 1
5.435702 0 1.427882 0 1
5.654439 0 1.415798 0 1
5.927469 0 1.439861 0 1
6.104187 0 1.377687 0 1
6.343746 0 1.407186 0 1
6.585273 0 1.393409 0 1
6.814959 0 1.371419 0 1
7.0384 0 1.448909 0 1
7.317421 0 1.44018 1 1
7.573838 0 1.423461 1 1
7.785486 0 1.379575 1 1
8 0 1.411765 1 1
-8 0 1.647059 1 1
-7.738361 0 1.61571 1 1
-7.523176 0 1.680932 1 1
-7.298833 0 1.68663 1 1
-7.039406 0 1.663632 0 1
-6.861171 0 1.64426 0 1
-6.572284 0 1.658814 0 1
-6.341526 0 1.628117 0 1
-6.151023 0 1.681228 0 1
-5.890514 0 1.6321 0 1
-5.709378 0 1.610974 0 1
-5.426143 0 1.637131 0 1
-5.231361 0 1.609793 0 1
-4.947474 0 1.627125 0 1
-4.758584 0 1.646358 0 1
-4.485961 0 1.656402 0 1
-4.316698 0 1.646386 0 1
-4.0877 0 1.66982 0 1
-3.849596 0 1.6592 0 1
-3.559759 0 1.665304 0 1
-3.395436 0 1.610883 0 1
-3.124479 0 1.625933 0 1
-2.903068 0 1.680646 0 1
-2.69598 0 1.658946 0 1
-2.398645 0 1.661002 0 1
-2.222396 0 1.664005 0 1
-1.937238 0 1.653381 0 1
-1.737846 0 1.684322 0 1
-1.508024 0 1.641643 0 1
-1.246642 0 1.670856 0 1
-1.019655 0 1.650458 0 1
-0.853057 0 1.685528 0 1
-0.553166 0 1.64554 0 1
-0.342213 0 1.683909 0 1
-0.127719 0 1.662461 0 1
0.107646 0 1.658263 0 1
0.386128 0 1.612386 0 1
0.582601 0 1.686102 0 1
0.776571 0 1.64364 0 1
1.065726 0 1.659578 0 1
1.248367 0 1.608037 0 1
1.497577 0 1.620885 0 1
1.755482 0 1.680641 0 1
1.981918 0 1.635137 0 1
2.168244 0 1.658307 0 1
2.454427 0 1.61656 0 1
2.641047 0 1.665672 0 1
2.90631 0 1.646147 0 1
3.093954 0 1.650494 0 1
3.346269 0 1.649934 0 1
3.622106 0 1.642765 0 1
3.867478 0 1.607844 0 1
4.020911 0 1.671435 0 1
4.25169 0 1.614717 0 1
4.547376 0 1.661232 0 1
4.750148 0 1.662143 0 1
5.016749 0 1.617323 0 1
5.224015 0 1.683043 0 1
5.410615 0 1.616699 0 1
5.694001 0 1.644621 0 1
5.947939 0 1.608586 0 1
6.161731 0 1.615763 0 1
6.349452 0 1.608938 0 1
6.592613 0 1.671937 0 1
6.836922 0 1.619164 0 1
7.080064 0 1.673978 1 1
7.271485 0 1.646817 1 1
7.561207 0 1.62339 1 1
7.793531 0 1.640809 1 1
8 0 1.647059 1 1
-8 0 1.882353 1 1
-7.742111 0 1.923198 1 1
-7.52134 0 1.867465 1 1
-7.264624 0 1.888788 1 1
-7.102739 0 1.91085 1 1
-6.816112 0 1.904735 0 1
-6.600925 0 1.868419 0 1
-6.408471 0 1.851964 0 1
-6.15201 0 1.89898 0 1
-5.908585 0 1.877157 0 1
-5.645625 0 1.843447 0 1
-5.482669 0 1.911777 0 1
-5.208005 0 1.905873 0 1
-5.025942 0 1.881249 0 1
-4.794832 0 1.855197 0 1
-4.556037 0 1.895208 0 1
-4.257556 0 1.875256 0 1
-4.032309 0 1.905441 0 1
-3.810029 0 1.857463 0 1
-3.58253 0 1.884309 0 1
-3.369662 0 1.919462 0 1
-3.121207 0 1.843187 0 1
-2.925264 0 1.882343 0 1
-2.629077 0 1.893127 0 1
-2.411193 0 1.869465 0 1
-2.244256 0 1.85996 0 1
-2.002944 0 1.884911 0 1
-1.772882 0 1.870655 0 1
-1.485448 0 1.885718 0 1
-1.298797 0 1.905252 0 1
-1.030178 0 1.863415 0 1
-0.837162 0 1.907478 0 1
-0.564246 0 1.922044 0 1
-0.349962 0 1.854936 0 1
-0.101739 0 1.843652 0 1
0.128035 0 1.864147 0 1
0.342373 0 1.868317 0 1
0.605184 0 1.904242 0 1
0.773471 0 1.902718 0 1
1.078945 0 1.854899 0 1
1.299195 0 1.881088 0 1
1.475196 0 1.915818 0 1
1.757613 0 1.890206 0 1
1.956487 0 1.856835 0 1
2.217662 0 1.867587 0 1
2.458071 0 1.867625 0 1
2.633114 0 1.902492 0 1
2.929428 0 1.87181 0 1
3.107116 0 1.879896 0 1
3.361017 0 1.91543 0 1
3.564563 0 1.918597 0 1
3.82233 0 1.872809 0 1
4.027619 0 1.900973 0 1
4.300876 0 1.922635 0 1
4.49688 0 1.850776 0 1
4.769669 0 1.845053 0 1
4.955163 0 1.91214 0 1
5.213934 0 1.854502 0 1
5.436217 0 1.915084 0 1
5.689811 0 1.906879 0 1
5.924563 0 1.8918 0 1
6.117374 0 1.922176 0 1
6.406447 0 1.847325 0 1
6.638495 0 1.881439 0 1
6.881957 0 1.89011 0 1
7.100595 0 1.863647 1 1
7.323549 0 1.902359 1 1
7.515083 0 1.867724 1 1
7.77475 0 1.915543 1 1
8 0 1.882353 1 1
-8 0 2.117647 1 1
-7.760455 0 2.087913 1 1
-7.530079 0 2.075724 1 1
-7.264263 0 2.078687 1 1
-7.074914 0 2.1404 1 1
-6.879512 0 2.120283 0 1
-6.610426 0 2.142891 0 1
-6.349991 0 2.113619 0 1
-6.166589 0 2.122601 0 1
-5.953746 0 2.137281 0 1
-5.6436 0 2.086536 0 1
-5.466322 0 2.130153 0 1
-5.251556 0 2.115935 0 1
-5.001799 0 2.134868 0 1
-4.723744 0 2.138594 0 1
-4.56144 0 2.113822 0 1
-4.267163 0 2.149344 0 1
-4.065871 0 2.1422 0 1
-3.836904 0 2.114623 0 1
-3.583067 0 2.148174 0 1
-3.398156 0 2.150973 0 1
-3.144383 0 2.078065 0 1
-2.904736 0 2.098147 0 1
-2.629427 0 2.121242 0 1
-2.4102 0 2.142016 0 1
-2.237879 0 2.149907 0 1
-1.951334 0 2.079937 0 1
-1.701956 0 2.132441 0 1
-1.474859 0 2.084694 0 1
-1.286583 0 2.127738 0 1
-1.0547 0 2.09014 0 1
-0.806686 0 2.08097 0 1
-0.562235 0 2.092634 0 1
-0.307652 0 2.095508 0 1
-0.148202 0 2.115825 0 1
0.152601 0 2.124434 0 1
0.386151 0 2.093065 0 1
0.600164 0 2.09439 0 1
0.799299 0 2.097941 0 1
1.058523 0 2.09877 0 1
1.238913 0 2.104537 0 1
1.506097 0 2.119907 0 1
1.707635 0 2.13542 0 1
1.985899 0 2.12043 0 1
2.185557 0 2.127892 0 1
2.459818 0 2.155372 0 1
2.692444 0 2.154992 0 1
2.86229 0 2.150844 0 1
3.126918 0 2.082085 0 1
3.395539 0 2.099721 0 1
3.632321 0 2.084558 0 1
3.807383 0 2.134341 0 1
4.057665 0 2.149411 0 1
4.291582 0 2.128428 0 1
4.504473 0 2.157423 0 1
4.757082 0 2.086478 0 1
4.97271 0 2.112892 0 1
5.229469 0 2.099987 0 1
5.412791 0 2.14914 0 1
5.658815 0 2.155549 0 1
5.92512 0 2.110167 0 1
6.131804 0 2.130018 0 1
6.362312 0 2.125555 0 1
6.625129 0 2.146609 0 1
6.83601 0 2.101052 0 1
7.04174 0 2.142157 1 1
7.276945 0 2.097318 1 1
7.534917 0 2.15752 1 1
7.790634 0 2.079302 1 1
8 0 2.117647 1 1
-8 0 2.352941 1 1
-7.780377 0 2.349208 1 1
-7.564083 0 2.388868 1 1
-7.286666 0 2.33475 1 1
-7.032961 0 2.381685 0 1
-6.82448 0 2.367033 0 1
-6.637622 0 2.33074 0 1
-6.415115 0 2.337408 0 1
-6.176109 0 2.332646 0 1
-5.939381 0 2.358234 0 1
-5.720003 0 2.337435 0 1
-5.462311 0 2.342176 0 1
-5.214063 0 2.324361 0 1
-5.002073 0 2.388554 0 1
-4.76159 0 2.352892 0 1
-4.551342 0 2.349387 0 1
-4.304863 0 2.310952 0 1
-4.038062 0 2.393227 0 1
-3.840171 0 2.370344 0 1
-3.596381 0 2.335138 0 1
-3.325254 0 2.393658 0 1
-3.12428 0 2.323047 0 1
-2.893105 0 2.387406 0 1
-2.6715 0 2.368963 0 1
-2.415446 0 2.386838 0 1
-2.232999 0 2.357258 0 1
-1.987035 0 2.344609 0 1
-1.710675 0 2.348365 0 1
-1.541265 0 2.31525 0 1
-1.263566 0 2.360008 0 1
-1.066673 0 2.389845 0 1
-0.830132 0 2.312498 0 1
-0.576504 0 2.348321 0 1
-0.333505 0 2.31799 0 1
-0.114958 0 2.327059 0 1
0.100729 0 2.361842 0 1
0.384841 0 2.387539 0 1
0.568112 0 2.32312 0 1
0.841129 0 2.341898 0 1
1.032862 0 2.3347 0 1
1.262954 0 2.39339 0 1
1.538492 0 2.318008 0 1
1.758151 0 2.348216 0 1
2.012136 0 2.378665 0 1
2.185254 0 2.378833 0 1
2.474047 0 2.346489 0 1
2.69976 0 2.32241 0 1
2.905828 0 2.31788 0 1
3.106041 0 2.350791 0 1
3.392999 0 2.394162 0 1
3.557983 0 2.391914 0 1
3.847467 0 2.31808 0 1
4.050413 0 2.388044 0 1
4.282719 0 2.357669 0 1
4.53929 0 2.374562 0 1
4.723314 0 2.326344 0 1
4.975638 0 2.357504 0 1
5.179178 0 2.380576 0 1
5.477206 0 2.336332 0 1
5.686108 0 2.349845 0 1
5.873545 0 2.310795 0 1
6.125116 0 2.391569 0 1
6.404714 0 2.350615 0 1
6.621536 0 2.386204 0 1
6.833664 0 2.352254 0 1
7.088145 0 2.33132 1 1
7.272572 0 2.33407 1 1
7.577498 0 2.31624 1 1
7.788615 0 2.359808 1 1
8 0 2.352941 1 1
-8 0 2.588235 1 1
-7.762642 0 2.619436 1 1
-7.525547 0 2.586206 1 1
-7.288133 0 2.556012 1 1
-7.071418 0 2.594611 1 1
-6.811756 0 2.559676 0 1
-6.64555 0 2.572961 0 1
-6.34523 0 2.55736 0 1
-6.173034 0 2.568979 0 1
-5.919762 0 2.623143 0 1
-5.693182 0 2.570435 0 1
-5.446803 0 2.625194 0 1
-5.216234 0 2.610805 0 1
-5.011949 0 2.553888 0 1
-4.732534 0 2.591938 0 1
-4.490648 0 2.615919 0 1
-4.274414 0 2.571385 0 1
-4.04249 0 2.604189 0 1
-3.859826 0 2.595016 0 1
-3.567213 0 2.546975 0 1
-3.360802 0 2.577479 0 1
-3.131695 0 2.574709 0 1
-2.864259 0 2.554558 0 1
-2.695504 0 2.564612 0 1
-2.460793 0 2.621868 0 1
-2.19343 0 2.616308 0 1
-1.968873 0 2.590954 0 1
-1.734864 0 2.609946 0 1
-1.539472 0 2.584889 0 1
-1.310724 0 2.615243 0 1
-1.008133 0 2.5865 0 1
-0.827324 0 2.576594 0 1
-0.553244 0 2.621247 0 1
-0.339675 0 2.610563 0 1
-0.129128 0 2.606015 0 1
0.076604 0 2.614882 0 1
0.324649 0 2.61846 0 1
0.549855 0 2.565075 0 1
0.780319 0 2.556913 0 1
1.008301 0 2.604399 0 1
1.299073 0 2.552467 0 1
1.530177 0 2.610033 0 1
1.700941 0 2.555015 0 1
1.995478 0 2.589377 0 1
2.166107 0 2.555956 0 1
2.414165 0 2.551494 0 1
2.680656 0 2.609797 0 1
2.922123 0 2.62382 0 1
3.105842 0 2.622217 0 1
3.336005 0 2.575659 0 1
3.560042 0 2.617532 0 1
3.862971 0 2.626251 0 1
4.045269 0 2.559483 0 1
4.289908 0 2.607595 0 1
4.500187 0 2.594185 0 1
4.720157 0 2.594854 0 1
4.944936 0 2.564263 0 1
5.191642 0 2.569757 0 1
5.482805 0 2.59138 0 1
5.720693 0 2.554242 0 1
5.88917 0 2.588591 0 1
6.162271 0 2.576924 0 1
6.384273 0 2.583125 0 1
6.646908 0 2.561201 0 1
6.828461 0 2.578038 0 1
7.048612 0 2.565158 1 1
7.272029 0 2.629285 1 1
7.504812 0 2.555227 1 1
7.737723 0 2.610451 1 1
8 0 2.588235 1 1
-8 0 2.823529 1 1
-7.751025 0 2.828369 1 1
-7.574581 0 2.80897 1 1
-7.336427 0 2.8052 1 1
-7.064083 0 2.807605 1 1
-6.800829 0 2.818782 0 1
-6.604195 0 2.805791 0 1
-6.347146 0 2.797168 0 1
-6.180856 0 2.852419 0 1
-5.915074 0 2.838703 0 1
-5.707931 0 2.865774 0 1
-5.449973 0 2.790085 0 1
-5.222562 0 2.836959 0 1
-5.02015 0 2.793321 0 1
-4.761919 0 2.8312 0 1
-4.554987 0 2.859554 0 1
-4.249965 0 2.786658 0 1
-4.018302 0 2.809861 0 1
-3.81816 0 2.865091 0 1
-3.625694 0 2.852169 0 1
-3.343519 0 2.804769 0 1
-3.112613 0 2.830468 0 1
-2.917503 0 2.848051 0 1
-2.65466 0 2.815079 0 1
-2.436801 0 2.832268 0 1
-2.210875 0 2.822219 0 1
-1.989472 0 2.846231 0 1
-1.771851 0 2.802411 0 1
-1.507474 0 2.834403 0 1
-1.305865 0 2.789613 0 1
-1.080805 0 2.786956 0 1
-0.796726 0 2.863517 0 1
-0.589508 0 2.838709 0 1
-0.376815 0 2.833861 0 1
-0.149639 0 2.787658 0 1
0.136946 0 2.846194 0 1
0.372263 0 2.798281 0 1
0.593241 0 2.822704 0 1
0.791698 0 2.810283 0 1
1.073503 0 2.827478 0 1
1.313143 0 2.783853 0 1
1.501437 0 2.858677 0 1
1.729416 0 2.807821 0 1
1.960691 0 2.820112 0 1
2.163902 0 2.828329 0 1
2.464865 0 2.806846 0 1
2.683868 0 2.822808 0 1
2.868038 0 2.841802 0 1
3.129388 0 2.790442 0 1
3.37693 0 2.837089 0 1
3.609678 0 2.829646 0 1
3.824076 0 2.853545 0 1
4.058529 0 2.814329 0 1
4.289412 0 2.863415 0 1
4.531501 0 2.811058 0 1
4.793508 0 2.808323 0 1
4.946118 0 2.784998 0 1
5.245518 0 2.810728 0 1
5.469482 0 2.783455 0 1
5.713828 0 2.810083 0 1
5.879431 0 2.810412 0 1
6.133021 0 2.810931 0 1
6.390272 0 2.802151 0 1
6.621057 0 2.831367 0 1
6.874838 0 2.786725 0 1
7.056178 0 2.809773 1 1
7.264254 0 2.8088 1 1
7.532969 0 2.854309 1 1
7.773797 0 2.857531 1 1
8 0 2.823529 1 1
-8 0 3.058824 1 1
-7.787598 0 3.075422 1 1
-7.528887 0 3.099971 1 1
-7.314554 0 3.049531 1 1
-7.066408 0 3.084941 1 1
-6.873966 0 3.073656 0 1
-6.622389 0 3.059058 0 1
-6.354698 0 3.045232 0 1
-6.135342 0 3.047247 0 1
-5.918387 0 3.058565 0 1
-5.652165 0 3.083147 0 1
-5.420861 0 3.061859 0 1
-5.235142 0 3.020497 0 1
-4.944083 0 3.050525 0 1
-4.776506 0 3.079398 0 1
-4.555802 0 3.087978 0 1
-4.323686 0 3.045003 0 1
-4.094095 0 3.084336 0 1
-3.828152 0 3.034237 0 1
-3.569522 0 3.07166 0 1
-3.37886 0 3.084585 0 1
-3.136035 0 3.062207 0 1
-2.923588 0 3.050548 0 1
-2.656235 0 3.054862 0 1
-2.412791 0 3.031769 0 1
-2.243085 0 3.076047 0 1
-1.940736 0 3.065333 0 1
-1.763093 0 3.097968 0 1
-1.487027 0 3.056053 0 1
-1.238869 0 3.061595 0 1
-1.033926 0 3.08162 0 1
-0.817127 0 3.064424 0 1
-0.569129 0 3.06071 0 1
-0.359156 0 3.028985 0 1
-0.14512 0 3.07452 0 1
0.099269 0 3.053351 0 1
0.332688 0 3.086795 0 1
0.543349 0 3.033713 0 1
0.804285 0 3.086244 0 1
1.05567 0 3.038193 0 1
1.283813 0 3.05085 0 1
1.474987 0 3.032727 0 1
1.717892 0 3.086542 0 1
1.968023 0 3.063891 0 1
2.197567 0 3.071269 0 1
2.396132 0 3.029969 0 1
2.636317 0 3.038358 0 1
2.92389 0 3.072264 0 1
3.103387 0 3.088684 0 1
3.401035 0 3.057624 0 1
3.554126 0 3.089282 0 1
3.791354 0 3.06743 0 1
4.088622 0 3.092755 0 1
4.282092 0 3.047256 0 1
4.534881 0 3.02412 0 1
4.790618 0 3.077818 0 1
4.955502 0 3.025952 0 1
5.236965 0 3.095496 0 1
5.451108 0 3.08669 0 1
5.718697 0 3.095379 0 1
5.892325 0 3.091398 0 1
6.123063 0 3.026828 0 1
6.402413 0 3.044363 0 1
6.615735 0 3.049502 0 1
6.861314 0 3.036456 0 1
7.066025 0 3.028692 1 1
7.27723 0 3.098629 1 1
7.531179 0 3.038012 1 1
7.775586 0 3.058007 1 1
8 0 3.058824 1 1
-8 0 3.294118 1 1
-7.778575 0 3.332126 1 1
-7.551551 0 3.287661 1 1
-7.289093 0 3.333363 1 1
-7.040789 0 3.331132 1 1
-6.852016 0 3.312386 0 1
-6.581869 0 3.25355 0 1
-6.337844 0 3.303081 0 1
-6.116422 0 3.307859 0 1
-5.876242 0 3.31027 0 1
-5.657051 0 3.272067 0 1
-5.444874 0 3.277962 0 1
-5.179118 0 3.282501 0 1
-4.959441 0 3.262103 0 1
-4.722991 0 3.324412 0 1
-4.531049 0 3.328829 0 1
-4.298789 0 3.334606 0 1
-4.078379 0 3.259409 0 1
-3.799148 0 3.27171 0 1
-3.618379 0 3.327174 0 1
-3.327601 0 3.305244 0 1
-3.098758 0 3.316712 0 1
-2.906374 0 3.254635 0 1
-2.636077 0 3.321494 0 1
-2.398011 0 3.291669 0 1
-2.210164 0 3.323016 0 1
-1.952867 0 3.326032 0 1
-1.712397 0 3.321596 0 1
-1.490677 0 3.294654 0 1
-1.287729 0 3.302767 0 1
-1.017314 0 3.314259 0 1
-0.815496 0 3.254081 0 1
-0.6171 0 3.306111 0 1
-0.336961 0 3.318769 0 1
-0.14632 0 3.285703 0 1
0.126652 0 3.278339 0 1
0.312952 0 3.265133 0 1
0.581076 0 3.333901 0 1
0.839194 0 3.316409 0 1
1.072442 0 3.309852 0 1
1.299792 0 3.27882 0 1
1.50544 0 3.314038 0 1
1.719152 0 3.309997 0 1
1.998293 0 3.319489 0 1
2.177744 0 3.286875 0 1
2.408227 0 3.326 0 1
2.703794 0 3.326674 0 1
2.875551 0 3.332075 0 1
3.165755 0 3.306578 0 1
3.372889 0 3.32858 0 1
3.633782 0 3.268559 0 1
3.842888 0 3.266059 0 1
4.04971 0 3.288095 0 1
4.269833 0 3.259309 0 1
4.510713 0 3.332002 0 1
4.72168 0 3.312633 0 1
4.980094 0 3.329693 0 1
5.213527 0 3.308823 0 1
5.417429 0 3.312208 0 1
5.655327 0 3.324776 0 1
5.936595 0 3.276157 0 1
6.144441 0 3.262793 0 1
6.406558 0 3.302595 0 1
6.650035 0 3.275734 0 1
6.855371 0 3.2872 0 1
7.064828 0 3.264127 1 1
7.286833 0 3.273941 1 1
7.546056 0 3.328621 1 1
7.757234 0 3.309726 1 1
8 0 3.294118 1 1
-8 0 3.529412 1 1
-7.771608 0 3.487933 1 1
-7.566851 0 3.51444 1 1
-7.288235 0 3.545239 1 1
-7.054655 0 3.547069 1 1
-6.82087 0 3.508763 0 1
-6.642481 0 3.492035 0 1
-6.390764 0 3.506951 0 1
-6.110849 0 3.571489 0 1
-5.87637 0 3.568987 0 1
-5.672959 0 3.550439 0 1
-5.487215 0 3.508545 0 1
-5.207402 0 3.512683 0 1
-4.994298 0 3.518476 0 1
-4.714551 0 3.534457 0 1
-4.51502 0 3.509107 0 1
-4.289542 0 3.565863 0 1
-4.026425 0 3.498233 0 1
-3.841337 0 3.531989 0 1
-3.624105 0 3.496956 0 1
-3.400371 0 3.49789 0 1
-3.099408 0 3.557772 0 1
-2.877863 0 3.565517 0 1
-2.684788 0 3.56134 0 1
-2.425355 0 3.551568 0 1
-2.22262 0 3.513573 0 1
-1.938235 0 3.513787 0 1
-1.697845 0 3.551747 0 1
-1.536358 0 3.559316 0 1
-1.262221 0 3.554673 0 1
-1.080774 0 3.499648 0 1
-0.834145 0 3.490097 0 1
-0.599726 0 3.546858 0 1
-0.353133 0 3.571358 0 1
-0.08028 0 3.490514 0 1
0.103965 0 3.547118 0 1
0.346591 0 3.528818 0 1
0.60858 0 3.560489 0 1
0.780178 0 3.494985 0 1
1.074213 0 3.502361 0 1
1.247672 0 3.530152 0 1
1.488279 0 3.562523 0 1
1.746283 0 3.536489 0 1
2.010385 0 3.531615 0 1
2.208808 0 3.522332 0 1
2.399458 0 3.552134 0 1
2.681435 0 3.562224 0 1
2.858979 0 3.54477 0 1
3.145514 0 3.520447 0 1
3.36986 0 3.567633 0 1
3.622333 0 3.500085 0 1
3.791115 0 3.557424 0 1
4.071289 0 3.52552 0 1
4.327855 0 3.537391 0 1
4.480485 0 3.569204 0 1
4.76666 0 3.567605 0 1
4.970891 0 3.549025 0 1
5.236952 0 3.568156 0 1
5.455049 0 3.504963 0 1
5.643484 0 3.541579 0 1
5.898282 0 3.491763 0 1
6.109092 0 3.56769 0 1
6.36691 0 3.520844 0 1
6.581817 0 3.568804 0 1
6.871092 0 3.494614 0 1
7.101877 0 3.500861 1 1
7.327679 0 3.511195 1 1
7.557315 0 3.542462 1 1
7.736444 0 3.528636 1 1
8 0 3.529412 1 1
-8 0 3.764706 1 1
-7.773763 0 3.790656 1 1
-7.552084 0 3.780373 1 1
-7.335127 0 3.778726 1 1
-7.044745 0 3.765778 1 1
-6.841446 0 3.797353 0 1
-6.610662 0 3.770047 0 1
-6.383234 0 3.786432 0 1
-6.118966 0 3.774351 0 1
-5.918544 0 3.758439 0 1
-5.719523 0 3.751301 0 1
-5.45232 0 3.741347 0 1
-5.201845 0 3.735488 0 1
-4.985898 0 3.77568 0 1
-4.751563 0 3.746977 0 1
-4.526969 0 3.799199 0 1
-4.291724 0 3.734941 0 1
-4.089042 0 3.798834 0 1
-3.797576 0 3.766662 0 1
-3.611276 0 3.726396 0 1
-3.397669 0 3.726173 0 1
-3.163189 0 3.758346 0 1
-2.932402 0 3.778331 0 1
-2.66095 0 3.743816 0 1
-2.455246 0 3.729279 0 1
-2.202611 0 3.732004 0 1
-1.957526 0 3.737562 0 1
-1.765659 0 3.755639 0 1
-1.542033 0 3.796619 0 1
-1.292254 0 3.772093 0 1
-1.047235 0 3.779128 0 1
-0.801259 0 3.744806 0 1
-0.540749 0 3.796161 0 1
-0.373939 0 3.738031 0 1
-0.09532 0 3.77352 0 1
0.146964 0 3.73136 0 1
0.350696 0 3.722848 0 1
0.547711 0 3.7369 0 1
0.809684 0 3.780953 0 1
1.074263 0 3.804162 0 1
1.283868 0 3.763581 0 1
1.517138 0 3.80485 0 1
1.727504 0 3.779428 0 1
1.9869 0 3.755812 0 1
2.186425 0 3.732949 0 1
2.394202 0 3.731833 0 1
2.626254 0 3.804562 0 1
2.92852 0 3.740076 0 1
3.142842 0 3.77739 0 1
3.356959 0 3.775384 0 1
3.618413 0 3.738525 0 1
3.809468 0 3.761608 0 1
4.0558 0 3.724201 0 1
4.261982 0 3.735264 0 1
4.538652 0 3.803998 0 1
4.751243 0 3.795183 0 1
4.992622 0 3.739407 0 1
5.223187 0 3.792984 0 1
5.411787 0 3.72302 0 1
5.692046 0 3.782756 0 1
5.95307 0 3.794236 0 1
6.164718 0 3.772824 0 1
6.381345 0 3.746983 0 1
6.607652 0 3.763529 0 1
6.84818 0 3.77415 0 1
7.087379 0 3.791531 1 1
7.303338 0 3.782858 1 1
7.538595 0 3.758099 1 1
7.752743 0 3.727733 1 1
8 0 3.764706 1 1
-8 0 4 1 1
-7.735319 0 3.992981 1 1
-7.538458 0 3.999559 1 1
-7.267704 0 3.98702 1 1
-7.055976 0 3.95941 1 1
-6.858276 0 3.973928 0 1
-6.621731 0 3.977308 0 1
-6.40021 0 4.034651 0 1
-6.158355 0 4.008648 0 1
-5.884455 0 4.013295 0 1
-5.71195 0 3.982499 0 1
-5.431629 0 4.038948 0 1
-5.189586 0 4.014663 0 1
-4.965925 0 4.025071 0 1
-4.7286 0 4.029184 0 1
-4.511568 0 3.981573 0 1
-4.269048 0 4.014151 0 1
-4.088933 0 3.974545 0 1
-3.817259 0 3.966194 0 1
-3.601216 0 4.041825 0 1
-3.37871 0 3.975387 0 1
-3.168246 0 3.959183 0 1
-2.866753 0 3.987891 0 1
-2.695166 0 4.027779 0 1
-2.401854 0 3.960355 0 1
-2.239323 0 3.994123 0 1
-1.961201 0 3.96787 0 1
-1.762162 0 3.979486 0 1
-1.520576 0 3.987738 0 1
-1.313205 0 4.031995 0 1
-1.062888 0 3.970453 0 1
-0.795722 0 4.001303 0 1
-0.565562 0 4.017484 0 1
-0.312212 0 3.994734 0 1
-0.11952 0 4.028935 0 1
0.083463 0 3.966617 0 1
0.357056 0 4.0239 0 1
0.617057 0 4.027412 0 1
0.773359 0 3.966576 0 1
1.054324 0 4.031415 0 1
1.309671 0 3.970949 0 1
1.489893 0 3.995046 0 1
1.739623 0 4.019699 0 1
1.937564 0 4.01246 0 1
2.189092 0 3.969317 0 1
2.463883 0 3.994842 0 1
2.659634 0 4.022789 0 1
2.87729 0 4.026186 0 1
3.117188 0 4.000425 0 1
3.327695 0 3.989195 0 1
3.615477 0 3.988196 0 1
3.83986 0 3.970489 0 1
4.079133 0 3.993369 0 1
4.267164 0 4.025562 0 1
4.514511 0 3.992318 0 1
4.75018 0 4.02985 0 1
5.010101 0 3.988291 0 1
5.178137 0 3.969979 0 1
5.408367 0 4.025941 0 1
5.718194 0 3.964828 0 1
5.897584 0 4.040824 0 1
6.116906 0 3.962854 0 1
6.398449 0 4.013568 0 1
6.620505 0 4.034095 0 1
6.803666 0 4.011148 0 1
7.090275 0 4.013584 1 1
7.305999 0 3.982697 1 1
7.528051 0 4.015321 1 1
7.772591 0 3.983425 1 1
8 0 4 1 1
-8 0 4.235294 1 1
-7.747856 0 4.269958 1 1
-7.577311 0 4.21664 1 1
-7.302028 0 4.270909 1 1
-7.055743 0 4.230736 1 1
-6.865195 0 4.239057 0 1
-6.584625 0 4.248173 0 1
-6.360327 0 4.268132 0 1
-6.121423 0 4.227205 0 1
-5.938313 0 4.218483 0 1
-5.719812 0 4.221275 0 1
-5.430485 0 4.255628 0 1
-5.248612 0 4.276963 0 1
-5.003545 0 4.200804 0 1
-4.7493 0 4.237101 0 1
-4.500281 0 4.206496 0 1
-4.329266 0 4.260418 0 1
-4.050249 0 4.213384 0 1
-3.803201 0 4.254481 0 1
-3.553553 0 4.202296 0 1
-3.399054 0 4.224535 0 1
-3.119834 0 4.222967 0 1
-2.936305 0 4.248082 0 1
-2.697992 0 4.21818 0 1
-2.41501 0 4.231325 0 1
-2.162583 0 4.261162 0 1
-1.930194 0 4.240851 0 1
-1.706212 0 4.246115 0 1
-1.504467 0 4.243388 0 1
-1.287856 0 4.217043 0 1
-1.019705 0 4.253494 0 1
-0.7972 0 4.253451 0 1
-0.578068 0 4.213917 0 1
-0.362197 0 4.242271 0 1
-0.088992 0 4.223543 0 1
0.082383 0 4.253221 0 1
0.375243 0 4.199883 0 1
0.543163 0 4.268203 0 1
0.809612 0 4.230734 0 1
1.032567 0 4.237518 0 1
1.282728 0 4.236899 0 1
1.498463 0 4.215278 0 1
1.739033 0 4.228808 0 1
1.966012 0 4.271805 0 1
2.202025 0 4.275383 0 1
2.461814 0 4.205168 0 1
2.63554 0 4.25318 0 1
2.867612 0 4.252619 0 1
3.16076 0 4.202941 0 1
3.338331 0 4.233037 0 1
3.61478 0 4.272909 0 1
3.815179 0 4.273566 0 1
4.066452 0 4.227554 0 1
4.258206 0 4.241373 0 1
4.483363 0 4.205927 0 1
4.742894 0 4.276886 0 1
4.969084 0 4.234102 0 1
5.2417 0 4.204981 0 1
5.456757 0 4.197062 0 1
5.714071 0 4.26825 0 1
5.889301 0 4.262326 0 1
6.143992 0 4.203303 0 1
6.364177 0 4.266671 0 1
6.601815 0 4.241483 0 1
6.84607 0 4.269201 0 1
7.09595 0 4.233196 1 1
7.322716 0 4.244248 1 1
7.558099 0 4.235698 1 1
7.764855 0 4.231053 1 1
8 0 4.235294 1 1
-8 0 4.470588 1 1
-7.772367 0 4.50162 1 1
-7.550823 0 4.495984 1 1
-7.290615 0 4.462933 1 1
-7.094767 0 4.461728 1 1
-6.837158 0 4.50939 0 1
-6.576136 0 4.490571 0 1
-6.364631 0 4.501587 0 1
-6.12763 0 4.476687 0 1
-5.888321 0 4.488156 0 1
-5.676064 0 4.43872 0 1
-5.444321 0 4.444535 0 1
-5.207482 0 4.477098 0 1
-5.022833 0 4.476538 0 1
-4.779552 0 4.468541 0 1
-4.48861 0 4.438424 0 1
-4.253443 0 4.443461 0 1
-4.098126 0 4.494878 0 1
-3.84735 0 4.488005 0 1
-3.561842 0 4.465864 0 1
-3.336698 0 4.479639 0 1
-3.138633 0 4.432046 0 1
-2.868334 0 4.430206 0 1
-2.671924 0 4.463383 0 1
-2.40476 0 4.455119 0 1
-2.223169 0 4.437946 0 1
-2.004461 0 4.442479 0 1
-1.768846 0 4.449882 0 1
-1.541503 0 4.454223 0 1
-1.283103 0 4.442567 0 1
-1.033922 0 4.455789 0 1
-0.851065 0 4.433191 0 1
-0.588898 0 4.455345 0 1
-0.355103 0 4.455698 0 1
-0.126334 0 4.49835 0 1
0.084301 0 4.445393 0 1
0.368874 0 4.477875 0 1
0.579124 0 4.491967 0 1
0.801998 0 4.437983 0 1
1.006801 0 4.467609 0 1
1.267605 0 4.469247 0 1
1.499524 0 4.448034 0 1
1.771366 0 4.451035 0 1
2.009705 0 4.48542 0 1
2.181721 0 4.475222 0 1
2.458592 0 4.454038 0 1
2.658882 0 4.435343 0 1
2.909887 0 4.445469 0 1
3.169495 0 4.459856 0 1
3.402832 0 4.494477 0 1
3.597336 0 4.46413 0 1
3.860438 0 4.4665 0 1
4.016315 0 4.467594 0 1
4.31735 0 4.452736 0 1
4.561148 0 4.428281 0 1
4.789812 0 4.469079 0 1
4.993677 0 4.499345 0 1
5.207387 0 4.458002 0 1
5.460312 0 4.477802 0 1
5.682022 0 4.432088 0 1
5.93301 0 4.475932 0 1
6.128285 0 4.46172 0 1
6.345338 0 4.440064 0 1
6.61341 0 4.451907 0 1
6.8349 0 4.479944 0 1
7.110648 0 4.455198 1 1
7.319549 0 4.457259 1 1
7.516311 0 4.491993 1 1
7.764169 0 4.449067 1 1
8 0 4.470588 1 1
-8 0 4.705882 1 1
-7.727794 0 4.692467 1 1
-7.539588 0 4.714312 1 1
-7.344762 0 4.722133 1 1
-7.060239 0 4.663703 1 1
-6.842539 0 4.739887 0 1
-6.594278 0 4.698527 0 1
-6.343815 0 4.723103 0 1
-6.123017 0 4.709112 0 1
-5.88906 0 4.718512 0 1
-5.716427 0 4.666151 0 1
-5.421554 0 4.720419 0 1
-5.203013 0 4.69343 0 1
-4.959397 0 4.733621 0 1
-4.76548 0 4.678538 0 1
-4.49937 0 4.722572 0 1
-4.33089 0 4.702722 0 1
-4.021554 0 4.701188 0 1
-3.849334 0 4.665205 0 1
-3.612473 0 4.741577 0 1
-3.374188 0 4.67115 0 1
-3.120965 0 4.68921 0 1
-2.880368 0 4.683372 0 1
-2.667184 0 4.694278 0 1
-2.453085 0 4.740147 0 1
-2.185621 0 4.68124 0 1
-1.996385 0 4.733083 0 1
-1.747805 0 4.737216 0 1
-1.501478 0 4.705375 0 1
-1.271039 0 4.719422 0 1
-1.037993 0 4.721331 0 1
-0.806156 0 4.669066 0 1
-0.610743 0 4.669039 0 1
-0.367892 0 4.711804 0 1
-0.138651 0 4.707837 0 1
0.139504 0 4.67978 0 1
0.362683 0 4.747554 0 1
0.59582 0 4.708673 0 1
0.790968 0 4.710975 0 1
1.039632 0 4.742974 0 1
1.28713 0 4.743413 0 1
1.469837 0 4.743048 0 1
1.7335 0 4.747821 0 1
1.952151 0 4.721144 0 1
2.200109 0 4.694148 0 1
2.456405 0 4.738393 0 1
2.643672 0 4.687072 0 1
2.891878 0 4.701551 0 1
3.089126 0 4.680014 0 1
3.327409 0 4.711966 0 1
3.554582 0 4.725995 0 1
3.865998 0 4.699429 0 1
4.022446 0 4.684705 0 1
4.261847 0 4.689856 0 1
4.532257 0 4.671723 0 1
4.751951 0 4.731977 0 1
4.993232 0 4.71658 0 1
5.203559 0 4.684741 0 1
5.416539 0 4.68372 0 1
5.66787 0 4.66814 0 1
5.899152 0 4.730795 0 1
6.181954 0 4.72924 0 1
6.386793 0 4.728253 0 1
6.61916 0 4.712569 0 1
6.805981 0 4.66867 0 1
7.033508 0 4.690066 0 1
7.333373 0 4.669038 1 1
7.505139 0 4.741384 1 1
7.763267 0 4.689066 1 1
8 0 4.705882 1 1
-8 0 4.941176 1 1
-7.757582 0 4.904396 1 1
-7.521409 0 4.946196 1 1
-7.321468 0 4.931135 1 1
-7.106203 0 4.962519 1 1
-6.862859 0 4.949611 0 1
-6.595362 0 4.899722 0 1
-6.386502 0 4.966179 0 1
-6.113211 0 4.951276 0 1
-5.926432 0 4.978242 0 1
-5.657541 0 4.937287 0 1
-5.463617 0 4.915128 0 1
-5.250558 0 4.949238 0 1
-5.021608 0 4.965692 0 1
-4.7792 0 4.947378 0 1
-4.510272 0 4.920532 0 1
-4.296449 0 4.960203 0 1
-4.062594 0 4.91942 0 1
-3.801292 0 4.903947 0 1
-3.609925 0 4.935742 0 1
-3.32394 0 4.962723 0 1
-3.146196 0 4.973807 0 1
-2.875553 0 4.91131 0 1
-2.682638 0 4.927869 0 1
-2.445732 0 4.899508 0 1
-2.195683 0 4.95628 0 1
-2.007969 0 4.941779 0 1
-1.711151 0 4.971561 0 1
-1.513753 0 4.915376 0 1
-1.300375 0 4.975779 0 1
-1.019665 0 4.927755 0 1
-0.797582 0 4.957676 0 1
-0.53948 0 4.949627 0 1
-0.361922 0 4.947818 0 1
-0.077286 0 4.951011 0 1
0.109155 0 4.91257 0 1
0.344011 0 4.965673 0 1
0.541493 0 4.917408 0 1
0.770164 0 4.917715 0 1
1.020962 0 4.951673 0 1
1.253576 0 4.961047 0 1
1.545028 0 4.926905 0 1
1.759172 0 4.916215 0 1
1.944656 0 4.982672 0 1
2.191447 0 4.905069 0 1
2.395549 0 4.908581 0 1
2.649184 0 4.915291 0 1
2.905704 0 4.963669 0 1
3.092361 0 4.901338 0 1
3.337094 0 4.913575 0 1
3.626374 0 4.959713 0 1
3.812715 0 4.945793 0 1
4.031136 0 4.900644 0 1
4.318478 0 4.975961 0 1
4.481753 0 4.956208 0 1
4.743516 0 4.965522 0 1
4.953032 0 4.978118 0 1
5.201119 0 4.919166 0 1
5.475111 0 4.954806 0 1
5.717987 0 4.98159 0 1
5.95459 0 4.973506 0 1
6.176515 0 4.904361 0 1
6.347129 0 4.977105 0 1
6.633313 0 4.91506 0 1
6.830412 0 4.930525 0 1
7.080774 0 4.98158 1 1
7.283023 0 4.902737 1 1
7.545918 0 4.914842 1 1
7.771077 0 4.965706 1 1
8 0 4.941176 1 1
-8 0 5.176471 1 1
-7.782501 0 5.138629 1 1
-7.511555 0 5.208053 1 1
-7.275005 0 5.216145 1 1
-7.040255 0 5.151841 1 1
-6.875523 0 5.173986 0 1
-6.595047 0 5.139613 0 1
-6.376093 0 5.197758 0 1
-6.132817 0 5.177246 0 1
-5.913161 0 5.173444 0 1
-5.696033 0 5.165787 0 1
-5.433038 0 5.194737 0 1
-5.217826 0 5.156847 0 1
-4.993776 0 5.212147 0 1
-4.746612 0 5.137218 0 1
-4.545153 0 5.151313 0 1
-4.259538 0 5.167653 0 1
-4.074166 0 5.209397 0 1
-3.820129 0 5.21336 0 1
-3.604712 0 5.180753 0 1
-3.392844 0 5.141235 0 1
-3.135067 0 5.163898 0 1
-2.891542 0 5.173527 0 1
-2.656555 0 5.170211 0 1
-2.437491 0 5.168758 0 1
-2.177479 0 5.160971 0 1
-1.980834 0 5.149328 0 1
-1.761353 0 5.188783 0 1
-1.519009 0 5.141099 0 1
-1.246762 0 5.177554 0 1
-1.031486 0 5.200686 0 1
-0.775982 0 5.142453 0 1
-0.615493 0 5.13736 0 1
-0.372844 0 5.150775 0 1
-0.130197 0 5.159759 0 1
0.142285 0 5.192017 0 1
0.328999 0 5.19389 0 1
0.621282 0 5.218688 0 1
0.832663 0 5.196785 0 1
1.077903 0 5.134841 0 1
1.258623 0 5.203772 0 1
1.530881 0 5.168323 0 1
1.731263 0 5.183243 0 1
1.983979 0 5.174099 0 1
2.203954 0 5.198592 0 1
2.405505 0 5.167789 0 1
2.643871 0 5.197574 0 1
2.896417 0 5.177811 0 1
3.154307 0 5.198293 0 1
3.380894 0 5.173201 0 1
3.618571 0 5.160637 0 1
3.800029 0 5.199352 0 1
4.074495 0 5.151871 0 1
4.285679 0 5.181421 0 1
4.511279 0 5.183036 0 1
4.722598 0 5.214025 0 1
4.944576 0 5.202763 0 1
5.245298 0 5.162903 0 1
5.442526 0 5.192206 0 1
5.673093 0 5.200073 0 1
5.916183 0 5.161739 0 1
6.105128 0 5.200642 0 1
6.412051 0 5.147136 0 1
6.646481 0 5.162092 0 1
6.851418 0 5.185196 0 1
7.081466 0 5.207553 1 1
7.344432 0 5.151415 1 1
7.527102 0 5.179392 1 1
7.742099 0 5.14332 1 1
8 0 5.176471 1 1
-8 0 5.411765 1 1
-7.762313 0 5.407659 1 1
-7.503279 0 5.37731 1 1
-7.337379 0 5.416246 1 1
-7.111527 0 5.427776 1 1
-6.84153 0 5.385226 0 1
-6.644634 0 5.450983 0 1
-6.394858 0 5.389152 0 1
-6.131607 0 5.375339 0 1
-5.949987 0 5.413334 0 1
-5.708555 0 5.442234 0 1
-5.456717 0 5.382714 0 1
-5.249886 0 5.414852 0 1
-4.987323 0 5.375236 0 1
-4.715633 0 5.442742 0 1
-4.552632 0 5.386834 0 1
-4.295515 0 5.429525 0 1
-4.060076 0 5.42055 0 1
-3.789427 0 5.419176 0 1
-3.593996 0 5.427421 0 1
-3.381065 0 5.370042 0 1
-3.160262 0 5.37483 0 1
-2.906962 0 5.437817 0 1
-2.664508 0 5.44652 0 1
-2.403124 0 5.408394 0 1
-2.196543 0 5.431865 0 1
-1.988719 0 5.444037 0 1
-1.742778 0 5.428733 0 1
-1.489578 0 5.394607 0 1
-1.265927 0 5.438022 0 1
-1.070598 0 5.390515 0 1
-0.778206 0 5.431522 0 1
-0.583231 0 5.446565 0 1
-0.374252 0 5.417577 0 1
-0.124828 0 5.449517 0 1
0.094212 0 5.443152 0 1
0.328941 0 5.422614 0 1
0.562337 0 5.447027 0 1
0.828127 0 5.430604 0 1
1.019875 0 5.411213 0 1
1.316466 0 5.416239 0 1
1.548595 0 5.375895 0 1
1.706175 0 5.434342 0 1
1.95649 0 5.407609 0 1
2.18226 0 5.412278 0 1
2.431624 0 5.375612 0 1
2.682902 0 5.432919 0 1
2.88863 0 5.432599 0 1
3.160134 0 5.403012 0 1
3.321476 0 5.379126 0 1
3.629025 0 5.39712 0 1
3.846846 0 5.410474 0 1
4.021928 0 5.415867 0 1
4.268342 0 5.449884 0 1
4.491708 0 5.438907 0 1
4.782136 0 5.383862 0 1
4.945276 0 5.377926 0 1
5.200207 0 5.4147 0 1
5.440164 0 5.375984 0 1
5.703163 0 5.42679 0 1
5.884118 0 5.399744 0 1
6.121276 0 5.372329 0 1
6.391424 0 5.387722 0 1
6.625119 0 5.440268 0 1
6.866584 0 5.423709 0 1
7.090529 0 5.445394 1 1
7.295217 0 5.395529 1 1
7.498868 0 5.369807 1 1
7.790856 0 5.434391 1 1
8 0 5.411765 1 1
-8 0 5.647059 1 1
-7.732319 0 5.63644 1 1
-7.558058 0 5.612447 1 1
-7.310886 0 5.688505 1 1
-7.086061 0 5.620982 1 1
-6.826476 0 5.623389 0 1
-6.576783 0 5.67221 0 1
-6.349226 0 5.618927 0 1
-6.172722 0 5.639916 0 1
-5.945793 0 5.632417 0 1
-5.675979 0 5.620762 0 1
-5.473725 0 5.650591 0 1
-5.180751 0 5.614939 0 1
-5.0094 0 5.63491 0 1
-4.780869 0 5.638769 0 1
-4.537079 0 5.637672 0 1
-4.293296 0 5.610298 0 1
-4.031668 0 5.65976 0 1
-3.837024 0 5.610409 0 1
-3.617697 0 5.630248 0 1
-3.354065 0 5.68798 0 1
-3.163675 0 5.650124 0 1
-2.857602 0 5.676745 0 1
-2.694093 0 5.685942 0 1
-2.426446 0 5.687838 0 1
-2.18651 0 5.662128 0 1
-1.931582 0 5.663468 0 1
-1.753151 0 5.658524 0 1
-1.475193 0 5.63164 0 1
-1.246015 0 5.645545 0 1
-1.057243 0 5.656252 0 1
-0.804495 0 5.637095 0 1
-0.567974 0 5.624394 0 1
-0.340524 0 5.688428 0 1
-0.138264 0 5.656914 0 1
0.149064 0 5.630867 0 1
0.367687 0 5.668849 0 1
0.589708 0 5.609782 0 1
0.80112 0 5.629831 0 1
1.0144 0 5.622019 0 1
1.236788 0 5.682924 0 1
1.515434 0 5.684827 0 1
1.759103 0 5.632548 0 1
1.952493 0 5.659223 0 1
2.224644 0 5.648827 0 1
2.474649 0 5.659599 0 1
2.649007 0 5.606713 0 1
2.927512 0 5.632766 0 1
3.108918 0 5.650389 0 1
3.396264 0 5.661036 0 1
3.573195 0 5.662928 0 1
3.844411 0 5.656212 0 1
4.048078 0 5.63195 0 1
4.285043 0 5.605218 0 1
4.552615 0 5.610634 0 1
4.727951 0 5.65844 0 1
4.955583 0 5.622005 0 1
5.183312 0 5.654905 0 1
5.476925 0 5.683636 0 1
5.659147 0 5.611327 0 1
5.931825 0 5.631089 0 1
6.163432 0 5.625452 0 1
6.349801 0 5.625795 0 1
6.590777 0 5.642677 0 1
6.8519 0 5.627734 0 1
7.095945 0 5.611484 1 1
7.343796 0 5.63844 1 1
7.508498 0 5.642093 1 1
7.768558 0 5.666959 1 1
8 0 5.647059 1 1
-8 0 5.882353 1 1
-7.746385 0 5.909425 1 1
-7.511726 0 5.841678 1 1
-7.314247 0 5.912342 1 1
-7.050855 0 5.918059 1 1
-6.832634 0 5.852943 0 1
-6.589775 0 5.861794 0 1
-6.379846 0 5.878423 0 1
-6.15535 0 5.891334 0 1
-5.948777 0 5.851576 0 1
-5.683726 0 5.853106 0 1
-5.475185 0 5.841087 0 1
-5.217333 0 5.901441 0 1
-4.986221 0 5.918411 0 1
-4.716869 0 5.922206 0 1
-4.532329 0 5.881468 0 1
-4.278081 0 5.889833 0 1
-4.065585 0 5.843289 0 1
-3.790892 0 5.872597 0 1
-3.588726 0 5.856452 0 1
-3.367637 0 5.861622 0 1
-3.095951 0 5.901178 0 1
-2.897749 0 5.881389 0 1
-2.650932 0 5.898994 0 1
-2.422185 0 5.918482 0 1
-2.183226 0 5.860529 0 1
-2.009873 0 5.908877 0 1
-1.728199 0 5.897297 0 1
-1.490762 0 5.894664 0 1
-1.295286 0 5.878581 0 1
-1.028363 0 5.86154 0 1
-0.803067 0 5.920621 0 1
-0.551201 0 5.841045 0 1
-0.325206 0 5.894584 0 1
-0.081141 0 5.873685 0 1
0.123135 0 5.91632 0 1
0.349374 0 5.855994 0 1
0.573278 0 5.910285 0 1
0.790964 0 5.8656 0 1
1.08252 0 5.895778 0 1
1.265578 0 5.866088 0 1
1.499868 0 5.914236 0 1
1.758134 0 5.847528 0 1
1.982383 0 5.90579 0 1
2.189909 0 5.852089 0 1
2.455546 0 5.918778 0 1
2.658149 0 5.866098 0 1
2.939207 0 5.909153 0 1
3.088827 0 5.845916 0 1
3.378707 0 5.884467 0 1
3.607102 0 5.902093 0 1
3.798592 0 5.871735 0 1
4.075005 0 5.856774 0 1
4.263308 0 5.920342 0 1
4.51762 0 5.908982 0 1
4.727381 0 5.844996 0 1
4.959022 0 5.904306 0 1
5.197302 0 5.916428 0 1
5.441662 0 5.893097 0 1
5.691546 0 5.913555 0 1
5.885172 0 5.864829 0 1
6.134721 0 5.863443 0 1
6.363635 0 5.889608 0 1
6.606851 0 5.896991 0 1
6.807256 0 5.845172 0 1
7.093483 0 5.840612 1 1
7.31123 0 5.923657 1 1
7.502577 0 5.884245 1 1
7.726983 0 5.891076 1 1
8 0 5.882353 1 1
-8 0 6.117647 1 1
-7.727471 0 6.139786 1 1
-7.500159 0 6.11538 1 1
-7.317952 0 6.111671 1 1
-7.08325 0 6.150695 1 1
-6.798887 0 6.144486 0 1
-6.571882 0 6.13163 0 1
-6.38696 0 6.080143 0 1
-6.156946 0 6.103269 0 1
-5.94642 0 6.113998 0 1
-5.664605 0 6.136725 0 1
-5.416888 0 6.087057 0 1
-5.208884 0 6.148904 0 1
-5.003917 0 6.134526 0 1
-4.727323 0 6.106502 0 1
-4.511859 0 6.131105 0 1
-4.291925 0 6.110288 0 1
-4.084022 0 6.158829 0 1
-3.787892 0 6.144128 0 1
-3.634554 0 6.105806 0 1
-3.400238 0 6.143699 0 1
-3.145 0 6.112929 0 1
-2.889638 0 6.10919 0 1
-2.657268 0 6.082187 0 1
-2.4408 0 6.154196 0 1
-2.166932 0 6.158888 0 1
-1.941204 0 6.15197 0 1
-1.719573 0 6.100186 0 1
-1.532701 0 6.087421 0 1
-1.273688 0 6.123737 0 1
-1.013693 0 6.11804 0 1
-0.84266 0 6.14279 0 1
-0.596293 0 6.132306 0 1
-0.343757 0 6.149394 0 1
-0.143652 0 6.113097 0 1
0.08386 0 6.131424 0 1
0.326197 0 6.093221 0 1
0.600851 0 6.131178 0 1
0.777321 0 6.112132 0 1
1.06149 0 6.088867 0 1
1.311172 0 6.151754 0 1
1.529477 0 6.093961 0 1
1.718898 0 6.11564 0 1
2.004198 0 6.085721 0 1
2.172492 0 6.120573 0 1
2.4536 0 6.082955 0 1
2.682677 0 6.149153 0 1
2.934595 0 6.140207 0 1
3.138839 0 6.129844 0 1
3.352052 0 6.136066 0 1
3.613904 0 6.107622 0 1
3.837949 0 6.12289 0 1
4.087701 0 6.143774 0 1
4.266778 0 6.085094 0 1
4.487319 0 6.082845 0 1
4.773706 0 6.154681 0 1
5.005928 0 6.085129 0 1
5.20635 0 6.147576 0 1
5.48718 0 6.124162 0 1
5.63956 0 6.080536 0 1
5.916016 0 6.14705 0 1
6.184985 0 6.10237 0 1
6.365544 0 6.132835 0 1
6.633452 0 6.11932 0 1
6.849063 0 6.094111 0 1
7.063725 0 6.120891 1 1
7.301059 0 6.087551 1 1
7.573204 0 6.146211 1 1
7.768102 0 6.113902 1 1
8 0 6.117647 1 1
-8 0 6.352941 1 1
-7.759646 0 6.322944 1 1
-7.522429 0 6.378462 1 1
-7.287405 0 6.361317 1 1
-7.088417 0 6.394475 1 1
-6.872012 0 6.395027 0 1
-6.591456 0 6.351102 0 1
-6.349373 0 6.35252 0 1
-6.127886 0 6.342498 0 1
-5.872879 0 6.338808 0 1
-5.653788 0 6.328428 0 1
-5.429853 0 6.379235 0 1
-5.200662 0 6.315041 0 1
-4.955002 0 6.325752 0 1
-4.754666 0 6.343777 0 1
-4.481303 0 6.366431 0 1
-4.260761 0 6.394537 0 1
-4.053969 0 6.339169 0 1
-3.811236 0 6.394474 0 1
-3.572689 0 6.343714 0 1
-3.359994 0 6.334563 0 1
-3.114042 0 6.327114 0 1
-2.868811 0 6.343943 0 1
-2.697478 0 6.37431 0 1
-2.428072 0 6.378783 0 1
-2.173697 0 6.370694 0 1
-1.97456 0 6.324454 0 1
-1.769386 0 6.36954 0 1
-1.524687 0 6.322856 0 1
-1.298892 0 6.373981 0 1
-1.023834 0 6.311362 0 1
-0.792732 0 6.359352 0 1
-0.564824 0 6.394319 0 1
-0.377243 0 6.391093 0 1
-0.122027 0 6.381882 0 1
0.151503 0 6.318724 0 1
0.387408 0 6.325804 0 1
0.542351 0 6.393623 0 1
0.824124 0 6.360852 0 1
1.08269 0 6.363696 0 1
1.267348 0 6.313468 0 1
1.485613 0 6.351978 0 1
1.754823 0 6.391445 0 1
1.98377 0 6.342384 0 1
2.218909 0 6.377957 0 1
2.448015 0 6.376467 0 1
2.697128 0 6.365673 0 1
2.879786 0 6.365918 0 1
3.119359 0 6.320753 0 1
3.327478 0 6.352028 0 1
3.608293 0 6.353767 0 1
3.78627 0 6.359123 0 1
4.064034 0 6.333774 0 1
4.310337 0 6.377874 0 1
4.495118 0 6.351602 0 1
4.765694 0 6.347321 0 1
4.99147 0 6.319011 0 1
5.180953 0 6.387576 0 1
5.47392 0 6.326249 0 1
5.707277 0 6.312261 0 1
5.917723 0 6.356026 0 1
6.170989 0 6.351972 0 1
6.378389 0 6.360118 0 1
6.626539 0 6.377512 0 1
6.809199 0 6.374371 0 1
7.111338 0 6.38662 1 1
7.27769 0 6.361336 1 1
7.509514 0 6.357576 1 1
7.793202 0 6.321011 1 1
8 0 6.352941 1 1
-8 0 6.588235 1 1
-7.799102 0 6.563351 1 1
-7.564513 0 6.593529 1 1
-7.275009 0 6.548848 1 1
-7.0324 0 6.588756 0 1
-6.85197 0 6.591999 0 1
-6.615119 0 6.625949 0 1
-6.418544 0 6.571345 0 1
-6.107678 0 6.589882 0 1
-5.889436 0 6.601717 0 1
-5.685757 0 6.594764 0 1
-5.432989 0 6.590155 0 1
-5.176819 0 6.575709 0 1
-4.982318 0 6.563657 0 1
-4.787097 0 6.615321 0 1
-4.543686 0 6.561813 0 1
-4.306575 0 6.616411 0 1
-4.019786 0 6.596888 0 1
-3.849791 0 6.576297 0 1
-3.625216 0 6.598596 0 1
-3.397851 0 6.56748 0 1
-3.140303 0 6.622428 0 1
-2.906894 0 6.552934 0 1
-2.687187 0 6.581911 0 1
-2.418545 0 6.591277 0 1
-2.238748 0 6.607944 0 1
-1.929663 0 6.604906 0 1
-1.764789 0 6.577405 0 1
-1.494114 0 6.615384 0 1
-1.266602 0 6.581432 0 1
-1.072404 0 6.629949 0 1
-0.817135 0 6.548077 0 1
-0.571061 0 6.552449 0 1
-0.379162 0 6.555199 0 1
-0.111904 0 6.551469 0 1
0.127644 0 6.576615 0 1
0.333928 0 6.569028 0 1
0.610502 0 6.565006 0 1
0.770678 0 6.57783 0 1
1.082611 0 6.577955 0 1
1.242389 0 6.624289 0 1
1.480177 0 6.607576 0 1
1.722982 0 6.615455 0 1
1.970148 0 6.590688 0 1
2.219632 0 6.619187 0 1
2.439085 0 6.597338 0 1
2.699772 0 6.560346 0 1
2.935825 0 6.578881 0 1
3.11751 0 6.608675 0 1
3.401387 0 6.590919 0 1
3.602101 0 6.617851 0 1
3.824155 0 6.556688 0 1
4.017025 0 6.589384 0 1
4.261096 0 6.556586 0 1
4.511622 0 6.608177 0 1
4.716297 0 6.60733 0 1
5.025118 0 6.605812 0 1
5.196448 0 6.597443 0 1
5.466538 0 6.561392 0 1
5.72175 0 6.613517 0 1
5.91323 0 6.569246 0 1
6.138897 0 6.625648 0 1
6.408649 0 6.614835 0 1
6.592433 0 6.618553 0 1
6.877932 0 6.580317 0 1
7.056831 0 6.553518 1 1
7.269243 0 6.607714 1 1
7.573369 0 6.559868 1 1
7.731169 0 6.608854 1 1
8 0 6.588235 1 1
-8 0 6.823529 1 1
-7.763595 0 6.822924 1 1
-7.504982 0 6.862678 1 1
-7.310694 0 6.824265 1 1
-7.053197 0 6.821806 1 1
-6.839327 0 6.865709 0 1
-6.576299 0 6.840291 0 1
-6.384703 0 6.83338 0 1
-6.110627 0 6.84436 0 1
-5.895166 0 6.84069 0 1
-5.660318 0 6.801864 0 1
-5.429325 0 6.861721 0 1
-5.190397 0 6.855746 0 1
-4.983161 0 6.832779 0 1
-4.74466 0 6.862888 0 1
-4.50717 0 6.855881 0 1
-4.287892 0 6.800241 0 1
-4.093439 0 6.852279 0 1
-3.824945 0 6.861857 0 1
-3.600654 0 6.813288 0 1
-3.372897 0 6.790768 0 1
-3.095871 0 6.802333 0 1
-2.895285 0 6.846096 0 1
-2.698567 0 6.806519 0 1
-2.452017 0 6.799224 0 1
-2.183029 0 6.829361 0 1
-1.9946 0 6.806997 0 1
-1.702975 0 6.83564 0 1
-1.480055 0 6.784178 0 1
-1.278446 0 6.833503 0 1
-1.044458 0 6.81131 0 1
-0.80195 0 6.809007 0 1
-0.591907 0 6.781613 0 1
-0.315253 0 6.796945 0 1
-0.128085 0 6.78976 0 1
0.115278 0 6.788355 0 1
0.349021 0 6.794197 0 1
0.548309 0 6.822463 0 1
0.782847 0 6.836797 0 1
1.020613 0 6.814666 0 1
1.258607 0 6.81746 0 1
1.480715 0 6.849919 0 1
1.706465 0 6.818326 0 1
1.999343 0 6.794885 0 1
2.190689 0 6.817935 0 1
2.423032 0 6.854914 0 1
2.641495 0 6.797234 0 1
2.860172 0 6.814597 0 1
3.150797 0 6.857496 0 1
3.333962 0 6.798032 0 1
3.592474 0 6.837526 0 1
3.806536 0 6.816846 0 1
4.062155 0 6.848926 0 1
4.307746 0 6.808696 0 1
4.54381 0 6.855867 0 1
4.753778 0 6.859408 0 1
5.014146 0 6.814114 0 1
5.184812 0 6.790315 0 1
5.409302 0 6.794352 0 1
5.681159 0 6.846178 0 1
5.891047 0 6.838633 0 1
6.13175 0 6.863887 0 1
6.396632 0 6.817967 0 1
6.591121 0 6.822338 0 1
6.862359 0 6.802162 0 1
7.043455 0 6.824481 1 1
7.283434 0 6.846123 1 1
7.566632 0 6.865396 1 1
7.747026 0 6.850687 1 1
8 0 6.823529 1 1
-8 0 7.058824 1 1
-7.793292 0 7.076312 1 1
-7.510358 0 7.075862 1 1
-7.304153 0 7.031818 1 1
-7.031346 0 7.066548 1 1
-6.829354 0 7.035901 0 1
-6.639391 0 7.01972 0 1
-6.335874 0 7.095171 1 1
-6.15108 0 7.068689 1 1
-5.947191 0 7.020787 0 1
-5.688898 0 7.042428 1 1
-5.438147 0 7.036074 0 1
-5.231067 0 7.057061 1 1
-4.984684 0 7.07101 1 1
-4.769961 0 7.039277 0 1
-4.540058 0 7.046204 1 1
-4.296694 0 7.043563 1 1
-4.09574 0 7.019934 0 1
-3.863474 0 7.079556 1 1
-3.618247 0 7.056457 1 1
-3.328219 0 7.025006 0 1
-3.156744 0 7.0968 1 1
-2.909939 0 7.042251 1 1
-2.700318 0 7.017628 0 1
-2.430461 0 7.089485 1 1
-2.216989 0 7.079262 1 1
-1.982586 0 7.08244 1 1
-1.736721 0 7.047947 1 1
-1.494704 0 7.034262 0 1
-1.285042 0 7.091621 1 1
-1.074325 0 7.079372 1 1
-0.843286 0 7.066156 1 1
-0.545302 0 7.071898 1 1
-0.373668 0 7.076159 1 1
-0.080422 0 7.022813 0 1
0.11983 0 7.045516 1 1
0.366638 0 7.100299 1 1
0.554834 0 7.077524 1 1
0.773512 0 7.032709 0 1
1.047694 0 7.037861 0 1
1.30684 0 7.088762 1 1
1.541207 0 7.09907 1 1
1.772097 0 7.05446 1 1
1.989156 0 7.093625 1 1
2.166812 0 7.051963 1 1
2.470789 0 7.059151 1 1
2.626754 0 7.067222 1 1
2.914971 0 7.027392 0 1
3.092489 0 7.064429 1 1
3.386894 0 7.07524 1 1
3.614297 0 7.050141 1 1
3.841505 0 7.090186 1 1
4.097334 0 7.030491 0 1
4.310785 0 7.04901 1 1
4.545061 0 7.050425 1 1
4.734548 0 7.032062 0 1
4.957125 0 7.03492 0 1
5.233813 0 7.09094 1 1
5.473538 0 7.055049 1 1
5.698502 0 7.060947 1 1
5.896633 0 7.035134 0 1
6.162312 0 7.063241 1 1
6.349356 0 7.020334 0 1
6.586842 0 7.019782 0 1
6.811207 0 7.091317 1 1
7.10813 0 7.039378 1 1
7.328608 0 7.070887 1 1
7.51528 0 7.086218 1 1
7.771004 0 7.016589 1 1
8 0 7.058824 1 1
-8 0 7.294118 1 1
-7.78085 0 7.303025 1 1
-7.547158 0 7.258816 1 1
-7.287196 0 7.298292 1 1
-7.053925 0 7.286354 1 1
-6.831273 0 7.279263 1 1
-6.645655 0 7.320878 1 1
-6.34977 0 7.270339 1 1
-6.106091 0 7.266735 1 1
-5.873675 0 7.297285 1 1
-5.641193 0 7.317682 1 1
-5.425859 0 7.260781 1 1
-5.196875 0 7.284121 1 1
-4.972666 0 7.325461 1 1
-4.742412 0 7.298427 1 1
-4.495289 0 7.270454 1 1
-4.309156 0 7.301035 1 1
-4.032282 0 7.31554 1 1
-3.854833 0 7.271393 1 1
-3.575313 0 7.282991 1 1
-3.328747 0 7.259701 1 1
-3.157021 0 7.267438 1 1
-2.868302 0 7.267762 1 1
-2.667458 0 7.313556 1 1
-2.422464 0 7.253548 1 1
-2.231038 0 7.26682 1 1
-1.979847 0 7.303251 1 1
-1.775072 0 7.257868 1 1
-1.528512 0 7.328773 1 1
-1.236095 0 7.260255 1 1
-1.041243 0 7.313326 1 1
-0.785884 0 7.302867 1 1
-0.589905 0 7.253519 1 1
-0.320565 0 7.316433 1 1
-0.103881 0 7.25547 1 1
0.094934 0 7.258846 1 1
0.317994 0 7.304908 1 1
0.539098 0 7.333621 1 1
0.849795 0 7.260772 1 1
1.06319 0 7.280428 1 1
1.29268 0 7.268903 1 1
1.505612 0 7.299442 1 1
1.734483 0 7.265584 1 1
1.95697 0 7.264853 1 1
2.165824 0 7.310385 1 1
2.445425 0 7.26219 1 1
2.693791 0 7.260474 1 1
2.881583 0 7.295095 1 1
3.158524 0 7.263779 1 1
3.396726 0 7.253798 1 1
3.58812 0 7.264248 1 1
3.839057 0 7.270898 1 1
4.089608 0 7.284355 1 1
4.321929 0 7.321459 1 1
4.489384 0 7.266127 1 1
4.721078 0 7.260382 1 1
5.023561 0 7.282031 1 1
5.227049 0 7.26179 1 1
5.484613 0 7.329683 1 1
5.714182 0 7.30297 1 1
5.886169 0 7.2967 1 1
6.153243 0 7.309317 1 1
6.347613 0 7.308287 1 1
6.592131 0 7.321017 1 1
6.827923 0 7.260568 1 1
7.10721 0 7.307817 1 1
7.340484 0 7.320437 1 1
7.553871 0 7.258234 1 1
7.726559 0 7.330803 1 1
8 0 7.294118 1 1
-8 0 7.529412 1 1
-7.797447 0 7.542614 1 1
-7.551237 0 7.520145 1 1
-7.28587 0 7.553599 1 1
-7.074264 0 7.492761 1 1
-6.834082 0 7.568341 1 1
-6.627188 0 7.49472 1 1
-6.335509 0 7.502464 1 1
-6.154526 0 7.514107 1 1
-5.919402 0 7.545796 1 1
-5.688343 0 7.554273 1 1
-5.463177 0 7.555005 1 1
-5.204539 0 7.507889 1 1
-4.992297 0 7.529166 1 1
-4.750804 0 7.532163 1 1
-4.494909 0 7.519639 1 1
-4.283096 0 7.522791 1 1
-4.05147 0 7.545802 1 1
-3.805361 0 7.546615 1 1
-3.616309 0 7.487302 1 1
-3.321088 0 7.488512 1 1
-3.125562 0 7.568175 1 1
-2.863414 0 7.492105 1 1
-2.679243 0 7.558953 1 1
-2.404165 0 7.556434 1 1
-2.220037 0 7.499268 1 1
-1.941521 0 7.569378 1 1
-1.704658 0 7.5076 1 1
-1.47988 0 7.491791 1 1
-1.305598 0 7.56855 1 1
-1.026452 0 7.519032 1 1
-0.851134 0 7.568793 1 1
-0.590422 0 7.546472 1 1
-0.33424 0 7.493308 1 1
-0.087773 0 7.560793 1 1
0.076723 0 7.517997 1 1
0.312681 0 7.493587 1 1
0.585485 0 7.555985 1 1
0.782353 0 7.502511 1 1
1.06381 0 7.550428 1 1
1.291938 0 7.512429 1 1
1.49986 0 7.515633 1 1
1.762621 0 7.54595 1 1
1.953214 0 7.500263 1 1
2.234717 0 7.48978 1 1
2.455747 0 7.529691 1 1
2.625835 0 7.557592 1 1
2.913569 0 7.561259 1 1
3.134956 0 7.557324 1 1
3.397309 0 7.52957 1 1
3.611679 0 7.522946 1 1
3.797437 0 7.569488 1 1
4.059766 0 7.569895 1 1
4.258562 0 7.505005 1 1
4.531677 0 7.505601 1 1
4.727218 0 7.550249 1 1
4.990457 0 7.558357 1 1
5.243817 0 7.526738 1 1
5.433681 0 7.541431 1 1
5.708478 0 7.50102 1 1
5.938366 0 7.541834 1 1
6.119444 0 7.496241 1 1
6.341568 0 7.538153 1 1
6.63763 0 7.489435 1 1
6.822399 0 7.532933 1 1
7.036177 0 7.537638 1 1
7.325762 0 7.513243 1 1
7.540547 0 7.541134 1 1
7.729079 0 7.509859 1 1
8 0 7.529412 1 1
-8 0 7.764706 1 1
-7.728325 0 7.770195 1 1
-7.530911 0 7.78929 1 1
-7.342274 0 7.749 1 1
-7.03544 0 7.723071 1 1
-6.852546 0 7.746274 1 1
-6.617199 0 7.738861 1 1
-6.355788 0 7.783823 1 1
-6.105371 0 7.781872 1 1
-5.946654 0 7.756853 1 1
-5.661003 0 7.730908 1 1
-5.423606 0 7.735075 1 1
-5.210114 0 7.75472 1 1
-4.978298 0 7.794525 1 1
-4.771144 0 7.735189 1 1
-4.524819 0 7.797335 1 1
-4.323806 0 7.783211 1 1
-4.025882 0 7.790751 1 1
-3.813213 0 7.787477 1 1
-3.622498 0 7.803981 1 1
-3.360958 0 7.78408 1 1
-3.117797 0 7.801149 1 1
-2.911789 0 7.788877 1 1
-2.680105 0 7.752874 1 1
-2.405068 0 7.758853 1 1
-2.170285 0 7.78793 1 1
-1.980395 0 7.740041 1 1
-1.729916 0 7.728706 1 1
-1.536263 0 7.77553 1 1
-1.275569 0 7.790518 1 1
-1.073312 0 7.796086 1 1
-0.807659 0 7.804428 1 1
-0.556216 0 7.729737 1 1
-0.381709 0 7.748927 1 1
-0.079708 0 7.736031 1 1
0.097587 0 7.753129 1 1
0.313536 0 7.737531 1 1
0.602411 0 7.744202 1 1
0.809362 0 7.74404 1 1
1.074921 0 7.777437 1 1
1.245347 0 7.732854 1 1
1.512984 0 7.725707 1 1
1.769099 0 7.756315 1 1
2.000816 0 7.80004 1 1
2.171927 0 7.753417 1 1
2.463569 0 7.802997 1 1
2.656122 0 7.780139 1 1
2.899047 0 7.744616 1 1
3.161784 0 7.780169 1 1
3.372387 0 7.776892 1 1
3.614325 0 7.74309 1 1
3.852903 0 7.723026 1 1
4.087444 0 7.746974 1 1
4.261323 0 7.756174 1 1
4.486092 0 7.755238 1 1
4.750474 0 7.730273 1 1
4.982659 0 7.776775 1 1
5.250793 0 7.761729 1 1
5.414701 0 7.784339 1 1
5.716008 0 7.800493 1 1
5.935434 0 7.739249 1 1
6.130629 0 7.749229 1 1
6.418253 0 7.763545 1 1
6.625583 0 7.762692 1 1
6.822079 0 7.725596 1 1
7.043726 0 7.762162 1 1
7.316053 0 7.749475 1 1
7.497108 0 7.773268 1 1
7.758122 0 7.801677 1 1
8 0 7.764706 1 1
-8 0 8 1 1
-7.768116 0 8 1 1
-7.536232 0 8 1 1
-7.304348 0 8 1 1
-7.072464 0 8 1 1
-6.84058 0 8 1 1
-6.608696 0 8 1 1
-6.376812 0 8 1 1
-6.144928 0 8 1 1
-5.913043 0 8 1 1
-5.681159 0 8 1 1
-5.449275 0 8 1 1
-5.217391 0 8 1 1
-4.985507 0 8 1 1
-4.753623 0 8 1 1
-4.521739 0 8 1 1
-4.289855 0 8 1 1
-4.057971 0 8 1 1
-3.826087 0 8 1 1
-3.594203 0 8 1 1
-3.362319 0 8 1 1
-3.130435 0 8 1 1
-2.898551 0 8 1 1
-2.666667 0 8 1 1
-2.434783 0 8 1 1
-2.202899 0 8 1 1
-1.971014 0 8 1 1
-1.73913 0 8 1 1
-1.507246 0 8 1 1
-1.275362 0 8 1 1
-1.043478 0 8 1 1
-0.811594 0 8 1 1
-0.57971 0 8 1 1
-0.347826 0 8 1 1
-0.115942 0 8 1 1
0.115942 0 8 1 1
0.347826 0 8 1 1
0.57971 0 8 1 1
0.811594 0 8 1 1
1.043478 0 8 1 1
