# Generated random point cloud for mesh3d
# Format: x y z fixed mass
# Count: 12000
# Seed: 42
-8 0 -8 1 1
-7.853211 0 -8 1 1
-7.706422 0 -8 1 1
-7.559633 0 -8 1 1
-7.412844 0 -8 1 1
-7.266055 0 -8 1 1
-7.119266 0 -8 1 1
-6.972477 0 -8 1 1
-6.825688 0 -8 1 1
-6.678899 0 -8 1 1
-6.53211 0 -8 1 1
-6.385321 0 -8 1 1
-6.238532 0 -8 1 1
-6.091743 0 -8 1 1
-5.944954 0 -8 1 1
-5.798165 0 -8 1 1
-5.651376 0 -8 1 1
-5.504587 0 -8 1 1
-5.357798 0 -8 1 1
-5.211009 0 -8 1 1
-5.06422 0 -8 1 1
-4.917431 0 -8 1 1
-4.770642 0 -8 1 1
-4.623853 0 -8 1 1
-4.477064 0 -8 1 1
-4.330275 0 -8 1 1
-4.183486 0 -8 1 1
-4.036697 0 -8 1 1
-3.889908 0 -8 1 1
-3.743119 0 -8 1 1
-3.59633 0 -8 1 1
-3.449541 0 -8 1 1
-3.302752 0 -8 1 1
-3.155963 0 -8 1 1
-3.009174 0 -8 1 1
-2.862385 0 -8 1 1
-2.715596 0 -8 1 1
-2.568807 0 -8 1 1
-2.422018 0 -8 1 1
-2.275229 0 -8 1 1
-2.12844 0 -8 1 1
-1.981651 0 -8 1 1
-1.834862 0 -8 1 1
-1.688073 0 -8 1 1
-1.541284 0 -8 1 1
-1.394495 0 -8 1 1
-1.247706 0 -8 1 1
-1.100917 0 -8 1 1
-0.954128 0 -8 1 1
-0.807339 0 -8 1 1
-0.66055 0 -8 1 1
-0.513761 0 -8 1 1
-0.366972 0 -8 1 1
-0.220183 0 -8 1 1
-0.073394 0 -8 1 1
0.073394 0 -8 1 1
0.220183 0 -8 1 1
0.366972 0 -8 1 1
0.513761 0 -8 1 1
0.66055 0 -8 1 1
0.807339 0 -8 1 1
0.954128 0 -8 1 1
1.100917 0 -8 1 1
1.247706 0 -8 1 1
1.394495 0 -8 1 1
1.541284 0 -8 1 1
1.688073 0 -8 1 1
1.834862 0 -8 1 1
1.981651 0 -8 1 1
2.12844 0 -8 1 1
2.275229 0 -8 1 1
2.422018 0 -8 1 1
2.568807 0 -8 1 1
2.715596 0 -8 1 1
2.862385 0 -8 1 1
3.009174 0 -8 1 1
3.155963 0 -8 1 1
3.302752 0 -8 1 1
3.449541 0 -8 1 1
3.59633 0 -8 1 1
3.743119 0 -8 1 1
3.889908 0 -8 1 1
4.036697 0 -8 1 1
4.183486 0 -8 1 1
4.330275 0 -8 1 1
4.477064 0 -8 1 1
4.623853 0 -8 1 1
4.770642 0 -8 1 1
4.917431 0 -8 1 1
5.06422 0 -8 1 1
5.211009 0 -8 1 1
5.357798 0 -8 1 1
5.504587 0 -8 1 1
5.651376 0 -8 1 1
5.798165 0 -8 1 1
5.944954 0 -8 1 1
6.091743 0 -8 1 1
6.238532 0 -8 1 1
6.385321 0 -8 1 1
6.53211 0 -8 1 1
6.678899 0 -8 1 1
6.825688 0 -8 1 1
6.972477 0 -8 1 1
7.119266 0 -8 1 1
7.266055 0 -8 1 1
7.412844 0 -8 1 1
7.559633 0 -8 1 1
7.706422 0 -8 1 1
7.853211 0 -8 1 1
8 0 -8 1 1
-8 0 -7.853211 1 1
-7.845843 0 -7.878311 1 1
-7.71831 0 -7.867838 1 1
-7.547137 0 -7.843873 1 1
-7.39212 0 -7.875039 1 1
-7.270181 0 -7.878058 1 1
-7.134134 0 -7.852928 1 1
-6.997497 0 -7.869126 1 1
-6.817768 0 -7.850836 1 1
-6.693672 0 -7.848494 1 1
-6.515759 0 -7.87929 1 1
-6.36916 0 -7.842741 1 1
-6.246974 0 -7.871417 1 1
-6.067582 0 -7.861846 1 1
-5.966475 0 -7.874522 1 1
-5.779802 0 -7.84773 1 1
-5.635146 0 -7.841071 1 1
-5.502673 0 -7.82821 1 1
-5.364217 0 -7.850461 1 1
-5.193602 0 -7.846948 1 1
-5.045106 0 -7.849123 1 1
-4.906621 0 -7.877211 1 1
-4.785021 0 -7.864341 1 1
-4.646059 0 -7.867331 1 1
-4.498149 0 -7.864944 1 1
-4.323105 0 -7.860354 1 1
-4.190346 0 -7.868562 1 1
-4.049011 0 -7.830136 1 1
-3.882085 0 -7.847444 1 1
-3.760498 0 -7.841103 1 1
-3.614117 0 -7.859581 1 1
-3.423673 0 -7.845813 1 1
-3.299743 0 -7.843455 1 1
-3.137846 0 -7.838626 1 1
-3.023493 0 -7.877937 1 1
-2.872138 0 -7.865485 1 1
-2.730869 0 -7.829806 1 1
-2.548919 0 -7.863004 1 1
-2.413804 0 -7.858726 1 1
-2.253323 0 -7.855385 1 1
-2.140865 0 -7.8666 1 1
-1.978408 0 -7.865749 1 1
-1.830393 0 -7.832188 1 1
-1.693389 0 -7.868043 1 1
-1.514993 0 -7.852708 1 1
-1.416113 0 -7.877143 1 1
-1.268334 0 -7.846476 1 1
-1.085483 0 -7.857324 1 1
-0.977193 0 -7.859467 1 1
-0.781122 0 -7.851672 1 1
-0.635657 0 -7.834146 1 1
-0.539577 0 -7.841547 1 1
-0.35737 0 -7.851257 1 1
-0.232505 0 -7.845762 1 1
-0.093922 0 -7.856658 1 1
0.070949 0 -7.82923 1 1
0.240045 0 -7.865714 1 1
0.367003 0 -7.870192 1 1
0.535566 0 -7.833631 1 1
0.649899 0 -7.845868 1 1
0.813098 0 -7.871556 1 1
0.968001 0 -7.85113 1 1
1.115641 0 -7.851607 1 1
1.221315 0 -7.862503 1 1
1.369103 0 -7.830536 1 1
1.561298 0 -7.835684 1 1
1.677902 0 -7.876572 1 1
1.854838 0 -7.829592 1 1
1.959756 0 -7.853951 1 1
2.105676 0 -7.83944 1 1
2.289277 0 -7.872848 1 1
2.420712 0 -7.850579 1 1
2.556392 0 -7.83353 1 1
2.711535 0 -7.868441 1 1
2.864462 0 -7.841061 1 1
2.993382 0 -7.863161 1 1
3.182129 0 -7.845291 1 1
3.299481 0 -7.852282 1 1
3.429514 0 -7.867759 1 1
3.587774 0 -7.848544 1 1
3.728857 0 -7.867996 1 1
3.867238 0 -7.846283 1 1
4.022373 0 -7.831787 1 1
4.202491 0 -7.875889 1 1
4.31643 0 -7.844282 1 1
4.461963 0 -7.872641 1 1
4.646868 0 -7.849457 1 1
4.769198 0 -7.838171 1 1
4.933681 0 -7.869571 1 1
5.04292 0 -7.856855 1 1
5.206971 0 -7.854954 1 1
5.369903 0 -7.84405 1 1
5.530172 0 -7.874432 1 1
5.64623 0 -7.861703 1 1
5.817277 0 -7.866493 1 1
5.928584 0 -7.855926 1 1
6.087615 0 -7.864914 1 1
6.225311 0 -7.830844 1 1
6.382316 0 -7.834116 1 1
6.534769 0 -7.87696 1 1
6.705283 0 -7.835454 1 1
6.850472 0 -7.83068 1 1
6.990904 0 -7.870844 1 1
7.118507 0 -7.868338 1 1
7.260826 0 -7.876534 1 1
7.406448 0 -7.827565 1 1
7.547225 0 -7.8382 1 1
7.704044 0 -7.85728 1 1
7.877378 0 -7.827031 1 1
8 0 -7.853211 1 1
-8 0 -7.706422 1 1
-7.850264 0 -7.69488 1 1
-7.724664 0 -7.717165 1 1
-7.534865 0 -7.702238 1 1
-7.410614 0 -7.693318 1 1
-7.289456 0 -7.701974 1 1
-7.119115 0 -7.687783 1 1
-6.99058 0 -7.682073 1 1
-6.847877 0 -7.723024 1 1
-6.673877 0 -7.697163 1 1
-6.546103 0 -7.726509 1 1
-6.364697 0 -7.719833 1 1
-6.233537 0 -7.700113 1 1
-6.096012 0 -7.702 1 1
-5.94375 0 -7.68345 1 1
-5.813793 0 -7.694998 1 1
-5.665185 0 -7.711929 1 1
-5.495514 0 -7.716991 1 1
-5.367512 0 -7.693112 1 1
-5.233598 0 -7.708626 1 1
-5.03788 0 -7.680206 1 1
-4.939982 0 -7.72158 1 1
-4.78305 0 -7.683527 1 1
-4.603727 0 -7.68638 1 1
-4.483959 0 -7.724508 1 1
-4.312639 0 -7.695666 1 1
-4.177585 0 -7.680675 1 1
-4.028561 0 -7.732431 1 1
-3.873151 0 -7.717024 1 1
-3.734485 0 -7.683227 1 1
-3.615656 0 -7.726744 1 1
-3.470307 0 -7.703609 1 1
-3.314782 0 -7.700882 1 1
-3.144464 0 -7.722085 1 1
-3.002081 0 -7.718894 1 1
-2.862991 0 -7.685002 1 1
-2.697307 0 -7.727967 1 1
-2.572846 0 -7.718223 1 1
-2.448253 0 -7.692095 1 1
-2.267984 0 -7.719001 1 1
-2.115693 0 -7.703691 1 1
-1.985473 0 -7.732333 1 1
-1.857308 0 -7.686177 1 1
-1.666728 0 -7.704013 1 1
-1.523603 0 -7.702062 1 1
-1.413092 0 -7.726109 1 1
-1.257839 0 -7.685338 1 1
-1.085269 0 -7.687361 1 1
-0.933048 0 -7.721743 1 1
-0.820575 0 -7.727412 1 1
-0.645748 0 -7.686123 1 1
-0.518709 0 -7.700046 1 1
-0.385227 0 -7.683705 1 1
-0.200916 0 -7.681257 1 1
-0.056972 0 -7.686266 1 1
0.048282 0 -7.693921 1 1
0.211315 0 -7.683656 1 1
0.382944 0 -7.687183 1 1
0.530183 0 -7.718745 1 1
0.675736 0 -7.727132 1 1
0.827006 0 -7.687473 1 1
0.939461 0 -7.689692 1 1
1.09882 0 -7.716717 1 1
1.263314 0 -7.720817 1 1
1.369324 0 -7.722638 1 1
1.532209 0 -7.687168 1 1
1.712746 0 -7.718094 1 1
1.842339 0 -7.711723 1 1
2.007077 0 -7.704508 1 1
2.151651 0 -7.726749 1 1
2.300087 0 -7.723408 1 1
2.446461 0 -7.718816 1 1
2.548114 0 -7.70988 1 1
2.727674 0 -7.716268 1 1
2.867998 0 -7.705818 1 1
3.003108 0 -7.702375 1 1
3.143002 0 -7.695389 1 1
3.27642 0 -7.683933 1 1
3.451573 0 -7.694826 1 1
3.609116 0 -7.697405 1 1
3.735944 0 -7.729146 1 1
3.898587 0 -7.715395 1 1
4.026864 0 -7.688031 1 1
4.195099 0 -7.716974 1 1
4.320197 0 -7.711263 1 1
4.471907 0 -7.71722 1 1
4.604158 0 -7.710626 1 1
4.793913 0 -7.697052 1 1
4.938717 0 -7.700318 1 1
5.053702 0 -7.703889 1 1
5.184609 0 -7.717682 1 1
5.354093 0 -7.702195 1 1
5.512762 0 -7.708272 1 1
5.64832 0 -7.721551 1 1
5.796748 0 -7.685222 1 1
5.960597 0 -7.723877 1 1
6.069802 0 -7.705605 1 1
6.245557 0 -7.715131 1 1
6.402148 0 -7.693151 1 1
6.541241 0 -7.720973 1 1
6.663 0 -7.731553 1 1
6.812205 0 -7.707736 1 1
6.990959 0 -7.728995 1 1
7.114745 0 -7.699565 1 1
7.249908 0 -7.696046 1 1
7.412547 0 -7.719951 1 1
7.56788 0 -7.732551 1 1
7.719684 0 -7.692152 1 1
7.832421 0 -7.710378 1 1
8 0 -7.706422 1 1
-8 0 -7.559633 1 1
-7.870338 0 -7.535432 1 1
-7.705473 0 -7.583401 1 1
-7.572886 0 -7.541226 1 1
-7.415145 0 -7.543705 1 1
-7.2572 0 -7.533851 1 1
-7.114222 0 -7.535851 1 1
-6.951793 0 -7.55368 1 1
-6.814101 0 -7.559381 1 1
-6.66143 0 -7.557103 1 1
-6.51112 0 -7.546757 1 1
-6.386659 0 -7.572358 1 1
-6.251889 0 -7.552358 1 1
-6.077696 0 -7.558507 1 1
-5.938256 0 -7.571544 1 1
-5.820493 0 -7.570956 1 1
-5.66344 0 -7.56916 1 1
-5.502465 0 -7.578743 1 1
-5.371999 0 -7.549384 1 1
-5.200101 0 -7.582661 1 1
-5.069103 0 -7.557381 1 1
-4.921882 0 -7.575125 1 1
-4.774862 0 -7.53824 1 1
-4.61941 0 -7.549301 1 1
-4.458213 0 -7.545598 1 1
-4.336596 0 -7.585743 1 1
-4.19132 0 -7.546238 1 1
-4.01802 0 -7.535672 1 1
-3.894187 0 -7.546553 1 1
-3.740681 0 -7.554177 1 1
-3.611098 0 -7.57446 1 1
-3.452932 0 -7.584521 1 1
-3.311412 0 -7.550166 1 1
-3.16102 0 -7.577333 1 1
-3.010898 0 -7.579311 1 1
-2.855925 0 -7.58463 1 1
-2.721197 0 -7.55623 1 1
-2.593797 0 -7.55209 1 1
-2.441269 0 -7.561657 1 1
-2.298994 0 -7.566022 1 1
-2.143677 0 -7.568783 1 1
-1.967847 0 -7.56602 1 1
-1.821545 0 -7.542093 1 1
-1.701164 0 -7.581727 1 1
-1.566682 0 -7.55755 1 1
-1.368078 0 -7.567562 1 1
-1.239772 0 -7.544772 1 1
-1.092898 0 -7.546198 1 1
-0.930369 0 -7.57552 1 1
-0.832685 0 -7.578003 1 1
-0.680302 0 -7.550678 1 1
-0.510381 0 -7.574537 1 1
-0.356432 0 -7.545529 1 1
-0.237739 0 -7.553966 1 1
-0.060293 0 -7.580003 1 1
0.090268 0 -7.535075 1 1
0.199474 0 -7.584698 1 1
0.357036 0 -7.550261 1 1
0.537973 0 -7.565094 1 1
0.671913 0 -7.582039 1 1
0.817412 0 -7.552909 1 1
0.933091 0 -7.545234 1 1
1.119428 0 -7.554327 1 1
1.227681 0 -7.534065 1 1
1.409431 0 -7.567707 1 1
1.5375 0 -7.566473 1 1
1.688388 0 -7.568023 1 1
1.853335 0 -7.5426 1 1
1.960806 0 -7.535283 1 1
2.135605 0 -7.542263 1 1
2.286184 0 -7.563042 1 1
2.434373 0 -7.535036 1 1
2.556658 0 -7.543347 1 1
2.717614 0 -7.560505 1 1
2.858981 0 -7.547425 1 1
2.996935 0 -7.541047 1 1
3.17344 0 -7.581475 1 1
3.322919 0 -7.573168 1 1
3.447676 0 -7.553803 1 1
3.589936 0 -7.584538 1 1
3.761665 0 -7.576446 1 1
3.874696 0 -7.543894 1 1
4.02826 0 -7.539535 1 1
4.194118 0 -7.571456 1 1
4.30439 0 -7.535956 1 1
4.455166 0 -7.548003 1 1
4.62325 0 -7.545991 1 1
4.780715 0 -7.551923 1 1
4.916946 0 -7.544153 1 1
5.042715 0 -7.574345 1 1
5.221144 0 -7.569874 1 1
5.362108 0 -7.561046 1 1
5.506221 0 -7.56357 1 1
5.664372 0 -7.568575 1 1
5.808885 0 -7.571739 1 1
5.931817 0 -7.579679 1 1
6.075498 0 -7.579737 1 1
6.240427 0 -7.545778 1 1
6.368683 0 -7.57462 1 1
6.531275 0 -7.547765 1 1
6.704085 0 -7.558331 1 1
6.814221 0 -7.580743 1 1
6.956313 0 -7.574034 1 1
7.102326 0 -7.585307 1 1
7.267859 0 -7.571559 1 1
7.437908 0 -7.556813 1 1
7.570065 0 -7.579382 1 1
7.725893 0 -7.560115 1 1
7.872907 0 -7.555719 1 1
8 0 -7.559633 1 1
-8 0 -7.412844 1 1
-7.854828 0 -7.41599 1 1
-7.723102 0 -7.436551 1 1
-7.536325 0 -7.414021 1 1
-7.395822 0 -7.418091 1 1
-7.288562 0 -7.406004 1 1
-7.142855 0 -7.431382 1 1
-6.969156 0 -7.42321 1 1
-6.799587 0 -7.433007 1 1
-6.664925 0 -7.407226 1 1
-6.516746 0 -7.42734 1 1
-6.384128 0 -7.415459 1 1
-6.241559 0 -7.393811 1 1
-6.065848 0 -7.423129 1 1
-5.938559 0 -7.407051 1 1
-5.785478 0 -7.389192 1 1
-5.666818 0 -7.428115 1 1
-5.496109 0 -7.430967 1 1
-5.375035 0 -7.435299 1 1
-5.23729 0 -7.41546 1 1
-5.059263 0 -7.423875 1 1
-4.931621 0 -7.401908 1 1
-4.759916 0 -7.415273 1 1
-4.613951 0 -7.390443 1 1
-4.461854 0 -7.406235 1 1
-4.321758 0 -7.389927 1 1
-4.187442 0 -7.410489 1 1
-4.028896 0 -7.391262 1 1
-3.872648 0 -7.435492 1 1
-3.760773 0 -7.423011 1 1
-3.583174 0 -7.409187 1 1
-3.460712 0 -7.432695 1 1
-3.292782 0 -7.402289 1 1
-3.132571 0 -7.412819 1 1
-3.009502 0 -7.435015 1 1
-2.886701 0 -7.416436 1 1
-2.724986 0 -7.426036 1 1
-2.590403 0 -7.388435 1 1
-2.404265 0 -7.40887 1 1
-2.251408 0 -7.386445 1 1
-2.119336 0 -7.425024 1 1
-2.005947 0 -7.399302 1 1
-1.836421 0 -7.404838 1 1
-1.666086 0 -7.429675 1 1
-1.536775 0 -7.405721 1 1
-1.394933 0 -7.434444 1 1
-1.255741 0 -7.421653 1 1
-1.091927 0 -7.39394 1 1
-0.963122 0 -7.40261 1 1
-0.818531 0 -7.389318 1 1
-0.64398 0 -7.410197 1 1
-0.516149 0 -7.422646 1 1
-0.376311 0 -7.387998 1 1
-0.225247 0 -7.412073 1 1
-0.0476 0 -7.404513 1 1
0.075645 0 -7.417428 1 1
0.203674 0 -7.420148 1 1
0.380524 0 -7.406217 1 1
0.5275 0 -7.428509 1 1
0.663151 0 -7.390244 1 1
0.804069 0 -7.402368 1 1
0.934123 0 -7.387841 1 1
1.106671 0 -7.426621 1 1
1.229654 0 -7.410157 1 1
1.397257 0 -7.434341 1 1
1.567297 0 -7.391023 1 1
1.686036 0 -7.433059 1 1
1.852414 0 -7.41293 1 1
1.993098 0 -7.412375 1 1
2.116467 0 -7.395156 1 1
2.300607 0 -7.426386 1 1
2.424727 0 -7.418996 1 1
2.591101 0 -7.412409 1 1
2.735641 0 -7.393607 1 1
2.850561 0 -7.397519 1 1
3.00468 0 -7.389897 1 1
3.156372 0 -7.395905 1 1
3.291277 0 -7.423489 1 1
3.454135 0 -7.38648 1 1
3.595783 0 -7.431414 1 1
3.745158 0 -7.421028 1 1
3.892652 0 -7.410549 1 1
4.034337 0 -7.422262 1 1
4.167033 0 -7.402407 1 1
4.334069 0 -7.426924 1 1
4.491625 0 -7.43696 1 1
4.636784 0 -7.401999 1 1
4.787098 0 -7.418864 1 1
4.926081 0 -7.395894 1 1
5.089629 0 -7.413091 1 1
5.186543 0 -7.412723 1 1
5.362564 0 -7.393308 1 1
5.524361 0 -7.415998 1 1
5.652748 0 -7.41512 1 1
5.80992 0 -7.417601 1 1
5.953133 0 -7.431109 1 1
6.090131 0 -7.388049 1 1
6.230001 0 -7.402661 1 1
6.393239 0 -7.394255 1 1
6.550729 0 -7.393855 1 1
6.672558 0 -7.422532 1 1
6.837246 0 -7.399136 1 1
6.992155 0 -7.437369 1 1
7.09646 0 -7.405913 1 1
7.288299 0 -7.386558 1 1
7.425884 0 -7.416333 1 1
7.538413 0 -7.405776 1 1
7.726111 0 -7.41582 1 1
7.863463 0 -7.391525 1 1
8 0 -7.412844 1 1
-8 0 -7.266055 1 1
-7.877203 0 -7.250406 1 1
-7.717341 0 -7.272669 1 1
-7.578363 0 -7.264408 1 1
-7.40936 0 -7.250597 1 1
-7.283494 0 -7.288304 1 1
-7.099669 0 -7.259729 1 1
-6.986173 0 -7.244239 1 1
-6.844547 0 -7.268108 1 1
-6.6919 0 -7.278985 1 1
-6.558036 0 -7.249957 1 1
-6.36412 0 -7.256669 1 1
-6.256606 0 -7.269134 1 1
-6.099904 0 -7.261427 1 1
-5.937612 0 -7.270055 1 1
-5.811371 0 -7.247808 1 1
-5.667271 0 -7.272148 1 1
-5.505475 0 -7.279942 1 1
-5.353997 0 -7.262102 1 1
-5.184973 0 -7.276876 1 1
-5.038964 0 -7.257694 1 1
-4.929349 0 -7.262571 1 1
-4.760824 0 -7.253126 1 1
-4.647684 0 -7.260432 1 1
-4.477237 0 -7.244698 1 1
-4.341574 0 -7.250262 1 1
-4.177828 0 -7.273859 1 1
-4.029478 0 -7.259667 1 1
-3.880514 0 -7.25438 1 1
-3.734707 0 -7.248176 1 1
-3.589553 0 -7.244738 1 1
-3.441808 0 -7.276152 1 1
-3.305879 0 -7.26185 1 1
-3.143684 0 -7.287714 1 1
-3.020002 0 -7.252977 1 1
-2.879526 0 -7.285493 1 1
-2.713514 0 -7.24114 1 1
-2.567177 0 -7.244205 1 1
-2.404555 0 -7.278898 1 1
-2.258071 0 -7.267014 1 1
-2.112244 0 -7.253026 1 1
-1.990174 0 -7.286391 1 1
-1.810401 0 -7.285039 1 1
-1.663422 0 -7.247024 1 1
-1.529436 0 -7.240693 1 1
-1.369803 0 -7.249959 1 1
-1.254799 0 -7.250694 1 1
-1.126604 0 -7.264122 1 1
-0.956518 0 -7.256922 1 1
-0.798232 0 -7.261587 1 1
-0.643513 0 -7.242788 1 1
-0.534458 0 -7.280121 1 1
-0.392072 0 -7.245751 1 1
-0.216938 0 -7.244111 1 1
-0.088119 0 -7.289136 1 1
0.090508 0 -7.244421 1 1
0.20973 0 -7.270901 1 1
0.347937 0 -7.242473 1 1
0.503423 0 -7.266445 1 1
0.639264 0 -7.245591 1 1
0.788086 0 -7.268505 1 1
0.963138 0 -7.253207 1 1
1.124485 0 -7.270329 1 1
1.260509 0 -7.284311 1 1
1.389998 0 -7.287244 1 1
1.540721 0 -7.270911 1 1
1.711934 0 -7.290748 1 1
1.828021 0 -7.269047 1 1
2.005461 0 -7.247272 1 1
2.107269 0 -7.256243 1 1
2.277579 0 -7.240804 1 1
2.41455 0 -7.271438 1 1
2.552416 0 -7.286022 1 1
2.733988 0 -7.268448 1 1
2.870987 0 -7.258567 1 1
3.014308 0 -7.291348 1 1
3.171119 0 -7.279606 1 1
3.282985 0 -7.262642 1 1
3.426745 0 -7.252043 1 1
3.580855 0 -7.281065 1 1
3.762655 0 -7.275115 1 1
3.871284 0 -7.244889 1 1
4.010425 0 -7.247115 1 1
4.16471 0 -7.285608 1 1
4.317099 0 -7.283256 1 1
4.485575 0 -7.291115 1 1
4.598216 0 -7.250731 1 1
4.756793 0 -7.275368 1 1
4.900217 0 -7.289708 1 1
5.076994 0 -7.264677 1 1
5.223991 0 -7.26731 1 1
5.37249 0 -7.265355 1 1
5.483928 0 -7.265852 1 1
5.674914 0 -7.290185 1 1
5.813132 0 -7.246662 1 1
5.946088 0 -7.268272 1 1
6.116264 0 -7.289263 1 1
6.237421 0 -7.271254 1 1
6.395155 0 -7.266569 1 1
6.55376 0 -7.288594 1 1
6.656746 0 -7.260332 1 1
6.802737 0 -7.277944 1 1
6.979509 0 -7.2635 1 1
7.110028 0 -7.239917 1 1
7.26767 0 -7.268501 1 1
7.418415 0 -7.287236 1 1
7.570296 0 -7.247412 1 1
7.714397 0 -7.251842 1 1
7.864881 0 -7.281114 1 1
8 0 -7.266055 1 1
-8 0 -7.119266 1 1
-7.855771 0 -7.133614 1 1
-7.714934 0 -7.121723 1 1
-7.564072 0 -7.140663 1 1
-7.416714 0 -7.110541 1 1
-7.272697 0 -7.137622 1 1
-7.096914 0 -7.14214 1 1
-6.954945 0 -7.140761 1 1
-6.847007 0 -7.106647 1 1
-6.662424 0 -7.116287 1 1
-6.527541 0 -7.116012 1 1
-6.394323 0 -7.139229 1 1
-6.246269 0 -7.110529 1 1
-6.078517 0 -7.099815 1 1
-5.933272 0 -7.094514 1 1
-5.792859 0 -7.127106 1 1
-5.647259 0 -7.134446 1 1
-5.496305 0 -7.133838 1 1
-5.378501 0 -7.101015 1 1
-5.218008 0 -7.105389 1 1
-5.060304 0 -7.103031 1 1
-4.899192 0 -7.094189 1 1
-4.753815 0 -7.113264 1 1
-4.616312 0 -7.144301 1 1
-4.45439 0 -7.101856 1 1
-4.342564 0 -7.136154 1 1
-4.172775 0 -7.12936 1 1
-4.045162 0 -7.145365 1 1
-3.870363 0 -7.115761 1 1
-3.748362 0 -7.138191 1 1
-3.589293 0 -7.144068 1 1
-3.436536 0 -7.13432 1 1
-3.306989 0 -7.127674 1 1
-3.16283 0 -7.107556 1 1
-2.994545 0 -7.115694 1 1
-2.884318 0 -7.142908 1 1
-2.7337 0 -7.113039 1 1
-2.559614 0 -7.131309 1 1
-2.413461 0 -7.120024 1 1
-2.278292 0 -7.131253 1 1
-2.114968 0 -7.139673 1 1
-1.985355 0 -7.13072 1 1
-1.82543 0 -7.119972 1 1
-1.679241 0 -7.143288 1 1
-1.546819 0 -7.114017 1 1
-1.420511 0 -7.12976 1 1
-1.262966 0 -7.138436 1 1
-1.113837 0 -7.128349 1 1
-0.980142 0 -7.106213 1 1
-0.824477 0 -7.125596 1 1
-0.649788 0 -7.119252 1 1
-0.496146 0 -7.103085 1 1
-0.389586 0 -7.100149 1 1
-0.24437 0 -7.144698 1 1
-0.051139 0 -7.100131 1 1
0.077398 0 -7.115387 1 1
0.231254 0 -7.123615 1 1
0.346637 0 -7.144586 1 1
0.504502 0 -7.103343 1 1
0.666793 0 -7.10172 1 1
0.829522 0 -7.141031 1 1
0.972332 0 -7.13283 1 1
1.105614 0 -7.118 1 1
1.242198 0 -7.129292 1 1
1.386015 0 -7.128087 1 1
1.523747 0 -7.118712 1 1
1.667677 0 -7.11874 1 1
1.856313 0 -7.127226 1 1
1.993667 0 -7.102412 1 1
2.145088 0 -7.133203 1 1
2.256546 0 -7.135263 1 1
2.42743 0 -7.105515 1 1
2.577025 0 -7.136327 1 1
2.730015 0 -7.119577 1 1
2.875831 0 -7.105533 1 1
3.006474 0 -7.096852 1 1
3.159371 0 -7.112116 1 1
3.309333 0 -7.100018 1 1
3.456264 0 -7.137711 1 1
3.573517 0 -7.12232 1 1
3.7327 0 -7.131173 1 1
3.866455 0 -7.118878 1 1
4.026678 0 -7.121807 1 1
4.160071 0 -7.101738 1 1
4.307908 0 -7.100018 1 1
4.495839 0 -7.113189 1 1
4.624227 0 -7.121237 1 1
4.773512 0 -7.103845 1 1
4.938351 0 -7.121922 1 1
5.080592 0 -7.111242 1 1
5.201578 0 -7.120554 1 1
5.339348 0 -7.142418 1 1
5.483635 0 -7.098175 1 1
5.643103 0 -7.107941 1 1
5.798406 0 -7.136569 1 1
5.931624 0 -7.122555 1 1
6.088542 0 -7.118064 1 1
6.220499 0 -7.125985 1 1
6.373848 0 -7.124087 1 1
6.523569 0 -7.114093 1 1
6.694183 0 -7.111482 1 1
6.802749 0 -7.140694 1 1
6.981903 0 -7.130673 1 1
7.131089 0 -7.110993 1 1
7.287528 0 -7.09954 1 1
7.404038 0 -7.114894 1 1
7.540685 0 -7.127202 1 1
7.731137 0 -7.108778 1 1
7.847502 0 -7.114244 1 1
8 0 -7.119266 1 1
-8 0 -6.972477 1 1
-7.830065 0 -6.98254 1 1
-7.712939 0 -6.957064 1 1
-7.543083 0 -6.963487 1 1
-7.395461 0 -6.959859 1 1
-7.256257 0 -6.971082 1 1
-7.11155 0 -6.976525 1 1
-6.979779 0 -6.979738 0 1
-6.842584 0 -6.98758 0 1
-6.655242 0 -6.973203 0 1
-6.546561 0 -6.99163 0 1
-6.407665 0 -6.954276 0 1
-6.259609 0 -6.958163 0 1
-6.074034 0 -6.952202 0 1
-5.969381 0 -6.981103 0 1
-5.784092 0 -6.991974 0 1
-5.657891 0 -6.990325 0 1
-5.487078 0 -6.958151 0 1
-5.341467 0 -6.990151 0 1
-5.214303 0 -6.977188 0 1
-5.0549 0 -6.986347 0 1
-4.92038 0 -6.983842 0 1
-4.757509 0 -6.975176 0 1
-4.622056 0 -6.982546 0 1
-4.460755 0 -6.974114 0 1
-4.312566 0 -6.979461 0 1
-4.159858 0 -6.946877 0 1
-4.038722 0 -6.984009 0 1
-3.896151 0 -6.971026 0 1
-3.71848 0 -6.955731 0 1
-3.580411 0 -6.991586 0 1
-3.462752 0 -6.965017 0 1
-3.282982 0 -6.969595 0 1
-3.176964 0 -6.954199 0 1
-2.990617 0 -6.983835 0 1
-2.848481 0 -6.984484 0 1
-2.694178 0 -6.991113 0 1
-2.572112 0 -6.948887 0 1
-2.436707 0 -6.97506 0 1
-2.283178 0 -6.99749 0 1
-2.152048 0 -6.972371 0 1
-1.995614 0 -6.946344 0 1
-1.841473 0 -6.99741 0 1
-1.665307 0 -6.954554 0 1
-1.53336 0 -6.957079 0 1
-1.413646 0 -6.983739 0 1
-1.23028 0 -6.962116 0 1
-1.120005 0 -6.961616 0 1
-0.956845 0 -6.998622 0 1
-0.829575 0 -6.985375 0 1
-0.64285 0 -6.969898 0 1
-0.501753 0 -6.97101 0 1
-0.387519 0 -6.983675 0 1
-0.230691 0 -6.996376 0 1
-0.077631 0 -6.956946 0 1
0.071128 0 -6.993041 0 1
0.241593 0 -6.967365 0 1
0.341419 0 -6.971665 0 1
0.500124 0 -6.991312 0 1
0.656811 0 -6.96641 0 1
0.79363 0 -6.976886 0 1
0.962814 0 -6.994375 0 1
1.126 0 -6.995323 0 1
1.249084 0 -6.97209 0 1
1.420301 0 -6.969615 0 1
1.535496 0 -6.974055 0 1
1.695243 0 -6.947057 0 1
1.821844 0 -6.998041 0 1
1.996898 0 -6.980678 0 1
2.14075 0 -6.965699 0 1
2.289577 0 -6.960049 0 1
2.413168 0 -6.996556 0 1
2.571239 0 -6.95591 0 1
2.698427 0 -6.957726 0 1
2.860516 0 -6.962152 0 1
3.016136 0 -6.956016 0 1
3.132876 0 -6.957882 0 1
3.300516 0 -6.983392 0 1
3.425434 0 -6.988358 0 1
3.572123 0 -6.949576 0 1
3.743932 0 -6.94663 0 1
3.892182 0 -6.985513 0 1
4.050082 0 -6.9888 0 1
4.175928 0 -6.957636 0 1
4.349605 0 -6.981359 0 1
4.45722 0 -6.979451 0 1
4.644435 0 -6.95962 0 1
4.791496 0 -6.978467 0 1
4.942465 0 -6.972678 0 1
5.064089 0 -6.950055 0 1
5.212028 0 -6.956563 0 1
5.369798 0 -6.994728 0 1
5.510001 0 -6.955443 0 1
5.653779 0 -6.981925 0 1
5.775974 0 -6.963973 0 1
5.934729 0 -6.967054 0 1
6.087839 0 -6.962449 0 1
6.230687 0 -6.996661 0 1
6.404875 0 -6.980268 0 1
6.558434 0 -6.98439 0 1
6.704266 0 -6.948808 0 1
6.803232 0 -6.96521 0 1
6.965254 0 -6.956566 0 1
7.128747 0 -6.94855 1 1
7.247178 0 -6.966792 1 1
7.42771 0 -6.99706 1 1
7.536764 0 -6.957759 1 1
7.699358 0 -6.978668 1 1
7.856764 0 -6.966923 1 1
8 0 -6.972477 1 1
-8 0 -6.825688 1 1
-7.843749 0 -6.80197 1 1
-7.713185 0 -6.811786 1 1
-7.555727 0 -6.824131 1 1
-7.418232 0 -6.817785 1 1
-7.279287 0 -6.846115 1 1
-7.106812 0 -6.825739 1 1
-6.978449 0 -6.822429 0 1
-6.838277 0 -6.838355 0 1
-6.681738 0 -6.799458 0 1
-6.543441 0 -6.80368 0 1
-6.385786 0 -6.845629 0 1
-6.219887 0 -6.828222 0 1
-6.070675 0 -6.828589 0 1
-5.966737 0 -6.816074 0 1
-5.779906 0 -6.835222 0 1
-5.659439 0 -6.848678 0 1
-5.502359 0 -6.805009 0 1
-5.339231 0 -6.814495 0 1
-5.188428 0 -6.818411 0 1
-5.0487 0 -6.825225 0 1
-4.93744 0 -6.841489 0 1
-4.789725 0 -6.810344 0 1
-4.648886 0 -6.822833 0 1
-4.483991 0 -6.809641 0 1
-4.327546 0 -6.819772 0 1
-4.205352 0 -6.835766 0 1
-4.010297 0 -6.814122 0 1
-3.88855 0 -6.811464 0 1
-3.726033 0 -6.848213 0 1
-3.571368 0 -6.818166 0 1
-3.452185 0 -6.81617 0 1
-3.310969 0 -6.805715 0 1
-3.141153 0 -6.818301 0 1
-3.025981 0 -6.801049 0 1
-2.865946 0 -6.803984 0 1
-2.73909 0 -6.845549 0 1
-2.587143 0 -6.843409 0 1
-2.43139 0 -6.814626 0 1
-2.283366 0 -6.802389 0 1
-2.107571 0 -6.807408 0 1
-1.99483 0 -6.818551 0 1
-1.832176 0 -6.845496 0 1
-1.698493 0 -6.823919 0 1
-1.541148 0 -6.843199 0 1
-1.371159 0 -6.843962 0 1
-1.239318 0 -6.814029 0 1
-1.095361 0 -6.807587 0 1
-0.950767 0 -6.808501 0 1
-0.832262 0 -6.849708 0 1
-0.653075 0 -6.821631 0 1
-0.505775 0 -6.811581 0 1
-0.37138 0 -6.818343 0 1
-0.220287 0 -6.818968 0 1
-0.084509 0 -6.801557 0 1
0.072493 0 -6.809587 0 1
0.229959 0 -6.836392 0 1
0.344407 0 -6.848944 0 1
0.51057 0 -6.82652 0 1
0.64491 0 -6.820052 0 1
0.797436 0 -6.814149 0 1
0.966505 0 -6.806623 0 1
1.126038 0 -6.8452 0 1
1.240865 0 -6.82243 0 1
1.384937 0 -6.82746 0 1
1.528997 0 -6.839009 0 1
1.666767 0 -6.836774 0 1
1.82874 0 -6.819591 0 1
1.968349 0 -6.806384 0 1
2.110458 0 -6.834807 0 1
2.279335 0 -6.835585 0 1
2.435923 0 -6.82578 0 1
2.569585 0 -6.825754 0 1
2.705479 0 -6.850885 0 1
2.885913 0 -6.8254 0 1
3.033836 0 -6.840741 0 1
3.14819 0 -6.849439 0 1
3.302482 0 -6.805484 0 1
3.457693 0 -6.827242 0 1
3.598269 0 -6.807342 0 1
3.739469 0 -6.805478 0 1
3.901931 0 -6.811745 0 1
4.029613 0 -6.830942 0 1
4.1872 0 -6.841824 0 1
4.333088 0 -6.848224 0 1
4.477289 0 -6.811716 0 1
4.612213 0 -6.799843 0 1
4.780175 0 -6.845832 0 1
4.942536 0 -6.831295 0 1
5.079804 0 -6.834191 0 1
5.234205 0 -6.812215 0 1
5.341895 0 -6.825206 0 1
5.504591 0 -6.849716 0 1
5.632196 0 -6.834511 0 1
5.796778 0 -6.827961 0 1
5.950569 0 -6.824869 0 1
6.082652 0 -6.819713 0 1
6.220697 0 -6.799762 0 1
6.397968 0 -6.836297 0 1
6.523463 0 -6.80834 0 1
6.680608 0 -6.814657 0 1
6.815108 0 -6.809003 0 1
6.965521 0 -6.816503 0 1
7.144626 0 -6.821265 1 1
7.281737 0 -6.813781 1 1
7.422781 0 -6.850702 1 1
7.55829 0 -6.801006 1 1
7.721372 0 -6.811095 1 1
7.857314 0 -6.813988 1 1
8 0 -6.825688 1 1
-8 0 -6.678899 1 1
-7.848797 0 -6.696311 1 1
-7.699604 0 -6.672572 1 1
-7.541604 0 -6.697512 1 1
-7.403294 0 -6.703653 1 1
-7.24237 0 -6.699514 1 1
-7.144687 0 -6.688744 1 1
-6.990897 0 -6.668832 0 1
-6.830424 0 -6.664368 0 1
-6.656677 0 -6.659198 0 1
-6.519647 0 -6.70203 0 1
-6.404446 0 -6.694364 0 1
-6.247777 0 -6.670326 0 1
-6.090397 0 -6.688741 0 1
-5.962224 0 -6.657121 0 1
-5.806497 0 -6.686599 0 1
-5.637003 0 -6.667225 0 1
-5.497014 0 -6.668684 0 1
-5.351981 0 -6.695161 0 1
-5.224404 0 -6.67583 0 1
-5.078759 0 -6.653909 0 1
-4.928126 0 -6.690049 0 1
-4.786111 0 -6.668067 0 1
-4.633522 0 -6.686889 0 1
-4.454146 0 -6.663289 0 1
-4.342247 0 -6.698881 0 1
-4.174153 0 -6.685257 0 1
-4.011324 0 -6.662075 0 1
-3.865885 0 -6.662802 0 1
-3.754193 0 -6.690122 0 1
-3.585014 0 -6.687018 0 1
-3.452586 0 -6.69177 0 1
-3.303858 0 -6.694643 0 1
-3.153925 0 -6.656016 0 1
-2.998808 0 -6.698067 0 1
-2.856272 0 -6.674311 0 1
-2.729206 0 -6.669924 0 1
-2.567167 0 -6.67161 0 1
-2.445667 0 -6.683481 0 1
-2.263743 0 -6.700008 0 1
-2.114132 0 -6.705047 0 1
-1.978991 0 -6.656224 0 1
-1.839782 0 -6.65591 0 1
-1.668077 0 -6.680091 0 1
-1.557166 0 -6.654384 0 1
-1.403946 0 -6.671189 0 1
-1.226149 0 -6.700594 0 1
-1.097 0 -6.677041 0 1
-0.942338 0 -6.655824 0 1
-0.785503 0 -6.69607 0 1
-0.640351 0 -6.696032 0 1
-0.491586 0 -6.652627 0 1
-0.372416 0 -6.679143 0 1
-0.197111 0 -6.654478 0 1
-0.050881 0 -6.65899 0 1
0.047462 0 -6.675308 0 1
0.199432 0 -6.653376 0 1
0.355588 0 -6.653053 0 1
0.51605 0 -6.679221 0 1
0.683726 0 -6.660348 0 1
0.80565 0 -6.695132 0 1
0.933659 0 -6.696734 0 1
1.098746 0 -6.691726 0 1
1.231124 0 -6.666395 0 1
1.409861 0 -6.675317 0 1
1.55488 0 -6.696047 0 1
1.706894 0 -6.657918 0 1
1.852142 0 -6.678092 0 1
1.959813 0 -6.669955 0 1
2.111783 0 -6.697891 0 1
2.265908 0 -6.692213 0 1
2.409377 0 -6.692875 0 1
2.582217 0 -6.654906 0 1
2.70513 0 -6.667121 0 1
2.836568 0 -6.670778 0 1
3.019361 0 -6.702038 0 1
3.135789 0 -6.689108 0 1
3.297754 0 -6.678766 0 1
3.470421 0 -6.668142 0 1
3.586342 0 -6.699116 0 1
3.765109 0 -6.68973 0 1
3.895966 0 -6.693741 0 1
4.017334 0 -6.697226 0 1
4.196578 0 -6.673311 0 1
4.325828 0 -6.676297 0 1
4.475523 0 -6.676916 0 1
4.632525 0 -6.693779 0 1
4.757297 0 -6.665438 0 1
4.937149 0 -6.700995 0 1
5.061406 0 -6.668131 0 1
5.188714 0 -6.675508 0 1
5.33464 0 -6.676381 0 1
5.504877 0 -6.675057 0 1
5.632873 0 -6.687982 0 1
5.79924 0 -6.699179 0 1
5.929386 0 -6.674505 0 1
6.070127 0 -6.678351 0 1
6.254845 0 -6.68136 0 1
6.386021 0 -6.681182 0 1
6.508739 0 -6.680887 0 1
6.695118 0 -6.6671 0 1
6.82019 0 -6.662176 0 1
6.985466 0 -6.674761 0 1
7.095237 0 -6.687115 1 1
7.243002 0 -6.652788 1 1
7.435809 0 -6.701674 1 1
7.582555 0 -6.703644 1 1
7.701606 0 -6.664686 1 1
7.867258 0 -6.653622 1 1
8 0 -6.678899 1 1
-8 0 -6.53211 1 1
-7.845502 0 -6.536318 1 1
-7.680377 0 -6.53832 1 1
-7.540101 0 -6.510615 1 1
-7.419415 0 -6.522454 1 1
-7.257505 0 -6.530033 1 1
-7.111153 0 -6.540155 1 1
-6.989468 0 -6.530141 0 1
-6.824164 0 -6.520069 0 1
-6.693553 0 -6.558349 0 1
-6.557331 0 -6.542765 0 1
-6.376153 0 -6.529761 0 1
-6.236845 0 -6.515022 0 1
-6.105086 0 -6.54024 0 1
-5.95681 0 -6.508996 0 1
-5.786274 0 -6.552569 0 1
-5.635022 0 -6.536378 0 1
-5.490528 0 -6.511831 0 1
-5.383393 0 -6.547642 0 1
-5.232099 0 -6.556758 0 1
-5.059053 0 -6.521368 0 1
-4.941281 0 -6.519399 0 1
-4.775807 0 -6.546149 0 1
-4.638794 0 -6.512889 0 1
-4.500504 0 -6.531904 0 1
-4.341411 0 -6.515423 0 1
-4.171252 0 -6.54168 0 1
-4.031523 0 -6.522993 0 1
-3.899385 0 -6.542586 0 1
-3.761971 0 -6.523644 0 1
-3.611072 0 -6.542652 0 1
-3.472742 0 -6.508408 0 1
-3.282687 0 -6.510361 0 1
-3.149305 0 -6.535957 0 1
-3.009406 0 -6.507152 0 1
-2.83905 0 -6.523056 0 1
-2.700493 0 -6.541689 0 1
-2.573229 0 -6.550647 0 1
-2.428547 0 -6.518666 0 1
-2.276629 0 -6.51365 0 1
-2.13897 0 -6.521141 0 1
-1.965493 0 -6.510193 0 1
-1.831566 0 -6.50739 0 1
-1.685046 0 -6.551446 0 1
-1.554873 0 -6.547787 0 1
-1.386743 0 -6.509798 0 1
-1.229362 0 -6.553646 0 1
-1.089049 0 -6.548466 0 1
-0.966364 0 -6.522933 0 1
-0.801901 0 -6.512366 0 1
-0.677029 0 -6.518281 0 1
-0.501908 0 -6.529 0 1
-0.368061 0 -6.512586 0 1
-0.22901 0 -6.507959 0 1
-0.099006 0 -6.509009 0 1
0.097813 0 -6.552333 0 1
0.246583 0 -6.533224 0 1
0.35337 0 -6.526593 0 1
0.498147 0 -6.510173 0 1
0.663303 0 -6.517551 0 1
0.801033 0 -6.530332 0 1
0.946691 0 -6.54471 0 1
1.101595 0 -6.532254 0 1
1.226495 0 -6.506675 0 1
1.392883 0 -6.514157 0 1
1.563179 0 -6.538943 0 1
1.683525 0 -6.528806 0 1
1.820133 0 -6.550821 0 1
1.96901 0 -6.509136 0 1
2.132623 0 -6.536466 0 1
2.256861 0 -6.541101 0 1
2.415669 0 -6.514494 0 1
2.56877 0 -6.52394 0 1
2.725364 0 -6.544934 0 1
2.87938 0 -6.507458 0 1
3.016662 0 -6.532607 0 1
3.138431 0 -6.516522 0 1
3.285275 0 -6.520468 0 1
3.448924 0 -6.510079 0 1
3.598557 0 -6.524616 0 1
3.719801 0 -6.556745 0 1
3.908229 0 -6.508585 0 1
4.045586 0 -6.518141 0 1
4.178857 0 -6.514009 0 1
4.316083 0 -6.521162 0 1
4.451125 0 -6.531807 0 1
4.617153 0 -6.525883 0 1
4.779454 0 -6.525953 0 1
4.916544 0 -6.532752 0 1
5.038148 0 -6.529381 0 1
5.185213 0 -6.530556 0 1
5.345895 0 -6.506878 0 1
5.479071 0 -6.515562 0 1
5.660573 0 -6.515931 0 1
5.819819 0 -6.552877 0 1
5.923622 0 -6.550664 0 1
6.075464 0 -6.530712 0 1
6.255189 0 -6.544406 0 1
6.379873 0 -6.538819 0 1
6.527144 0 -6.528675 0 1
6.704805 0 -6.546597 0 1
6.835414 0 -6.513727 0 1
6.980601 0 -6.51318 0 1
7.132984 0 -6.553591 1 1
7.259675 0 -6.529325 1 1
7.389387 0 -6.558033 1 1
7.542268 0 -6.532118 1 1
7.70293 0 -6.517082 1 1
7.856691 0 -6.513194 1 1
8 0 -6.53211 1 1
-8 0 -6.385321 1 1
-7.874594 0 -6.383833 1 1
-7.730595 0 -6.400571 1 1
-7.54018 0 -6.364841 1 1
-7.414139 0 -6.409283 1 1
-7.288548 0 -6.362831 1 1
-7.098165 0 -6.381965 1 1
-6.99716 0 -6.362663 0 1
-6.835491 0 -6.360935 0 1
-6.6743 0 -6.371991 0 1
-6.52087 0 -6.390696 0 1
-6.407677 0 -6.403159 0 1
-6.252247 0 -6.367637 0 1
-6.097601 0 -6.364367 0 1
-5.953846 0 -6.371814 0 1
-5.817192 0 -6.359508 0 1
-5.63953 0 -6.385279 0 1
-5.479522 0 -6.408906 0 1
-5.361123 0 -6.367424 0 1
-5.219433 0 -6.371106 0 1
-5.040184 0 -6.39078 0 1
-4.902975 0 -6.410178 0 1
-4.782621 0 -6.359291 0 1
-4.62435 0 -6.392941 0 1
-4.453752 0 -6.388923 0 1
-4.320779 0 -6.376831 0 1
-4.20538 0 -6.379053 0 1
-4.020947 0 -6.37406 0 1
-3.911995 0 -6.403593 0 1
-3.731933 0 -6.378245 0 1
-3.583666 0 -6.395009 0 1
-3.470333 0 -6.411469 0 1
-3.312884 0 -6.392724 0 1
-3.16813 0 -6.404741 0 1
-3.025694 0 -6.388024 0 1
-2.859493 0 -6.39018 0 1
-2.740631 0 -6.393041 0 1
-2.590311 0 -6.38014 0 1
-2.431296 0 -6.391386 0 1
-2.286229 0 -6.39125 0 1
-2.150387 0 -6.364123 0 1
-1.960239 0 -6.360053 0 1
-1.83106 0 -6.402782 0 1
-1.694376 0 -6.404406 0 1
-1.551793 0 -6.385684 0 1
-1.417574 0 -6.388773 0 1
-1.251876 0 -6.386154 0 1
-1.123275 0 -6.398442 0 1
-0.96752 0 -6.378714 0 1
-0.802382 0 -6.40141 0 1
-0.68132 0 -6.395644 0 1
-0.490044 0 -6.394187 0 1
-0.360621 0 -6.369252 0 1
-0.229191 0 -6.394054 0 1
-0.056723 0 -6.366323 0 1
0.098454 0 -6.40455 0 1
0.210707 0 -6.361685 0 1
0.351164 0 -6.39514 0 1
0.538311 0 -6.360552 0 1
0.64953 0 -6.375019 0 1
0.806864 0 -6.381311 0 1
0.940517 0 -6.391871 0 1
1.117642 0 -6.390979 0 1
1.227303 0 -6.381947 0 1
1.399369 0 -6.38291 0 1
1.550887 0 -6.382674 0 1
1.712012 0 -6.387349 0 1
1.845873 0 -6.388573 0 1
1.970624 0 -6.375131 0 1
2.145296 0 -6.369697 0 1
2.270428 0 -6.385358 0 1
2.429064 0 -6.398954 0 1
2.577192 0 -6.373947 0 1
2.730872 0 -6.407835 0 1
2.888316 0 -6.386418 0 1
3.003932 0 -6.384972 0 1
3.178179 0 -6.37519 0 1
3.305059 0 -6.369958 0 1
3.442118 0 -6.364421 0 1
3.598281 0 -6.378019 0 1
3.721188 0 -6.371108 0 1
3.898237 0 -6.392983 0 1
4.044465 0 -6.409402 0 1
4.209042 0 -6.375943 0 1
4.324971 0 -6.371968 0 1
4.501675 0 -6.388996 0 1
4.597989 0 -6.39807 0 1
4.771206 0 -6.384328 0 1
4.921686 0 -6.381345 0 1
5.061355 0 -6.391074 0 1
5.225401 0 -6.38064 0 1
5.357823 0 -6.393514 0 1
5.479463 0 -6.406218 0 1
5.646936 0 -6.360922 0 1
5.777877 0 -6.362034 0 1
5.926019 0 -6.395262 0 1
6.089383 0 -6.400811 0 1
6.23763 0 -6.386581 0 1
6.382054 0 -6.374923 0 1
6.522541 0 -6.395876 0 1
6.695291 0 -6.405662 0 1
6.84414 0 -6.377502 0 1
6.981838 0 -6.403058 0 1
7.144837 0 -6.398854 1 1
7.248852 0 -6.403281 1 1
7.416007 0 -6.361094 1 1
7.545463 0 -6.390339 1 1
7.689747 0 -6.377898 1 1
7.849625 0 -6.4102 1 1
8 0 -6.385321 1 1
-8 0 -6.238532 1 1
-7.847181 0 -6.254527 1 1
-7.70155 0 -6.244406 1 1
-7.548814 0 -6.25408 1 1
-7.39951 0 -6.222218 1 1
-7.289171 0 -6.259577 1 1
-7.099609 0 -6.255074 1 1
-6.981673 0 -6.240775 0 1
-6.838246 0 -6.219369 0 1
-6.677435 0 -6.231181 0 1
-6.526986 0 -6.23265 0 1
-6.380723 0 -6.246568 0 1
-6.220274 0 -6.23233 0 1
-6.075164 0 -6.227647 0 1
-5.955658 0 -6.232482 0 1
-5.820109 0 -6.257876 0 1
-5.67157 0 -6.248817 0 1
-5.521336 0 -6.22831 0 1
-5.357226 0 -6.242853 0 1
-5.230146 0 -6.244677 0 1
-5.080826 0 -6.231372 0 1
-4.907209 0 -6.230856 0 1
-4.744225 0 -6.23563 0 1
-4.624401 0 -6.25754 0 1
-4.486863 0 -6.241121 0 1
-4.353864 0 -6.245981 0 1
-4.209402 0 -6.257739 0 1
-4.02004 0 -6.214022 0 1
-3.889621 0 -6.238798 0 1
-3.733359 0 -6.242991 0 1
-3.578369 0 -6.239129 0 1
-3.471595 0 -6.263323 0 1
-3.288957 0 -6.249519 0 1
-3.167861 0 -6.236545 0 1
-3.026707 0 -6.240787 0 1
-2.84957 0 -6.22448 0 1
-2.712969 0 -6.258972 0 1
-2.589194 0 -6.223994 0 1
-2.404935 0 -6.245568 0 1
-2.258181 0 -6.262755 0 1
-2.116869 0 -6.236083 0 1
-1.95577 0 -6.259542 0 1
-1.81742 0 -6.22525 0 1
-1.698763 0 -6.212146 0 1
-1.543941 0 -6.246534 0 1
-1.377758 0 -6.241752 0 1
-1.221604 0 -6.223967 0 1
-1.114818 0 -6.222113 0 1
-0.949482 0 -6.246425 0 1
-0.796202 0 -6.231516 0 1
-0.678201 0 -6.257596 0 1
-0.529265 0 -6.254018 0 1
-0.390258 0 -6.246416 0 1
-0.231752 0 -6.236483 0 1
-0.082713 0 -6.227749 0 1
0.062262 0 -6.250827 0 1
0.239103 0 -6.212877 0 1
0.376447 0 -6.259922 0 1
0.538216 0 -6.223435 0 1
0.68268 0 -6.212507 0 1
0.826736 0 -6.258249 0 1
0.973474 0 -6.25176 0 1
1.112088 0 -6.221174 0 1
1.261524 0 -6.229219 0 1
1.393938 0 -6.234441 0 1
1.529062 0 -6.243065 0 1
1.685536 0 -6.231471 0 1
1.85495 0 -6.260035 0 1
1.982476 0 -6.250252 0 1
2.151498 0 -6.245451 0 1
2.299023 0 -6.247659 0 1
2.395727 0 -6.224046 0 1
2.581105 0 -6.226329 0 1
2.713401 0 -6.229858 0 1
2.854893 0 -6.261607 0 1
3.010993 0 -6.253443 0 1
3.152245 0 -6.253759 0 1
3.290521 0 -6.221181 0 1
3.440968 0 -6.234414 0 1
3.599825 0 -6.239307 0 1
3.734862 0 -6.228885 0 1
3.866044 0 -6.259692 0 1
4.051699 0 -6.240668 0 1
4.163629 0 -6.219632 0 1
4.327173 0 -6.264918 0 1
4.501268 0 -6.254263 0 1
4.633819 0 -6.257983 0 1
4.778569 0 -6.256553 0 1
4.940298 0 -6.250474 0 1
5.072389 0 -6.251723 0 1
5.204237 0 -6.217194 0 1
5.340123 0 -6.24401 0 1
5.494309 0 -6.227993 0 1
5.637327 0 -6.230316 0 1
5.808929 0 -6.264897 0 1
5.943729 0 -6.257942 0 1
6.077274 0 -6.229021 0 1
6.212601 0 -6.228196 0 1
6.402078 0 -6.212736 0 1
6.528005 0 -6.257969 0 1
6.65622 0 -6.244711 0 1
6.837883 0 -6.259541 0 1
6.962614 0 -6.218399 0 1
7.100091 0 -6.224081 1 1
7.279433 0 -6.257918 1 1
7.438893 0 -6.257405 1 1
7.561245 0 -6.264506 1 1
7.71435 0 -6.241697 1 1
7.864965 0 -6.231764 1 1
8 0 -6.238532 1 1
-8 0 -6.091743 1 1
-7.871634 0 -6.096409 1 1
-7.696563 0 -6.072721 1 1
-7.581474 0 -6.112856 1 1
-7.399504 0 -6.08701 1 1
-7.272183 0 -6.067263 1 1
-7.129068 0 -6.110776 1 1
-6.984263 0 -6.113713 0 1
-6.822866 0 -6.086458 0 1
-6.673213 0 -6.077001 0 1
-6.522045 0 -6.073359 0 1
-6.37695 0 -6.102225 0 1
-6.237594 0 -6.09124 0 1
-6.078646 0 -6.102548 0 1
-5.968492 0 -6.070716 0 1
-5.774138 0 -6.092013 0 1
-5.67184 0 -6.091765 0 1
-5.499624 0 -6.090248 0 1
-5.332555 0 -6.066014 0 1
-5.188079 0 -6.111191 0 1
-5.045153 0 -6.08813 0 1
-4.924543 0 -6.082076 0 1
-4.756759 0 -6.067728 0 1
-4.609566 0 -6.117283 0 1
-4.499918 0 -6.10431 0 1
-4.354593 0 -6.11497 0 1
-4.168199 0 -6.091394 0 1
-4.029903 0 -6.091688 0 1
-3.894377 0 -6.081079 0 1
-3.765185 0 -6.089811 0 1
-3.590198 0 -6.103503 0 1
-3.459587 0 -6.091146 0 1
-3.318437 0 -6.075464 0 1
-3.15404 0 -6.097517 0 1
-3.002078 0 -6.074065 0 1
-2.852818 0 -6.114671 0 1
-2.705097 0 -6.079591 0 1
-2.550499 0 -6.115105 0 1
-2.443885 0 -6.095205 0 1
-2.277693 0 -6.085992 0 1
-2.138518 0 -6.078971 0 1
-1.968934 0 -6.111853 0 1
-1.823876 0 -6.081095 0 1
-1.705838 0 -6.067804 0 1
-1.540069 0 -6.076789 0 1
-1.382829 0 -6.109342 0 1
-1.267421 0 -6.076887 0 1
-1.113137 0 -6.071323 0 1
-0.939785 0 -6.116614 0 1
-0.791111 0 -6.103793 0 1
-0.683597 0 -6.080523 0 1
-0.509711 0 -6.114092 0 1
-0.36934 0 -6.099135 0 1
-0.220204 0 -6.088209 0 1
-0.080386 0 -6.104684 0 1
0.05241 0 -6.087837 0 1
0.231956 0 -6.106095 0 1
0.367439 0 -6.115838 0 1
0.53294 0 -6.105242 0 1
0.659058 0 -6.097927 0 1
0.788849 0 -6.068959 0 1
0.973019 0 -6.08895 0 1
1.122792 0 -6.079025 0 1
1.243446 0 -6.10116 0 1
1.39007 0 -6.080102 0 1
1.529197 0 -6.114049 0 1
1.681352 0 -6.091635 0 1
1.856103 0 -6.108688 0 1
1.997734 0 -6.066303 0 1
2.152436 0 -6.114523 0 1
2.273385 0 -6.103247 0 1
2.440241 0 -6.100869 0 1
2.571613 0 -6.117744 0 1
2.699779 0 -6.088371 0 1
2.852023 0 -6.085258 0 1
3.007268 0 -6.086898 0 1
3.155612 0 -6.077337 0 1
3.286657 0 -6.070582 0 1
3.463306 0 -6.105212 0 1
3.570245 0 -6.096497 0 1
3.72901 0 -6.099859 0 1
3.907853 0 -6.07181 0 1
4.060529 0 -6.118088 0 1
4.191799 0 -6.0733 0 1
4.342282 0 -6.112672 0 1
4.47864 0 -6.105579 0 1
4.623432 0 -6.115 0 1
4.796904 0 -6.080559 0 1
4.895925 0 -6.069481 0 1
5.085214 0 -6.090699 0 1
5.221623 0 -6.098481 0 1
5.382876 0 -6.113679 0 1
5.483216 0 -6.11111 0 1
5.668284 0 -6.114211 0 1
5.801749 0 -6.095179 0 1
5.969485 0 -6.105653 0 1
6.079113 0 -6.101519 0 1
6.254428 0 -6.081136 0 1
6.397758 0 -6.101358 0 1
6.520059 0 -6.114218 0 1
6.663189 0 -6.07695 0 1
6.830164 0 -6.109953 0 1
6.954741 0 -6.093537 0 1
7.114326 0 -6.089845 1 1
7.290608 0 -6.107193 1 1
7.402714 0 -6.104161 1 1
7.539548 0 -6.109836 1 1
7.716254 0 -6.074496 1 1
7.863615 0 -6.116034 1 1
8 0 -6.091743 1 1
-8 0 -5.944954 1 1
-7.835459 0 -5.954054 1 1
-7.728024 0 -5.958259 1 1
-7.567256 0 -5.944243 1 1
-7.403481 0 -5.957628 1 1
-7.240126 0 -5.969734 1 1
-7.124318 0 -5.94748 1 1
-6.959368 0 -5.958173 0 1
-6.827694 0 -5.928895 0 1
-6.697934 0 -5.970744 0 1
-6.514652 0 -5.919453 0 1
-6.404836 0 -5.92785 0 1
-6.245283 0 -5.938069 0 1
-6.084097 0 -5.940604 0 1
-5.957699 0 -5.928427 0 1
-5.823435 0 -5.967969 0 1
-5.630107 0 -5.947943 0 1
-5.524203 0 -5.923548 0 1
-5.340394 0 -5.953856 0 1
-5.235175 0 -5.947015 0 1
-5.081765 0 -5.94105 0 1
-4.900432 0 -5.950503 0 1
-4.795506 0 -5.935272 0 1
-4.641143 0 -5.96003 0 1
-4.493596 0 -5.956588 0 1
-4.310014 0 -5.969545 0 1
-4.177188 0 -5.958388 0 1
-4.047525 0 -5.949605 0 1
-3.88723 0 -5.968154 0 1
-3.754757 0 -5.964124 0 1
-3.612212 0 -5.924628 0 1
-3.448177 0 -5.938045 0 1
-3.286785 0 -5.929373 0 1
-3.130101 0 -5.930057 0 1
-3.016619 0 -5.942602 0 1
-2.863195 0 -5.923147 0 1
-2.71547 0 -5.950853 0 1
-2.585727 0 -5.954525 0 1
-2.436866 0 -5.92404 0 1
-2.26051 0 -5.96828 0 1
-2.102466 0 -5.943399 0 1
-1.96755 0 -5.918553 0 1
-1.809815 0 -5.966085 0 1
-1.679784 0 -5.957292 0 1
-1.524571 0 -5.922904 0 1
-1.417963 0 -5.918723 0 1
-1.262534 0 -5.926643 0 1
-1.085202 0 -5.952627 0 1
-0.936203 0 -5.926711 0 1
-0.824456 0 -5.940065 0 1
-0.644369 0 -5.934511 0 1
-0.491885 0 -5.969886 0 1
-0.356374 0 -5.921303 0 1
-0.216822 0 -5.941619 0 1
-0.089869 0 -5.919166 0 1
0.093561 0 -5.945365 0 1
0.210093 0 -5.94546 0 1
0.34532 0 -5.959083 0 1
0.498902 0 -5.943556 0 1
0.634165 0 -5.922871 0 1
0.791564 0 -5.964481 0 1
0.965592 0 -5.922824 0 1
1.119111 0 -5.954276 0 1
1.222442 0 -5.940377 0 1
1.416543 0 -5.930455 0 1
1.559594 0 -5.925895 0 1
1.712411 0 -5.951634 0 1
1.858215 0 -5.950471 0 1
1.960568 0 -5.95543 0 1
2.109229 0 -5.963053 0 1
2.29894 0 -5.929532 0 1
2.446362 0 -5.937071 0 1
2.551591 0 -5.920184 0 1
2.725825 0 -5.922292 0 1
2.877551 0 -5.959579 0 1
3.013875 0 -5.96211 0 1
3.145755 0 -5.934993 0 1
3.28306 0 -5.932862 0 1
3.473257 0 -5.921243 0 1
3.590602 0 -5.918834 0 1
3.767701 0 -5.969665 0 1
3.895319 0 -5.922705 0 1
4.061404 0 -5.959703 0 1
4.18695 0 -5.921878 0 1
4.311285 0 -5.931989 0 1
4.463219 0 -5.919463 0 1
4.606303 0 -5.924592 0 1
4.748909 0 -5.933912 0 1
4.924782 0 -5.924522 0 1
5.0614 0 -5.957361 0 1
5.197774 0 -5.967794 0 1
5.344939 0 -5.965667 0 1
5.478233 0 -5.950982 0 1
5.663667 0 -5.920165 0 1
5.818486 0 -5.94532 0 1
5.938545 0 -5.942522 0 1
6.070681 0 -5.946038 0 1
6.25777 0 -5.936976 0 1
6.395211 0 -5.962781 0 1
6.509583 0 -5.926683 0 1
6.668061 0 -5.954534 0 1
6.849556 0 -5.967455 0 1
6.955044 0 -5.951535 0 1
7.131525 0 -5.942468 1 1
7.287094 0 -5.966456 1 1
7.417813 0 -5.938949 1 1
7.558721 0 -5.969738 1 1
7.729802 0 -5.962657 1 1
7.873807 0 -5.963074 1 1
8 0 -5.944954 1 1
-8 0 -5.798165 1 1
-7.874282 0 -5.813725 1 1
-7.722805 0 -5.787744 1 1
-7.5479 0 -5.786012 1 1
-7.425248 0 -5.80971 1 1
-7.279924 0 -5.821964 1 1
-7.115473 0 -5.780206 1 1
-6.990783 0 -5.805519 0 1
-6.829514 0 -5.809022 0 1
-6.670337 0 -5.792869 0 1
-6.54798 0 -5.823227 0 1
-6.402716 0 -5.809167 0 1
-6.260624 0 -5.779999 0 1
-6.10187 0 -5.803583 0 1
-5.94553 0 -5.789655 0 1
-5.819771 0 -5.795833 0 1
-5.668028 0 -5.777794 0 1
-5.511488 0 -5.801031 0 1
-5.370307 0 -5.800012 0 1
-5.225476 0 -5.810395 0 1
-5.087385 0 -5.784836 0 1
-4.908581 0 -5.820058 0 1
-4.778897 0 -5.795975 0 1
-4.598979 0 -5.793424 0 1
-4.474232 0 -5.780156 0 1
-4.313449 0 -5.802465 0 1
-4.18161 0 -5.778777 0 1
-4.038028 0 -5.777997 0 1
-3.891163 0 -5.820415 0 1
-3.721835 0 -5.78684 0 1
-3.596219 0 -5.777003 0 1
-3.433664 0 -5.788783 0 1
-3.296397 0 -5.818231 0 1
-3.142372 0 -5.815452 0 1
-2.983578 0 -5.773214 0 1
-2.846085 0 -5.817919 0 1
-2.719646 0 -5.772362 0 1
-2.572221 0 -5.771887 0 1
-2.415295 0 -5.78051 0 1
-2.288024 0 -5.776457 0 1
-2.106554 0 -5.821046 0 1
-1.987565 0 -5.803589 0 1
-1.844051 0 -5.809992 0 1
-1.690285 0 -5.77843 0 1
-1.526142 0 -5.791662 0 1
-1.393303 0 -5.802414 0 1
-1.252228 0 -5.816756 0 1
-1.096271 0 -5.784511 0 1
-0.930896 0 -5.77571 0 1
-0.804027 0 -5.81925 0 1
-0.671854 0 -5.796282 0 1
-0.522012 0 -5.802874 0 1
-0.373153 0 -5.798927 0 1
-0.214425 0 -5.822607 0 1
-0.085263 0 -5.816985 0 1
0.079136 0 -5.787931 0 1
0.195811 0 -5.777578 0 1
0.358068 0 -5.812033 0 1
0.526748 0 -5.775927 0 1
0.681531 0 -5.823518 0 1
0.824111 0 -5.808573 0 1
0.942521 0 -5.798608 0 1
1.111285 0 -5.819397 0 1
1.267201 0 -5.817486 0 1
1.419555 0 -5.801171 0 1
1.558502 0 -5.81035 0 1
1.683675 0 -5.790473 0 1
1.818372 0 -5.813416 0 1
1.998771 0 -5.785433 0 1
2.142153 0 -5.778761 0 1
2.292193 0 -5.797358 0 1
2.403997 0 -5.808146 0 1
2.569166 0 -5.817419 0 1
2.73416 0 -5.77812 0 1
2.837493 0 -5.814401 0 1
3.026768 0 -5.780358 0 1
3.142725 0 -5.800467 0 1
3.324843 0 -5.787351 0 1
3.437597 0 -5.78107 0 1
3.596601 0 -5.79101 0 1
3.723243 0 -5.822972 0 1
3.883169 0 -5.793195 0 1
4.019659 0 -5.778587 0 1
4.188077 0 -5.806104 0 1
4.312494 0 -5.777319 0 1
4.49022 0 -5.788186 0 1
4.612495 0 -5.804159 0 1
4.752829 0 -5.794347 0 1
4.941999 0 -5.779294 0 1
5.072008 0 -5.788775 0 1
5.198807 0 -5.802947 0 1
5.332436 0 -5.783353 0 1
5.518727 0 -5.824117 0 1
5.673122 0 -5.790377 0 1
5.80351 0 -5.82414 0 1
5.931869 0 -5.782043 0 1
6.081463 0 -5.773486 0 1
6.246075 0 -5.802191 0 1
6.378794 0 -5.80616 0 1
6.519005 0 -5.799925 0 1
6.688263 0 -5.781027 0 1
6.820253 0 -5.819181 0 1
6.973085 0 -5.789586 0 1
7.137407 0 -5.804811 1 1
7.273841 0 -5.792402 1 1
7.402195 0 -5.818874 1 1
7.536584 0 -5.772358 1 1
7.713852 0 -5.779062 1 1
7.840589 0 -5.78701 1 1
8 0 -5.798165 1 1
-8 0 -5.651376 1 1
-7.832476 0 -5.662009 1 1
-7.724921 0 -5.637347 1 1
-7.538512 0 -5.635236 1 1
-7.396866 0 -5.64609 1 1
-7.257572 0 -5.641824 1 1
-7.107573 0 -5.643164 1 1
-6.946189 0 -5.664089 0 1
-6.829991 0 -5.65728 0 1
-6.703455 0 -5.640381 0 1
-6.528303 0 -5.667762 0 1
-6.373349 0 -5.666048 0 1
-6.236702 0 -5.636321 0 1
-6.070261 0 -5.642294 0 1
-5.944568 0 -5.633123 0 1
-5.780164 0 -5.631481 0 1
-5.668226 0 -5.67264 0 1
-5.524248 0 -5.66413 0 1
-5.341504 0 -5.637482 0 1
-5.227757 0 -5.641879 0 1
-5.072906 0 -5.673079 0 1
-4.925079 0 -5.638471 0 1
-4.780837 0 -5.636152 0 1
-4.632767 0 -5.664029 0 1
-4.487947 0 -5.632817 0 1
-4.331832 0 -5.632014 0 1
-4.17907 0 -5.627897 0 1
-4.059356 0 -5.630797 0 1
-3.889883 0 -5.631956 0 1
-3.749372 0 -5.662032 0 1
-3.619895 0 -5.632657 0 1
-3.468704 0 -5.667214 0 1
-3.307551 0 -5.647709 0 1
-3.134476 0 -5.653618 0 1
-3.018877 0 -5.639979 0 1
-2.847645 0 -5.652032 0 1
-2.708672 0 -5.668454 0 1
-2.5617 0 -5.677549 0 1
-2.433986 0 -5.637574 0 1
-2.292742 0 -5.6374 0 1
-2.128991 0 -5.637448 0 1
-2.003421 0 -5.645327 0 1
-1.827808 0 -5.656481 0 1
-1.663484 0 -5.657542 0 1
-1.565713 0 -5.66726 0 1
-1.401201 0 -5.677054 0 1
-1.257101 0 -5.633767 0 1
-1.117269 0 -5.642036 0 1
-0.947434 0 -5.664649 0 1
-0.797113 0 -5.659601 0 1
-0.680159 0 -5.65753 0 1
-0.509076 0 -5.668972 0 1
-0.349859 0 -5.66204 0 1
-0.231237 0 -5.639337 0 1
-0.068302 0 -5.659946 0 1
0.093897 0 -5.625193 0 1
0.211873 0 -5.630165 0 1
0.359535 0 -5.667841 0 1
0.53744 0 -5.629276 0 1
0.655445 0 -5.665728 0 1
0.819344 0 -5.670865 0 1
0.966498 0 -5.646636 0 1
1.083425 0 -5.658426 0 1
1.255662 0 -5.675824 0 1
1.414394 0 -5.664281 0 1
1.54312 0 -5.675231 0 1
1.714214 0 -5.642817 0 1
1.842978 0 -5.676755 0 1
1.991679 0 -5.655774 0 1
2.122112 0 -5.648878 0 1
2.273876 0 -5.669706 0 1
2.432333 0 -5.64449 0 1
2.558298 0 -5.642833 0 1
2.724183 0 -5.663531 0 1
2.867967 0 -5.67055 0 1
3.026647 0 -5.672254 0 1
3.167524 0 -5.671577 0 1
3.282355 0 -5.672183 0 1
3.433617 0 -5.667243 0 1
3.583806 0 -5.650153 0 1
3.727354 0 -5.640626 0 1
3.879094 0 -5.675716 0 1
4.036505 0 -5.666823 0 1
4.206374 0 -5.660328 0 1
4.303998 0 -5.642306 0 1
4.498565 0 -5.633661 0 1
4.632785 0 -5.669917 0 1
4.748981 0 -5.650758 0 1
4.929245 0 -5.672446 0 1
5.051321 0 -5.665583 0 1
5.236832 0 -5.662155 0 1
5.35591 0 -5.672524 0 1
5.487397 0 -5.675714 0 1
5.640309 0 -5.635439 0 1
5.788268 0 -5.638771 0 1
5.923552 0 -5.637732 0 1
6.067746 0 -5.632775 0 1
6.247164 0 -5.668788 0 1
6.377792 0 -5.654668 0 1
6.538547 0 -5.631376 0 1
6.657389 0 -5.634732 0 1
6.80893 0 -5.656619 0 1
6.996907 0 -5.663433 0 1
7.113227 0 -5.632845 1 1
7.281903 0 -5.64351 1 1
7.428534 0 -5.671824 1 1
7.569999 0 -5.674699 1 1
7.729804 0 -5.669375 1 1
7.848774 0 -5.646581 1 1
8 0 -5.651376 1 1
-8 0 -5.504587 1 1
-7.837238 0 -5.49516 1 1
-7.723265 0 -5.510942 1 1
-7.567105 0 -5.529486 1 1
-7.403096 0 -5.486698 1 1
-7.241036 0 -5.524105 1 1
-7.097051 0 -5.525041 1 1
-6.977165 0 -5.52858 0 1
-6.838285 0 -5.514404 0 1
-6.668089 0 -5.495185 0 1
-6.517973 0 -5.500537 0 1
-6.381886 0 -5.479333 0 1
-6.229557 0 -5.513132 0 1
-6.090522 0 -5.493988 0 1
-5.966343 0 -5.496042 0 1
-5.811451 0 -5.512738 0 1
-5.64206 0 -5.510671 0 1
-5.486671 0 -5.501504 0 1
-5.332021 0 -5.528126 0 1
-5.203431 0 -5.522716 0 1
-5.045786 0 -5.485993 0 1
-4.89791 0 -5.527053 0 1
-4.771084 0 -5.518279 0 1
-4.599009 0 -5.528348 0 1
-4.491718 0 -5.497014 0 1
-4.335386 0 -5.518591 0 1
-4.185648 0 -5.488667 0 1
-4.03944 0 -5.485744 0 1
-3.892705 0 -5.524736 0 1
-3.743258 0 -5.496482 0 1
-3.617328 0 -5.50922 0 1
-3.446522 0 -5.531 0 1
-3.324371 0 -5.499081 0 1
-3.149671 0 -5.514913 0 1
-3.008734 0 -5.520078 0 1
-2.853324 0 -5.480789 0 1
-2.722818 0 -5.528141 0 1
-2.583449 0 -5.506994 0 1
-2.41884 0 -5.498259 0 1
-2.276649 0 -5.496282 0 1
-2.117031 0 -5.524984 0 1
-1.967948 0 -5.519291 0 1
-1.843246 0 -5.487155 0 1
-1.663531 0 -5.51558 0 1
-1.540123 0 -5.493908 0 1
-1.418498 0 -5.522335 0 1
-1.266707 0 -5.493128 0 1
-1.089209 0 -5.525357 0 1
-0.948271 0 -5.521099 0 1
-0.784605 0 -5.510247 0 1
-0.66282 0 -5.489716 0 1
-0.502306 0 -5.525314 0 1
-0.371492 0 -5.482042 0 1
-0.20235 0 -5.499894 0 1
-0.059013 0 -5.507203 0 1
0.081768 0 -5.48048 0 1
0.200876 0 -5.504649 0 1
0.368577 0 -5.528442 0 1
0.536765 0 -5.486683 0 1
0.659649 0 -5.504147 0 1
0.829595 0 -5.521645 0 1
0.95828 0 -5.492407 0 1
1.08128 0 -5.510537 0 1
1.25302 0 -5.484364 0 1
1.394713 0 -5.510682 0 1
1.566623 0 -5.482609 0 1
1.701938 0 -5.516551 0 1
1.859361 0 -5.479724 0 1
1.97916 0 -5.523961 0 1
2.123829 0 -5.494018 0 1
2.288357 0 -5.515213 0 1
2.432666 0 -5.485526 0 1
2.580004 0 -5.481573 0 1
2.722603 0 -5.520393 0 1
2.868947 0 -5.515654 0 1
3.000999 0 -5.495478 0 1
3.181399 0 -5.496656 0 1
3.326972 0 -5.504381 0 1
3.45981 0 -5.513973 0 1
3.576007 0 -5.512396 0 1
3.742082 0 -5.500854 0 1
3.898742 0 -5.508948 0 1
4.049796 0 -5.486547 0 1
4.172174 0 -5.486234 0 1
4.346567 0 -5.503386 0 1
4.451978 0 -5.52333 0 1
4.63285 0 -5.520446 0 1
4.783863 0 -5.522505 0 1
4.906155 0 -5.517769 0 1
5.082154 0 -5.494515 0 1
5.200184 0 -5.491186 0 1
5.333083 0 -5.487993 0 1
5.483581 0 -5.485139 0 1
5.664032 0 -5.485307 0 1
5.810975 0 -5.501349 0 1
5.931088 0 -5.489563 0 1
6.107534 0 -5.515809 0 1
6.247225 0 -5.48205 0 1
6.379379 0 -5.480453 0 1
6.557254 0 -5.514487 0 1
6.681654 0 -5.530324 0 1
6.812548 0 -5.498216 0 1
6.987322 0 -5.485029 0 1
7.136704 0 -5.482843 1 1
7.276868 0 -5.496786 1 1
7.426325 0 -5.502124 1 1
7.565096 0 -5.489994 1 1
7.730957 0 -5.515464 1 1
7.836165 0 -5.494935 1 1
8 0 -5.504587 1 1
-8 0 -5.357798 1 1
-7.869752 0 -5.375036 1 1
-7.70569 0 -5.364288 1 1
-7.563411 0 -5.354807 1 1
-7.432393 0 -5.35336 1 1
-7.279001 0 -5.366752 1 1
-7.108185 0 -5.37604 1 1
-6.990777 0 -5.367171 0 1
-6.849423 0 -5.334949 0 1
-6.67279 0 -5.349243 0 1
-6.532609 0 -5.353958 0 1
-6.39282 0 -5.342789 0 1
-6.248157 0 -5.372597 0 1
-6.108449 0 -5.380617 0 1
-5.944682 0 -5.362241 0 1
-5.796208 0 -5.379361 0 1
-5.666109 0 -5.372946 0 1
-5.513471 0 -5.365154 0 1
-5.372677 0 -5.344447 0 1
-5.209397 0 -5.331554 0 1
-5.047115 0 -5.332373 0 1
-4.943388 0 -5.348871 0 1
-4.773513 0 -5.336423 0 1
-4.617845 0 -5.351397 0 1
-4.452814 0 -5.348151 0 1
-4.339738 0 -5.335819 0 1
-4.159971 0 -5.363829 0 1
-4.034571 0 -5.369274 0 1
-3.868172 0 -5.340777 0 1
-3.749727 0 -5.341796 0 1
-3.599207 0 -5.381903 0 1
-3.428494 0 -5.374047 0 1
-3.302018 0 -5.334113 0 1
-3.17354 0 -5.333687 0 1
-3.007168 0 -5.383833 0 1
-2.885348 0 -5.348797 0 1
-2.701139 0 -5.338513 0 1
-2.572812 0 -5.378728 0 1
-2.420023 0 -5.347084 0 1
-2.250064 0 -5.343255 0 1
-2.120695 0 -5.33456 0 1
-1.968605 0 -5.376095 0 1
-1.837017 0 -5.366691 0 1
-1.70987 0 -5.381352 0 1
-1.525737 0 -5.354729 0 1
-1.390534 0 -5.37219 0 1
-1.26046 0 -5.363715 0 1
-1.094036 0 -5.361337 0 1
-0.979658 0 -5.34864 0 1
-0.805499 0 -5.350325 0 1
-0.654296 0 -5.344272 0 1
-0.509238 0 -5.347183 0 1
-0.389559 0 -5.335178 0 1
-0.240997 0 -5.342638 0 1
-0.083892 0 -5.379649 0 1
0.087413 0 -5.361092 0 1
0.214641 0 -5.349305 0 1
0.365598 0 -5.35603 0 1
0.494546 0 -5.363559 0 1
0.676271 0 -5.355382 0 1
0.831655 0 -5.376607 0 1
0.963497 0 -5.335912 0 1
1.116507 0 -5.34568 0 1
1.241002 0 -5.334047 0 1
1.397324 0 -5.354888 0 1
1.521375 0 -5.383954 0 1
1.693181 0 -5.355835 0 1
1.858483 0 -5.368119 0 1
1.994772 0 -5.336473 0 1
2.120189 0 -5.362414 0 1
2.282941 0 -5.357135 0 1
2.404102 0 -5.372553 0 1
2.586497 0 -5.373951 0 1
2.698758 0 -5.341963 0 1
2.881 0 -5.339229 0 1
3.032022 0 -5.331677 0 1
3.153916 0 -5.355174 0 1
3.29169 0 -5.38066 0 1
3.428309 0 -5.345877 0 1
3.595653 0 -5.366737 0 1
3.723473 0 -5.349582 0 1
3.868773 0 -5.351482 0 1
4.057841 0 -5.367427 0 1
4.180878 0 -5.35165 0 1
4.320006 0 -5.35335 0 1
4.480528 0 -5.364959 0 1
4.614148 0 -5.361587 0 1
4.744476 0 -5.371211 0 1
4.902715 0 -5.345125 0 1
5.060845 0 -5.339825 0 1
5.191684 0 -5.345487 0 1
5.377767 0 -5.359761 0 1
5.497122 0 -5.368078 0 1
5.654107 0 -5.374932 0 1
5.8038 0 -5.339736 0 1
5.96391 0 -5.376822 0 1
6.093784 0 -5.37031 0 1
6.258948 0 -5.38018 0 1
6.362884 0 -5.383236 0 1
6.532489 0 -5.382572 0 1
6.683227 0 -5.362811 0 1
6.830446 0 -5.336327 0 1
6.975203 0 -5.355501 0 1
7.145621 0 -5.359272 1 1
7.280598 0 -5.364889 1 1
7.398222 0 -5.343417 1 1
7.571958 0 -5.368843 1 1
7.704557 0 -5.357248 1 1
7.847757 0 -5.357684 1 1
8 0 -5.357798 1 1
-8 0 -5.211009 1 1
-7.844614 0 -5.19262 1 1
-7.690223 0 -5.204983 1 1
-7.577291 0 -5.210262 1 1
-7.415686 0 -5.227964 1 1
-7.242343 0 -5.202585 1 1
-7.094549 0 -5.198542 1 1
-6.973349 0 -5.218471 0 1
-6.840547 0 -5.211662 0 1
-6.701999 0 -5.217909 0 1
-6.55627 0 -5.226504 0 1
-6.363775 0 -5.218341 0 1
-6.240135 0 -5.213406 0 1
-6.115711 0 -5.185613 0 1
-5.954251 0 -5.200243 0 1
-5.797036 0 -5.193589 0 1
-5.63368 0 -5.223517 0 1
-5.502244 0 -5.228244 0 1
-5.349677 0 -5.218127 0 1
-5.202906 0 -5.193282 0 1
-5.06334 0 -5.217544 0 1
-4.895911 0 -5.210144 0 1
-4.778416 0 -5.191577 0 1
-4.624547 0 -5.211955 0 1
-4.471557 0 -5.210912 0 1
-4.349354 0 -5.22868 0 1
-4.205835 0 -5.203427 0 1
-4.051942 0 -5.227554 0 1
-3.897189 0 -5.199526 0 1
-3.763288 0 -5.225259 0 1
-3.579887 0 -5.19937 0 1
-3.450518 0 -5.212129 0 1
-3.31804 0 -5.22891 0 1
-3.138347 0 -5.236245 0 1
-3.033316 0 -5.207126 0 1
-2.880293 0 -5.204164 0 1
-2.739947 0 -5.20719 0 1
-2.592275 0 -5.223784 0 1
-2.438926 0 -5.186794 0 1
-2.269979 0 -5.207648 0 1
-2.153878 0 -5.199407 0 1
-1.973104 0 -5.222452 0 1
-1.856753 0 -5.213693 0 1
-1.662033 0 -5.191599 0 1
-1.558693 0 -5.193551 0 1
-1.389167 0 -5.19544 0 1
-1.230772 0 -5.22782 0 1
-1.092481 0 -5.223453 0 1
-0.942282 0 -5.219323 0 1
-0.809798 0 -5.206222 0 1
-0.674828 0 -5.217062 0 1
-0.534446 0 -5.226738 0 1
-0.34797 0 -5.210779 0 1
-0.224422 0 -5.229528 0 1
-0.094728 0 -5.212284 0 1
0.079458 0 -5.235368 0 1
0.235184 0 -5.210833 0 1
0.346761 0 -5.211948 0 1
0.494227 0 -5.205541 0 1
0.677858 0 -5.190032 0 1
0.821865 0 -5.203123 0 1
0.955293 0 -5.217859 0 1
1.076791 0 -5.209434 0 1
1.233411 0 -5.195034 0 1
1.409797 0 -5.217285 0 1
1.54599 0 -5.198253 0 1
1.701894 0 -5.200614 0 1
1.813604 0 -5.230356 0 1
1.980443 0 -5.225144 0 1
2.147414 0 -5.222462 0 1
2.295139 0 -5.215837 0 1
2.405585 0 -5.199957 0 1
2.584102 0 -5.206888 0 1
2.695401 0 -5.237051 0 1
2.870552 0 -5.201087 0 1
2.999446 0 -5.218287 0 1
3.13772 0 -5.202999 0 1
3.289733 0 -5.192251 0 1
3.445502 0 -5.218109 0 1
3.58447 0 -5.201465 0 1
3.756593 0 -5.215595 0 1
3.904905 0 -5.211936 0 1
4.029839 0 -5.208107 0 1
4.170475 0 -5.221226 0 1
4.32205 0 -5.20015 0 1
4.489524 0 -5.19225 0 1
4.63227 0 -5.197914 0 1
4.76782 0 -5.200477 0 1
4.899559 0 -5.226098 0 1
5.058965 0 -5.219547 0 1
5.213682 0 -5.200596 0 1
5.368726 0 -5.228937 0 1
5.529137 0 -5.237152 0 1
5.629768 0 -5.229751 0 1
5.820669 0 -5.214424 0 1
5.921918 0 -5.225712 0 1
6.069551 0 -5.235436 0 1
6.232419 0 -5.185409 0 1
6.391344 0 -5.209899 0 1
6.543292 0 -5.205858 0 1
6.702453 0 -5.194087 0 1
6.833102 0 -5.214234 0 1
6.956714 0 -5.202719 0 1
7.135326 0 -5.222317 1 1
7.241409 0 -5.20575 1 1
7.41368 0 -5.225189 1 1
7.542167 0 -5.235526 1 1
7.692643 0 -5.237416 1 1
7.835109 0 -5.184755 1 1
8 0 -5.211009 1 1
-8 0 -5.06422 1 1
-7.838432 0 -5.071982 1 1
-7.711963 0 -5.059671 1 1
-7.558695 0 -5.0517 1 1
-7.43564 0 -5.085877 1 1
-7.277443 0 -5.046794 1 1
-7.097335 0 -5.072247 1 1
-6.947995 0 -5.07603 0 1
-6.820067 0 -5.080363 0 1
-6.656191 0 -5.060262 0 1
-6.544734 0 -5.069128 0 1
-6.406117 0 -5.086817 0 1
-6.249405 0 -5.040598 0 1
-6.075734 0 -5.040086 0 1
-5.925079 0 -5.047672 0 1
-5.794207 0 -5.053958 0 1
-5.626748 0 -5.060882 0 1
-5.490321 0 -5.050614 0 1
-5.333424 0 -5.066395 0 1
-5.213085 0 -5.059632 0 1
-5.089197 0 -5.084498 0 1
-4.940283 0 -5.057157 0 1
-4.744527 0 -5.054871 0 1
-4.638125 0 -5.073958 0 1
-4.452997 0 -5.063348 0 1
-4.356183 0 -5.046667 0 1
-4.196789 0 -5.085727 0 1
-4.027518 0 -5.047253 0 1
-3.912313 0 -5.041423 0 1
-3.744358 0 -5.07196 0 1
-3.575493 0 -5.076423 0 1
-3.425914 0 -5.054544 0 1
-3.28109 0 -5.064273 0 1
-3.171834 0 -5.051779 0 1
-2.989477 0 -5.079715 0 1
-2.878092 0 -5.077447 0 1
-2.709329 0 -5.082399 0 1
-2.589591 0 -5.042016 0 1
-2.412728 0 -5.055584 0 1
-2.269214 0 -5.050256 0 1
-2.126249 0 -5.088409 0 1
-1.982587 0 -5.057844 0 1
-1.835267 0 -5.038572 0 1
-1.667094 0 -5.044733 0 1
-1.54177 0 -5.038623 0 1
-1.372512 0 -5.075832 0 1
-1.262392 0 -5.060169 0 1
-1.124478 0 -5.048406 0 1
-0.955274 0 -5.062066 0 1
-0.807209 0 -5.069837 0 1
-0.650704 0 -5.081405 0 1
-0.488581 0 -5.053744 0 1
-0.369083 0 -5.054222 0 1
-0.245981 0 -5.079505 0 1
-0.069114 0 -5.073445 0 1
0.079354 0 -5.076919 0 1
0.22275 0 -5.078111 0 1
0.365458 0 -5.058244 0 1
0.506676 0 -5.064285 0 1
0.645254 0 -5.053614 0 1
0.800592 0 -5.045496 0 1
0.942483 0 -5.081136 0 1
1.081425 0 -5.06021 0 1
1.233363 0 -5.085365 0 1
1.382339 0 -5.078181 0 1
1.537703 0 -5.070515 0 1
1.669358 0 -5.039957 0 1
1.816343 0 -5.048067 0 1
1.964562 0 -5.064241 0 1
2.154628 0 -5.045757 0 1
2.276128 0 -5.052565 0 1
2.437096 0 -5.074787 0 1
2.572091 0 -5.060636 0 1
2.710227 0 -5.054151 0 1
2.839136 0 -5.047637 0 1
3.007935 0 -5.057358 0 1
3.153313 0 -5.072958 0 1
3.295405 0 -5.061031 0 1
3.472362 0 -5.077024 0 1
3.570956 0 -5.084236 0 1
3.762533 0 -5.039747 0 1
3.874 0 -5.06021 0 1
4.044578 0 -5.081419 0 1
4.198299 0 -5.071877 0 1
4.339427 0 -5.064881 0 1
4.489563 0 -5.04363 0 1
4.617569 0 -5.075501 0 1
4.777602 0 -5.082988 0 1
4.899865 0 -5.047959 0 1
5.055627 0 -5.057283 0 1
5.214795 0 -5.045783 0 1
5.335146 0 -5.082081 0 1
5.490225 0 -5.073897 0 1
5.640351 0 -5.076508 0 1
5.805809 0 -5.076308 0 1
5.942042 0 -5.045048 0 1
6.084512 0 -5.059627 0 1
6.263132 0 -5.068765 0 1
6.368616 0 -5.089421 0 1
6.544147 0 -5.055658 0 1
6.702174 0 -5.053615 0 1
6.803497 0 -5.081822 0 1
6.951498 0 -5.087271 0 1
7.139278 0 -5.061661 1 1
7.241026 0 -5.069662 1 1
7.426848 0 -5.086243 1 1
7.54708 0 -5.082437 1 1
7.714604 0 -5.04385 1 1
7.843137 0 -5.077569 1 1
8 0 -5.06422 1 1
-8 0 -4.917431 1 1
-7.864616 0 -4.910747 1 1
-7.725907 0 -4.899543 1 1
-7.584545 0 -4.908789 1 1
-7.393801 0 -4.926668 1 1
-7.267315 0 -4.892331 1 1
-7.117121 0 -4.929458 1 1
-6.975392 0 -4.892619 0 1
-6.815245 0 -4.934498 0 1
-6.673742 0 -4.910506 0 1
-6.524931 0 -4.91405 0 1
-6.384081 0 -4.910058 0 1
-6.24859 0 -4.925507 0 1
-6.089647 0 -4.901329 0 1
-5.948026 0 -4.924524 0 1
-5.810858 0 -4.927811 0 1
-5.677793 0 -4.900765 0 1
-5.4862 0 -4.925681 0 1
-5.359426 0 -4.943414 0 1
-5.188704 0 -4.893812 0 1
-5.065432 0 -4.943371 0 1
-4.921107 0 -4.928374 0 1
-4.784846 0 -4.943472 0 1
-4.63053 0 -4.922095 0 1
-4.473864 0 -4.922993 0 1
-4.348069 0 -4.904901 0 1
-4.189314 0 -4.923859 0 1
-4.049222 0 -4.92154 0 1
-3.903671 0 -4.903452 0 1
-3.721456 0 -4.901178 0 1
-3.586573 0 -4.92881 0 1
-3.436704 0 -4.901112 0 1
-3.307355 0 -4.898752 0 1
-3.172746 0 -4.92855 0 1
-3.00194 0 -4.91121 0 1
-2.874427 0 -4.910944 0 1
-2.732095 0 -4.942828 0 1
-2.592607 0 -4.915583 0 1
-2.438615 0 -4.938449 0 1
-2.287426 0 -4.906059 0 1
-2.116439 0 -4.931551 0 1
-2.000111 0 -4.91777 0 1
-1.843216 0 -4.927388 0 1
-1.672249 0 -4.891117 0 1
-1.543203 0 -4.902031 0 1
-1.403466 0 -4.899277 0 1
-1.22384 0 -4.940892 0 1
-1.086351 0 -4.940081 0 1
-0.955706 0 -4.933697 0 1
-0.789291 0 -4.900666 0 1
-0.643204 0 -4.937408 0 1
-0.499592 0 -4.930697 0 1
-0.35264 0 -4.920445 0 1
-0.207627 0 -4.942082 0 1
-0.075464 0 -4.903111 0 1
0.074512 0 -4.891954 0 1
0.218747 0 -4.907843 0 1
0.357044 0 -4.926781 0 1
0.520587 0 -4.941624 0 1
0.683666 0 -4.916325 0 1
0.794303 0 -4.910111 0 1
0.938208 0 -4.896953 0 1
1.120135 0 -4.932344 0 1
1.227252 0 -4.910408 0 1
1.385222 0 -4.935009 0 1
1.529453 0 -4.93753 0 1
1.703353 0 -4.943381 0 1
1.810659 0 -4.902451 0 1
1.980345 0 -4.912347 0 1
2.121645 0 -4.939125 0 1
2.257141 0 -4.939023 0 1
2.428288 0 -4.894663 0 1
2.595069 0 -4.910819 0 1
2.692333 0 -4.909791 0 1
2.873024 0 -4.902029 0 1
2.989402 0 -4.931558 0 1
3.181417 0 -4.902182 0 1
3.316317 0 -4.901286 0 1
3.446303 0 -4.933656 0 1
3.606331 0 -4.924926 0 1
3.723817 0 -4.896364 0 1
3.889132 0 -4.920734 0 1
4.025849 0 -4.907019 0 1
4.167093 0 -4.933991 0 1
4.322225 0 -4.90515 0 1
4.465191 0 -4.899921 0 1
4.645756 0 -4.91455 0 1
4.74786 0 -4.935661 0 1
4.906634 0 -4.929937 0 1
5.057198 0 -4.943815 0 1
5.218303 0 -4.923823 0 1
5.341181 0 -4.942864 0 1
5.523443 0 -4.902845 0 1
5.637573 0 -4.905752 0 1
5.80653 0 -4.915373 0 1
5.939009 0 -4.916159 0 1
6.091614 0 -4.914711 0 1
6.244506 0 -4.926806 0 1
6.392767 0 -4.938016 0 1
6.533336 0 -4.94033 0 1
6.696612 0 -4.936995 0 1
6.845425 0 -4.933175 0 1
6.971704 0 -4.938635 0 1
7.123019 0 -4.89966 1 1
7.2744 0 -4.916067 1 1
7.423482 0 -4.930328 1 1
7.552571 0 -4.911832 1 1
7.683745 0 -4.894697 1 1
7.83782 0 -4.917885 1 1
8 0 -4.917431 1 1
-8 0 -4.770642 1 1
-7.832614 0 -4.792839 1 1
-7.690515 0 -4.793857 1 1
-7.556567 0 -4.747484 1 1
-7.417285 0 -4.777561 1 1
-7.255041 0 -4.75354 1 1
-7.131641 0 -4.794916 1 1
-6.995179 0 -4.781005 0 1
-6.802193 0 -4.746303 0 1
-6.700189 0 -4.758743 0 1
-6.530437 0 -4.787052 0 1
-6.383937 0 -4.783919 0 1
-6.231909 0 -4.787611 0 1
-6.078575 0 -4.775124 0 1
-5.9658 0 -4.763317 0 1
-5.805671 0 -4.772824 0 1
-5.642644 0 -4.750412 0 1
-5.522194 0 -4.787531 0 1
-5.363 0 -4.779229 0 1
-5.229073 0 -4.744303 0 1
-5.067232 0 -4.778446 0 1
-4.927199 0 -4.744671 0 1
-4.779908 0 -4.777421 0 1
-4.609893 0 -4.77431 0 1
-4.465128 0 -4.764913 0 1
-4.326938 0 -4.785759 0 1
-4.169445 0 -4.748123 0 1
-4.049692 0 -4.746247 0 1
-3.892683 0 -4.77608 0 1
-3.73116 0 -4.745121 0 1
-3.59127 0 -4.769712 0 1
-3.423467 0 -4.781114 0 1
-3.313303 0 -4.785339 0 1
-3.137166 0 -4.795917 0 1
-2.992162 0 -4.760617 0 1
-2.874225 0 -4.767806 0 1
-2.71262 0 -4.748135 0 1
-2.587054 0 -4.79507 0 1
-2.429646 0 -4.78975 0 1
-2.282253 0 -4.766301 0 1
-2.14255 0 -4.754204 0 1
-2.003217 0 -4.775937 0 1
-1.81278 0 -4.758263 0 1
-1.676258 0 -4.755164 0 1
-1.55857 0 -4.753431 0 1
-1.384476 0 -4.766614 0 1
-1.226164 0 -4.76561 0 1
-1.111465 0 -4.758446 0 1
-0.950097 0 -4.792917 0 1
-0.830806 0 -4.756327 0 1
-0.668586 0 -4.753883 0 1
-0.518173 0 -4.751205 0 1
-0.347431 0 -4.785084 0 1
-0.21211 0 -4.765236 0 1
-0.099212 0 -4.755982 0 1
0.067185 0 -4.780958 0 1
0.195938 0 -4.768532 0 1
0.348455 0 -4.770515 0 1
0.499007 0 -4.794395 0 1
0.672788 0 -4.776303 0 1
0.804466 0 -4.765615 0 1
0.954378 0 -4.785328 0 1
1.089809 0 -4.776227 0 1
1.22827 0 -4.792702 0 1
1.398271 0 -4.794458 0 1
1.535957 0 -4.792568 0 1
1.68817 0 -4.756172 0 1
1.81533 0 -4.789937 0 1
1.984785 0 -4.771284 0 1
2.136486 0 -4.786702 0 1
2.281359 0 -4.758189 0 1
2.408609 0 -4.793278 0 1
2.583433 0 -4.779974 0 1
2.738009 0 -4.79233 0 1
2.871461 0 -4.774683 0 1
3.001158 0 -4.780115 0 1
3.160924 0 -4.795785 0 1
3.292438 0 -4.744873 0 1
3.455683 0 -4.74474 0 1
3.593276 0 -4.789359 0 1
3.719069 0 -4.753829 0 1
3.874038 0 -4.77731 0 1
4.050317 0 -4.752001 0 1
4.163002 0 -4.794182 0 1
4.353999 0 -4.748092 0 1
4.496551 0 -4.753725 0 1
4.598157 0 -4.760401 0 1
4.750101 0 -4.773281 0 1
4.892211 0 -4.786019 0 1
5.066229 0 -4.786295 0 1
5.212239 0 -4.783396 0 1
5.356901 0 -4.758492 0 1
5.485635 0 -4.760139 0 1
5.625926 0 -4.766256 0 1
5.806807 0 -4.794766 0 1
5.927532 0 -4.782056 0 1
6.107025 0 -4.764408 0 1
6.214915 0 -4.762464 0 1
6.359339 0 -4.776527 0 1
6.520025 0 -4.752037 0 1
6.687359 0 -4.751392 0 1
6.800274 0 -4.751227 0 1
6.980373 0 -4.784848 0 1
7.112962 0 -4.745456 1 1
7.244896 0 -4.780394 1 1
7.432226 0 -4.768974 1 1
7.543062 0 -4.770608 1 1
7.704202 0 -4.748112 1 1
7.827925 0 -4.783991 1 1
8 0 -4.770642 1 1
-8 0 -4.623853 1 1
-7.851657 0 -4.632648 1 1
-7.712055 0 -4.641978 1 1
-7.56773 0 -4.631679 1 1
-7.406226 0 -4.637793 1 1
-7.240783 0 -4.623787 1 1
-7.102784 0 -4.617206 1 1
-6.952466 0 -4.603223 0 1
-6.80905 0 -4.648718 0 1
-6.675996 0 -4.635469 0 1
-6.550515 0 -4.602865 0 1
-6.377028 0 -4.645636 0 1
-6.244757 0 -4.599513 0 1
-6.085801 0 -4.61722 0 1
-5.959358 0 -4.637574 0 1
-5.816515 0 -4.598988 0 1
-5.629724 0 -4.632874 0 1
-5.502355 0 -4.639349 0 1
-5.376897 0 -4.621668 0 1
-5.19515 0 -4.604693 0 1
-5.074313 0 -4.613013 0 1
-4.916173 0 -4.643128 0 1
-4.744448 0 -4.598711 0 1
-4.642605 0 -4.60097 0 1
-4.455022 0 -4.633497 0 1
-4.327245 0 -4.600147 0 1
-4.203652 0 -4.633492 0 1
-4.016636 0 -4.611853 0 1
-3.875882 0 -4.603766 0 1
-3.747662 0 -4.628543 0 1
-3.599342 0 -4.600931 0 1
-3.428714 0 -4.600959 0 1
-3.314706 0 -4.609104 0 1
-3.176743 0 -4.640512 0 1
-2.995306 0 -4.617936 0 1
-2.874705 0 -4.62031 0 1
-2.729816 0 -4.638006 0 1
-2.558906 0 -4.63129 0 1
-2.412076 0 -4.62509 0 1
-2.275107 0 -4.61832 0 1
-2.117236 0 -4.630514 0 1
-1.963043 0 -4.624305 0 1
-1.854018 0 -4.640063 0 1
-1.712792 0 -4.609874 0 1
-1.566913 0 -4.636015 0 1
-1.399091 0 -4.611046 0 1
-1.221906 0 -4.610231 0 1
-1.123845 0 -4.601283 0 1
-0.928466 0 -4.604453 0 1
-0.807871 0 -4.633106 0 1
-0.662794 0 -4.637234 0 1
-0.518789 0 -4.648065 0 1
-0.354537 0 -4.630175 0 1
-0.230071 0 -4.617961 0 1
-0.060582 0 -4.618896 0 1
0.074728 0 -4.603995 0 1
0.235345 0 -4.622762 0 1
0.364415 0 -4.606573 0 1
0.489581 0 -4.597651 0 1
0.661539 0 -4.62937 0 1
0.819767 0 -4.620804 0 1
0.954981 0 -4.616949 0 1
1.0771 0 -4.634888 0 1
1.242318 0 -4.634181 0 1
1.411808 0 -4.625896 0 1
1.537187 0 -4.617875 0 1
1.664534 0 -4.622956 0 1
1.815957 0 -4.60642 0 1
1.979099 0 -4.612088 0 1
2.107999 0 -4.609124 0 1
2.298367 0 -4.61349 0 1
2.402746 0 -4.628421 0 1
2.566212 0 -4.640823 0 1
2.720369 0 -4.612617 0 1
2.846634 0 -4.626248 0 1
2.995968 0 -4.613722 0 1
3.177479 0 -4.608186 0 1
3.314292 0 -4.643747 0 1
3.429152 0 -4.626527 0 1
3.589088 0 -4.622595 0 1
3.736994 0 -4.608472 0 1
3.890525 0 -4.600086 0 1
4.030286 0 -4.630162 0 1
4.197662 0 -4.602068 0 1
4.333736 0 -4.615423 0 1
4.458574 0 -4.604363 0 1
4.606883 0 -4.612648 0 1
4.766393 0 -4.633919 0 1
4.931627 0 -4.626693 0 1
5.070902 0 -4.644063 0 1
5.19154 0 -4.639556 0 1
5.364275 0 -4.6369 0 1
5.502402 0 -4.605072 0 1
5.653675 0 -4.649971 0 1
5.818389 0 -4.637705 0 1
5.94965 0 -4.625137 0 1
6.086995 0 -4.646079 0 1
6.243822 0 -4.637344 0 1
6.387823 0 -4.617524 0 1
6.535151 0 -4.606666 0 1
6.655062 0 -4.642441 0 1
6.833788 0 -4.648335 0 1
6.991175 0 -4.615028 0 1
7.137128 0 -4.634504 1 1
7.28827 0 -4.647684 1 1
7.408456 0 -4.640856 1 1
7.568727 0 -4.617983 1 1
7.716542 0 -4.618835 1 1
7.868394 0 -4.6409 1 1
8 0 -4.623853 1 1
-8 0 -4.477064 1 1
-7.855571 0 -4.472891 1 1
-7.683621 0 -4.498565 1 1
-7.570239 0 -4.48401 1 1
-7.419241 0 -4.49991 1 1
-7.269896 0 -4.474397 1 1
-7.130214 0 -4.496376 1 1
-6.962193 0 -4.488985 0 1
-6.824258 0 -4.475762 0 1
-6.668551 0 -4.471143 0 1
-6.552756 0 -4.464924 0 1
-6.378505 0 -4.451319 0 1
-6.239395 0 -4.467095 0 1
-6.068815 0 -4.451367 0 1
-5.9562 0 -4.471312 0 1
-5.807863 0 -4.475722 0 1
-5.625217 0 -4.484787 0 1
-5.524155 0 -4.473754 0 1
-5.356757 0 -4.470096 0 1
-5.211405 0 -4.493979 0 1
-5.058439 0 -4.466042 0 1
-4.892105 0 -4.503403 0 1
-4.795797 0 -4.470434 0 1
-4.644044 0 -4.458671 0 1
-4.461234 0 -4.450696 0 1
-4.334818 0 -4.485847 0 1
-4.180294 0 -4.469798 0 1
-4.062522 0 -4.492855 0 1
-3.901448 0 -4.461729 0 1
-3.753277 0 -4.476711 0 1
-3.605635 0 -4.503162 0 1
-3.439721 0 -4.485447 0 1
-3.290894 0 -4.470935 0 1
-3.180847 0 -4.494205 0 1
-3.018131 0 -4.485628 0 1
-2.853271 0 -4.455072 0 1
-2.699888 0 -4.469367 0 1
-2.569785 0 -4.470342 0 1
-2.4013 0 -4.475111 0 1
-2.283943 0 -4.462057 0 1
-2.132987 0 -4.464245 0 1
-1.963943 0 -4.487668 0 1
-1.822974 0 -4.486814 0 1
-1.686177 0 -4.492481 0 1
-1.531482 0 -4.461236 0 1
-1.37399 0 -4.484801 0 1
-1.22289 0 -4.488666 0 1
-1.125692 0 -4.451508 0 1
-0.947443 0 -4.45897 0 1
-0.803588 0 -4.4829 0 1
-0.65552 0 -4.457798 0 1
-0.500469 0 -4.466217 0 1
-0.376775 0 -4.501815 0 1
-0.224735 0 -4.47722 0 1
-0.087259 0 -4.479606 0 1
0.097213 0 -4.492065 0 1
0.209737 0 -4.497555 0 1
0.38203 0 -4.462385 0 1
0.535605 0 -4.480035 0 1
0.635446 0 -4.47798 0 1
0.807342 0 -4.493435 0 1
0.976515 0 -4.464781 0 1
1.102166 0 -4.462504 0 1
1.228857 0 -4.457417 0 1
1.411519 0 -4.453917 0 1
1.550623 0 -4.496473 0 1
1.699941 0 -4.479211 0 1
1.846154 0 -4.475883 0 1
1.955447 0 -4.454218 0 1
2.138325 0 -4.472082 0 1
2.253409 0 -4.478815 0 1
2.398035 0 -4.475977 0 1
2.577209 0 -4.486973 0 1
2.719695 0 -4.486991 0 1
2.883107 0 -4.48653 0 1
2.992927 0 -4.488867 0 1
3.146406 0 -4.480176 0 1
3.282547 0 -4.495596 0 1
3.437579 0 -4.50268 0 1
3.602827 0 -4.476321 0 1
3.727614 0 -4.484974 0 1
3.880316 0 -4.496006 0 1
4.047496 0 -4.488517 0 1
4.170002 0 -4.499721 0 1
4.33626 0 -4.485586 0 1
4.474086 0 -4.496613 0 1
4.622307 0 -4.46779 0 1
4.749818 0 -4.500643 0 1
4.913545 0 -4.494028 0 1
5.0693 0 -4.472163 0 1
5.228774 0 -4.466529 0 1
5.363945 0 -4.486976 0 1
5.521362 0 -4.465814 0 1
5.660406 0 -4.475295 0 1
5.823196 0 -4.46355 0 1
5.943141 0 -4.496522 0 1
6.108275 0 -4.454886 0 1
6.236856 0 -4.479411 0 1
6.39507 0 -4.465956 0 1
6.530282 0 -4.491243 0 1
6.664303 0 -4.457982 0 1
6.831868 0 -4.455247 0 1
6.966774 0 -4.466516 0 1
7.127995 0 -4.461804 1 1
7.286263 0 -4.479533 1 1
7.388021 0 -4.478368 1 1
7.551783 0 -4.479112 1 1
7.689026 0 -4.462905 1 1
7.85873 0 -4.496754 1 1
8 0 -4.477064 1 1
-8 0 -4.330275 1 1
-7.874194 0 -4.313494 1 1
-7.69074 0 -4.339477 1 1
-7.551735 0 -4.314822 1 1
-7.411114 0 -4.335516 1 1
-7.270629 0 -4.323888 1 1
-7.116732 0 -4.305233 1 1
-6.978617 0 -4.338693 0 1
-6.8091 0 -4.325468 0 1
-6.663875 0 -4.333691 0 1
-6.516927 0 -4.327922 0 1
-6.399264 0 -4.321682 0 1
-6.260838 0 -4.307507 0 1
-6.087823 0 -4.330982 0 1
-5.940084 0 -4.332235 0 1
-5.795254 0 -4.313258 0 1
-5.668488 0 -4.306185 0 1
-5.527331 0 -4.350951 0 1
-5.341202 0 -4.315936 0 1
-5.217408 0 -4.330577 0 1
-5.055756 0 -4.351913 0 1
-4.900678 0 -4.309811 0 1
-4.749333 0 -4.323081 0 1
-4.650265 0 -4.348944 0 1
-4.495601 0 -4.328624 0 1
-4.336089 0 -4.326157 0 1
-4.199568 0 -4.320683 0 1
-4.046389 0 -4.326562 0 1
-3.868073 0 -4.340604 0 1
-3.719692 0 -4.333725 0 1
-3.570829 0 -4.338505 0 1
-3.471245 0 -4.356268 0 1
-3.277048 0 -4.335338 0 1
-3.175645 0 -4.341151 0 1
-3.016085 0 -4.327692 0 1
-2.886 0 -4.319529 0 1
-2.698646 0 -4.337713 0 1
-2.549718 0 -4.310951 0 1
-2.436009 0 -4.319589 0 1
-2.280817 0 -4.339886 0 1
-2.134634 0 -4.336534 0 1
-1.979267 0 -4.321689 0 1
-1.83619 0 -4.346751 0 1
-1.694172 0 -4.307844 0 1
-1.523319 0 -4.348545 0 1
-1.368208 0 -4.321288 0 1
-1.267033 0 -4.352906 0 1
-1.126509 0 -4.318579 0 1
-0.954831 0 -4.333618 0 1
-0.781434 0 -4.352223 0 1
-0.653034 0 -4.334722 0 1
-0.516085 0 -4.315007 0 1
-0.361454 0 -4.334201 0 1
-0.237104 0 -4.329778 0 1
-0.070644 0 -4.332915 0 1
0.065748 0 -4.346879 0 1
0.22571 0 -4.326157 0 1
0.385299 0 -4.344186 0 1
0.513853 0 -4.334987 0 1
0.66299 0 -4.337305 0 1
0.832611 0 -4.326674 0 1
0.964955 0 -4.350717 0 1
1.099942 0 -4.320209 0 1
1.228793 0 -4.318053 0 1
1.42005 0 -4.304716 0 1
1.556021 0 -4.332128 0 1
1.665786 0 -4.309671 0 1
1.813114 0 -4.331731 0 1
1.994423 0 -4.305945 0 1
2.106145 0 -4.323211 0 1
2.290982 0 -4.340184 0 1
2.398385 0 -4.338543 0 1
2.583526 0 -4.33192 0 1
2.716266 0 -4.331901 0 1
2.874741 0 -4.334449 0 1
3.033513 0 -4.314516 0 1
3.144824 0 -4.35483 0 1
3.325098 0 -4.317095 0 1
3.461535 0 -4.326909 0 1
3.573154 0 -4.331694 0 1
3.725632 0 -4.353969 0 1
3.915821 0 -4.313952 0 1
4.043267 0 -4.341541 0 1
4.161424 0 -4.32998 0 1
4.348847 0 -4.342015 0 1
4.457646 0 -4.34185 0 1
4.642764 0 -4.355947 0 1
4.750115 0 -4.34747 0 1
4.922281 0 -4.348711 0 1
5.061401 0 -4.314008 0 1
5.198393 0 -4.319665 0 1
5.357001 0 -4.314455 0 1
5.523717 0 -4.33858 0 1
5.629414 0 -4.349031 0 1
5.821096 0 -4.348551 0 1
5.94474 0 -4.304192 0 1
6.10603 0 -4.344123 0 1
6.235371 0 -4.323005 0 1
6.370042 0 -4.317891 0 1
6.523923 0 -4.322758 0 1
6.6924 0 -4.350568 0 1
6.808123 0 -4.335626 0 1
6.961981 0 -4.317268 0 1
7.132605 0 -4.328557 1 1
7.259703 0 -4.31941 1 1
7.411501 0 -4.349027 1 1
7.5792 0 -4.35607 1 1
7.728998 0 -4.33298 1 1
7.862643 0 -4.305874 1 1
8 0 -4.330275 1 1
-8 0 -4.183486 1 1
-7.843547 0 -4.207741 1 1
-7.684348 0 -4.176224 1 1
-7.535526 0 -4.187091 1 1
-7.390753 0 -4.164549 1 1
-7.274776 0 -4.195794 1 1
-7.140495 0 -4.17533 1 1
-6.978229 0 -4.169052 0 1
-6.812525 0 -4.171104 0 1
-6.674211 0 -4.199608 0 1
-6.540702 0 -4.173431 0 1
-6.402236 0 -4.18097 0 1
-6.229401 0 -4.165958 0 1
-6.117533 0 -4.204745 0 1
-5.965885 0 -4.186343 0 1
-5.812992 0 -4.194938 0 1
-5.667595 0 -4.208656 0 1
-5.526151 0 -4.160314 0 1
-5.349522 0 -4.165759 0 1
-5.187204 0 -4.176189 0 1
-5.053225 0 -4.203568 0 1
-4.898595 0 -4.203043 0 1
-4.762378 0 -4.162354 0 1
-4.620362 0 -4.158799 0 1
-4.456138 0 -4.173147 0 1
-4.34331 0 -4.185232 0 1
-4.160437 0 -4.176153 0 1
-4.01436 0 -4.195303 0 1
-3.893767 0 -4.162169 0 1
-3.728858 0 -4.192818 0 1
-3.614193 0 -4.205998 0 1
-3.434898 0 -4.18968 0 1
-3.311595 0 -4.206735 0 1
-3.131887 0 -4.195922 0 1
-3.012315 0 -4.183924 0 1
-2.839737 0 -4.177657 0 1
-2.732589 0 -4.183906 0 1
-2.587627 0 -4.169287 0 1
-2.4369 0 -4.175912 0 1
-2.253425 0 -4.172104 0 1
-2.149404 0 -4.206055 0 1
-1.977881 0 -4.196666 0 1
-1.837722 0 -4.162533 0 1
-1.706629 0 -4.17607 0 1
-1.518409 0 -4.174788 0 1
-1.406838 0 -4.172915 0 1
-1.226325 0 -4.179542 0 1
-1.100105 0 -4.16024 0 1
-0.954621 0 -4.186865 0 1
-0.789159 0 -4.16864 0 1
-0.64547 0 -4.181366 0 1
-0.540009 0 -4.159487 0 1
-0.350169 0 -4.184434 0 1
-0.21663 0 -4.160497 0 1
-0.08085 0 -4.173877 0 1
0.068143 0 -4.176496 0 1
0.24443 0 -4.205117 0 1
0.368802 0 -4.159129 0 1
0.491591 0 -4.185619 0 1
0.674634 0 -4.175676 0 1
0.790251 0 -4.20783 0 1
0.948007 0 -4.199815 0 1
1.111269 0 -4.162536 0 1
1.254609 0 -4.190923 0 1
1.372558 0 -4.176469 0 1
1.55372 0 -4.202513 0 1
1.671855 0 -4.171874 0 1
1.839774 0 -4.184055 0 1
1.958558 0 -4.181343 0 1
2.11828 0 -4.181693 0 1
2.292892 0 -4.186165 0 1
2.44822 0 -4.207951 0 1
2.545347 0 -4.168279 0 1
2.691437 0 -4.203663 0 1
2.878614 0 -4.174645 0 1
3.006974 0 -4.174076 0 1
3.17574 0 -4.202037 0 1
3.306945 0 -4.161037 0 1
3.425068 0 -4.202426 0 1
3.604459 0 -4.185007 0 1
3.765209 0 -4.207488 0 1
3.900546 0 -4.20301 0 1
4.019378 0 -4.207268 0 1
4.173305 0 -4.167966 0 1
4.32796 0 -4.200888 0 1
4.481875 0 -4.166692 0 1
4.60305 0 -4.183637 0 1
4.786452 0 -4.198252 0 1
4.93352 0 -4.187386 0 1
5.080682 0 -4.158005 0 1
5.220436 0 -4.192774 0 1
5.382944 0 -4.179472 0 1
5.485422 0 -4.165708 0 1
5.666865 0 -4.169523 0 1
5.803084 0 -4.192179 0 1
5.924913 0 -4.202445 0 1
6.08726 0 -4.173113 0 1
6.241354 0 -4.186728 0 1
6.407816 0 -4.207758 0 1
6.510971 0 -4.16513 0 1
6.684841 0 -4.168813 0 1
6.800092 0 -4.184175 0 1
6.946391 0 -4.200427 0 1
7.097555 0 -4.175467 1 1
7.286501 0 -4.187913 1 1
7.429089 0 -4.169083 1 1
7.569798 0 -4.199014 1 1
7.713811 0 -4.182266 1 1
7.848562 0 -4.160336 1 1
8 0 -4.183486 1 1
-8 0 -4.036697 1 1
-7.84737 0 -4.061131 1 1
-7.723332 0 -4.036703 1 1
-7.535837 0 -4.029976 1 1
-7.397911 0 -4.044737 1 1
-7.292236 0 -4.050667 1 1
-7.139478 0 -4.035101 1 1
-6.993843 0 -4.043995 0 1
-6.811889 0 -4.034598 0 1
-6.693734 0 -4.022412 0 1
-6.523691 0 -4.048512 0 1
-6.401506 0 -4.021023 0 1
-6.228743 0 -4.011936 0 1
-6.093095 0 -4.053802 0 1
-5.935963 0 -4.060841 0 1
-5.79051 0 -4.048055 0 1
-5.654828 0 -4.045454 0 1
-5.488462 0 -4.023042 0 1
-5.381931 0 -4.023993 0 1
-5.188558 0 -4.053825 0 1
-5.049134 0 -4.037487 0 1
-4.93772 0 -4.01582 0 1
-4.758942 0 -4.031798 0 1
-4.63305 0 -4.052616 0 1
-4.467719 0 -4.045909 0 1
-4.315533 0 -4.045885 0 1
-4.204726 0 -4.024134 0 1
-4.017151 0 -4.043275 0 1
-3.90467 0 -4.03823 0 1
-3.743943 0 -4.016062 0 1
-3.615093 0 -4.014086 0 1
-3.45192 0 -4.042651 0 1
-3.321966 0 -4.025081 0 1
-3.148987 0 -4.011567 0 1
-3.024911 0 -4.056397 0 1
-2.852228 0 -4.059967 0 1
-2.734805 0 -4.018115 0 1
-2.570996 0 -4.054072 0 1
-2.430284 0 -4.016278 0 1
-2.269753 0 -4.021396 0 1
-2.121148 0 -4.030804 0 1
-1.999093 0 -4.011853 0 1
-1.816103 0 -4.05855 0 1
-1.669209 0 -4.037267 0 1
-1.515091 0 -4.031858 0 1
-1.376688 0 -4.048367 0 1
-1.235551 0 -4.024217 0 1
-1.114305 0 -4.045824 0 1
-0.949929 0 -4.015992 0 1
-0.80249 0 -4.055247 0 1
-0.656656 0 -4.062851 0 1
-0.488387 0 -4.061002 0 1
-0.368523 0 -4.022503 0 1
-0.244829 0 -4.035053 0 1
-0.07449 0 -4.020949 0 1
0.090373 0 -4.03921 0 1
0.206471 0 -4.033607 0 1
0.341207 0 -4.024449 0 1
0.537538 0 -4.056106 0 1
0.649759 0 -4.028895 0 1
0.785712 0 -4.037766 0 1
0.943815 0 -4.025954 0 1
1.119831 0 -4.02363 0 1
1.222575 0 -4.039084 0 1
1.40886 0 -4.016923 0 1
1.536283 0 -4.02138 0 1
1.681226 0 -4.038584 0 1
1.841912 0 -4.017653 0 1
1.958965 0 -4.015907 0 1
2.11961 0 -4.061391 0 1
2.271314 0 -4.048863 0 1
2.445592 0 -4.034455 0 1
2.584369 0 -4.021494 0 1
2.693453 0 -4.016572 0 1
2.874844 0 -4.060223 0 1
3.032707 0 -4.027468 0 1
3.176466 0 -4.057255 0 1
3.29565 0 -4.030402 0 1
3.442438 0 -4.053857 0 1
3.599437 0 -4.059578 0 1
3.754181 0 -4.052301 0 1
3.91534 0 -4.050509 0 1
4.016276 0 -4.037834 0 1
4.206693 0 -4.032463 0 1
4.354536 0 -4.052033 0 1
4.490012 0 -4.051206 0 1
4.61607 0 -4.048991 0 1
4.780166 0 -4.048474 0 1
4.894358 0 -4.044876 0 1
5.063492 0 -4.035287 0 1
5.191072 0 -4.025609 0 1
5.367221 0 -4.034961 0 1
5.49361 0 -4.030306 0 1
5.667224 0 -4.013162 0 1
5.814483 0 -4.0134 0 1
5.922 0 -4.015987 0 1
6.089517 0 -4.058883 0 1
6.259561 0 -4.04788 0 1
6.409451 0 -4.05734 0 1
6.52027 0 -4.026283 0 1
6.678705 0 -4.016881 0 1
6.826781 0 -4.029971 0 1
6.961547 0 -4.011883 0 1
7.121456 0 -4.056142 1 1
7.257954 0 -4.039664 1 1
7.42049 0 -4.047714 1 1
7.536538 0 -4.01705 1 1
7.692277 0 -4.013052 1 1
7.860856 0 -4.041364 1 1
8 0 -4.036697 1 1
-8 0 -3.889908 1 1
-7.861518 0 -3.88219 1 1
-7.715601 0 -3.884975 1 1
-7.54923 0 -3.87184 1 1
-7.415737 0 -3.900261 1 1
-7.285504 0 -3.874618 1 1
-7.136613 0 -3.90259 1 1
-6.97331 0 -3.865033 0 1
-6.811433 0 -3.91383 0 1
-6.686661 0 -3.892237 0 1
-6.549741 0 -3.867495 0 1
-6.374128 0 -3.901257 0 1
-6.213526 0 -3.871977 0 1
-6.081552 0 -3.881117 0 1
-5.963265 0 -3.903758 0 1
-5.822413 0 -3.899598 0 1
-5.671115 0 -3.902569 0 1
-5.52126 0 -3.886606 0 1
-5.382387 0 -3.899582 0 1
-5.219261 0 -3.896624 0 1
-5.062113 0 -3.907738 0 1
-4.927918 0 -3.867691 0 1
-4.775686 0 -3.889939 0 1
-4.642593 0 -3.892126 0 1
-4.486565 0 -3.916103 0 1
-4.317672 0 -3.864776 0 1
-4.192402 0 -3.879051 0 1
-4.038076 0 -3.901015 0 1
-3.866445 0 -3.864507 0 1
-3.739223 0 -3.908558 0 1
-3.592883 0 -3.868407 0 1
-3.452601 0 -3.879913 0 1
-3.290511 0 -3.868761 0 1
-3.175018 0 -3.887215 0 1
-3.019316 0 -3.895107 0 1
-2.844372 0 -3.892763 0 1
-2.737131 0 -3.913422 0 1
-2.56134 0 -3.885499 0 1
-2.436701 0 -3.866886 0 1
-2.286965 0 -3.915139 0 1
-2.126411 0 -3.89279 0 1
-1.972586 0 -3.911713 0 1
-1.834239 0 -3.906055 0 1
-1.697704 0 -3.884356 0 1
-1.517853 0 -3.868324 0 1
-1.401837 0 -3.908512 0 1
-1.22901 0 -3.896798 0 1
-1.107638 0 -3.901288 0 1
-0.961983 0 -3.864674 0 1
-0.78756 0 -3.911701 0 1
-0.64851 0 -3.892856 0 1
-0.487731 0 -3.87386 0 1
-0.378142 0 -3.873755 0 1
-0.195328 0 -3.893933 0 1
-0.052446 0 -3.908955 0 1
0.078001 0 -3.911782 0 1
0.204742 0 -3.89125 0 1
0.386394 0 -3.864192 0 1
0.490833 0 -3.865595 0 1
0.674085 0 -3.911656 0 1
0.802555 0 -3.868009 0 1
0.949611 0 -3.886959 0 1
1.112028 0 -3.87642 0 1
1.22852 0 -3.906501 0 1
1.388248 0 -3.887062 0 1
1.517094 0 -3.872668 0 1
1.705754 0 -3.90027 0 1
1.837995 0 -3.89184 0 1
1.956648 0 -3.916201 0 1
2.115899 0 -3.86581 0 1
2.292892 0 -3.891359 0 1
2.430146 0 -3.869157 0 1
2.56443 0 -3.890337 0 1
2.725523 0 -3.903397 0 1
2.84227 0 -3.901681 0 1
3.035297 0 -3.912804 0 1
3.16894 0 -3.885624 0 1
3.306218 0 -3.870443 0 1
3.456305 0 -3.891174 0 1
3.606595 0 -3.910011 0 1
3.743781 0 -3.885931 0 1
3.908154 0 -3.907725 0 1
4.013367 0 -3.899437 0 1
4.203478 0 -3.90917 0 1
4.312483 0 -3.901921 0 1
4.472811 0 -3.868131 0 1
4.616243 0 -3.901013 0 1
4.772207 0 -3.866852 0 1
4.918164 0 -3.875828 0 1
5.047482 0 -3.911336 0 1
5.224359 0 -3.887598 0 1
5.37748 0 -3.872638 0 1
5.514362 0 -3.90042 0 1
5.661176 0 -3.879955 0 1
5.776807 0 -3.885678 0 1
5.962039 0 -3.915649 0 1
6.092703 0 -3.896619 0 1
6.237734 0 -3.898347 0 1
6.407029 0 -3.910918 0 1
6.513855 0 -3.904646 0 1
6.662434 0 -3.868926 0 1
6.831682 0 -3.872395 0 1
6.973833 0 -3.888212 0 1
7.121967 0 -3.876364 1 1
7.245655 0 -3.891996 1 1
7.390459 0 -3.873059 1 1
7.582008 0 -3.890991 1 1
7.696465 0 -3.897171 1 1
7.869965 0 -3.869314 1 1
8 0 -3.889908 1 1
-8 0 -3.743119 1 1
-7.848051 0 -3.72919 1 1
-7.714769 0 -3.732028 1 1
-7.584535 0 -3.726496 1 1
-7.427516 0 -3.724264 1 1
-7.284954 0 -3.757568 1 1
-7.139064 0 -3.76266 1 1
-6.994745 0 -3.733036 0 1
-6.810679 0 -3.765433 0 1
-6.664383 0 -3.729521 0 1
-6.556285 0 -3.763844 0 1
-6.369835 0 -3.742407 0 1
-6.261822 0 -3.763257 0 1
-6.104795 0 -3.766041 0 1
-5.936098 0 -3.729668 0 1
-5.783244 0 -3.72092 0 1
-5.666944 0 -3.72192 0 1
-5.521245 0 -3.750965 0 1
-5.379423 0 -3.724843 0 1
-5.18766 0 -3.719403 0 1
-5.072261 0 -3.761057 0 1
-4.917398 0 -3.731042 0 1
-4.784285 0 -3.739408 0 1
-4.645038 0 -3.73899 0 1
-4.502747 0 -3.758074 0 1
-4.346575 0 -3.754647 0 1
-4.162261 0 -3.741157 0 1
-4.011671 0 -3.764326 0 1
-3.905021 0 -3.742898 0 1
-3.732141 0 -3.750176 0 1
-3.591607 0 -3.746308 0 1
-3.425352 0 -3.759985 0 1
-3.310424 0 -3.749481 0 1
-3.171062 0 -3.757516 0 1
-3.029633 0 -3.71751 0 1
-2.882275 0 -3.763712 0 1
-2.734836 0 -3.72926 0 1
-2.557989 0 -3.7401 0 1
-2.446294 0 -3.752202 0 1
-2.295536 0 -3.754554 0 1
-2.123135 0 -3.753054 0 1
-1.956488 0 -3.746081 0 1
-1.832013 0 -3.754185 0 1
-1.669294 0 -3.759565 0 1
-1.564028 0 -3.725096 0 1
-1.395781 0 -3.733653 0 1
-1.264654 0 -3.716765 0 1
-1.101359 0 -3.763984 0 1
-0.957402 0 -3.734741 0 1
-0.829269 0 -3.761965 0 1
-0.665802 0 -3.738334 0 1
-0.534808 0 -3.720645 0 1
-0.341721 0 -3.766122 0 1
-0.195072 0 -3.751647 0 1
-0.068376 0 -3.717191 0 1
0.05346 0 -3.725252 0 1
0.232084 0 -3.754823 0 1
0.378254 0 -3.73879 0 1
0.501764 0 -3.727821 0 1
0.668151 0 -3.748391 0 1
0.806062 0 -3.737668 0 1
0.949079 0 -3.743937 0 1
1.089233 0 -3.728957 0 1
1.226993 0 -3.756294 0 1
1.394351 0 -3.736336 0 1
1.521976 0 -3.764278 0 1
1.664444 0 -3.765936 0 1
1.844274 0 -3.718173 0 1
1.975449 0 -3.733649 0 1
2.11009 0 -3.736674 0 1
2.253898 0 -3.765498 0 1
2.435314 0 -3.72898 0 1
2.584276 0 -3.75887 0 1
2.724162 0 -3.743634 0 1
2.849791 0 -3.751383 0 1
3.028181 0 -3.740656 0 1
3.179879 0 -3.767871 0 1
3.299075 0 -3.721192 0 1
3.443392 0 -3.752919 0 1
3.589795 0 -3.745251 0 1
3.718434 0 -3.740125 0 1
3.908951 0 -3.753527 0 1
4.047586 0 -3.74357 0 1
4.164171 0 -3.73172 0 1
4.329612 0 -3.763761 0 1
4.486313 0 -3.73466 0 1
4.633649 0 -3.739303 0 1
4.769369 0 -3.724394 0 1
4.917784 0 -3.748859 0 1
5.06394 0 -3.718237 0 1
5.217189 0 -3.7509 0 1
5.383046 0 -3.752606 0 1
5.479653 0 -3.767157 0 1
5.669181 0 -3.751105 0 1
5.810956 0 -3.76812 0 1
5.965634 0 -3.751508 0 1
6.070465 0 -3.751303 0 1
6.230995 0 -3.750979 0 1
6.393842 0 -3.756456 0 1
6.539935 0 -3.73823 0 1
6.700586 0 -3.76608 0 1
6.815379 0 -3.751701 0 1
6.947097 0 -3.752308 0 1
7.1172 0 -3.723917 1 1
7.269651 0 -3.721907 1 1
7.400511 0 -3.732764 1 1
7.564283 0 -3.717449 1 1
7.699961 0 -3.748916 1 1
7.857044 0 -3.726826 1 1
8 0 -3.743119 1 1
-8 0 -3.59633 1 1
-7.874346 0 -3.587077 1 1
-7.71509 0 -3.596184 1 1
-7.545634 0 -3.60481 1 1
-7.406776 0 -3.603552 1 1
-7.269438 0 -3.596491 1 1
-7.100912 0 -3.581156 1 1
-6.95449 0 -3.594437 0 1
-6.836925 0 -3.620241 0 1
-6.652676 0 -3.601508 0 1
-6.546595 0 -3.583495 0 1
-6.406884 0 -3.578142 0 1
-6.259948 0 -3.604952 0 1
-6.11461 0 -3.580414 0 1
-5.946261 0 -3.611669 0 1
-5.782542 0 -3.588322 0 1
-5.661847 0 -3.580259 0 1
-5.508132 0 -3.594219 0 1
-5.373647 0 -3.601493 0 1
-5.204406 0 -3.598802 0 1
-5.050299 0 -3.613209 0 1
-4.94287 0 -3.585585 0 1
-4.751475 0 -3.59227 0 1
-4.639022 0 -3.57191 0 1
-4.464265 0 -3.598059 0 1
-4.307174 0 -3.594601 0 1
-4.17744 0 -3.582109 0 1
-4.0402 0 -3.592836 0 1
-3.88321 0 -3.595153 0 1
-3.750292 0 -3.614945 0 1
-3.614801 0 -3.586538 0 1
-3.460096 0 -3.599745 0 1
-3.312335 0 -3.57888 0 1
-3.178981 0 -3.611995 0 1
-3.013801 0 -3.579224 0 1
-2.854668 0 -3.609201 0 1
-2.710247 0 -3.601305 0 1
-2.589228 0 -3.612611 0 1
-2.435463 0 -3.579038 0 1
-2.277123 0 -3.593169 0 1
-2.131815 0 -3.588566 0 1
-2.006118 0 -3.614331 0 1
-1.854075 0 -3.609098 0 1
-1.672033 0 -3.587945 0 1
-1.558407 0 -3.577702 0 1
-1.369987 0 -3.597078 0 1
-1.273076 0 -3.577328 0 1
-1.122904 0 -3.590961 0 1
-0.934726 0 -3.575162 0 1
-0.812254 0 -3.603547 0 1
-0.652231 0 -3.61798 0 1
-0.490343 0 -3.584481 0 1
-0.385967 0 -3.616837 0 1
-0.207793 0 -3.573452 0 1
-0.072234 0 -3.578946 0 1
0.097157 0 -3.573525 0 1
0.207068 0 -3.576008 0 1
0.353131 0 -3.616291 0 1
0.529968 0 -3.605351 0 1
0.665007 0 -3.602146 0 1
0.820465 0 -3.610284 0 1
0.950053 0 -3.615128 0 1
1.083751 0 -3.571498 0 1
1.244508 0 -3.609314 0 1
1.399224 0 -3.59684 0 1
1.534663 0 -3.572619 0 1
1.678376 0 -3.600358 0 1
1.844519 0 -3.571847 0 1
2.001702 0 -3.573239 0 1
2.121201 0 -3.584933 0 1
2.292212 0 -3.621639 0 1
2.446686 0 -3.590739 0 1
2.586852 0 -3.587758 0 1
2.738893 0 -3.586254 0 1
2.877647 0 -3.610087 0 1
3.011961 0 -3.606409 0 1
3.180191 0 -3.603578 0 1
3.319253 0 -3.616302 0 1
3.468933 0 -3.577431 0 1
3.590437 0 -3.574675 0 1
3.737464 0 -3.571071 0 1
3.87699 0 -3.617983 0 1
4.05375 0 -3.61031 0 1
4.168182 0 -3.575708 0 1
4.352253 0 -3.589389 0 1
4.497117 0 -3.582235 0 1
4.618901 0 -3.620962 0 1
4.790007 0 -3.579251 0 1
4.940709 0 -3.597858 0 1
5.059621 0 -3.578302 0 1
5.222497 0 -3.576421 0 1
5.374721 0 -3.579188 0 1
5.515076 0 -3.595996 0 1
5.643548 0 -3.590934 0 1
5.814728 0 -3.583765 0 1
5.942484 0 -3.621307 0 1
6.068074 0 -3.588848 0 1
6.24541 0 -3.580952 0 1
6.366091 0 -3.60158 0 1
6.53889 0 -3.606174 0 1
6.656823 0 -3.614412 0 1
6.826553 0 -3.571511 0 1
6.989948 0 -3.582424 0 1
7.137601 0 -3.586514 1 1
7.281519 0 -3.605874 1 1
7.411701 0 -3.583903 1 1
7.546986 0 -3.586424 1 1
7.72369 0 -3.580502 1 1
7.837287 0 -3.600849 1 1
8 0 -3.59633 1 1
-8 0 -3.449541 1 1
-7.870021 0 -3.429651 1 1
-7.682919 0 -3.429231 1 1
-7.574192 0 -3.425861 1 1
-7.390485 0 -3.441768 1 1
-7.259364 0 -3.428042 1 1
-7.094211 0 -3.465486 1 1
-6.961842 0 -3.467046 0 1
-6.830918 0 -3.453298 0 1
-6.691573 0 -3.471257 0 1
-6.53909 0 -3.425907 0 1
-6.405542 0 -3.43799 0 1
-6.241959 0 -3.427347 0 1
-6.094189 0 -3.440367 0 1
-5.965113 0 -3.438256 0 1
-5.814518 0 -3.430415 0 1
-5.636468 0 -3.460746 0 1
-5.504895 0 -3.469083 0 1
-5.338968 0 -3.444253 0 1
-5.18484 0 -3.46101 0 1
-5.054857 0 -3.453857 0 1
-4.922265 0 -3.468251 0 1
-4.781729 0 -3.462129 0 1
-4.617635 0 -3.428016 0 1
-4.483953 0 -3.439804 0 1
-4.332486 0 -3.475418 0 1
-4.202869 0 -3.458882 0 1
-4.026497 0 -3.439667 0 1
-3.878635 0 -3.438526 0 1
-3.730643 0 -3.462423 0 1
-3.617717 0 -3.472859 0 1
-3.458374 0 -3.463553 0 1
-3.28118 0 -3.423292 0 1
-3.132748 0 -3.424852 0 1
-3.003983 0 -3.436423 0 1
-2.886402 0 -3.462559 0 1
-2.709273 0 -3.459978 0 1
-2.574372 0 -3.456363 0 1
-2.397284 0 -3.446394 0 1
-2.270976 0 -3.462208 0 1
-2.128242 0 -3.426801 0 1
-1.961682 0 -3.468992 0 1
-1.844516 0 -3.447934 0 1
-1.707002 0 -3.469789 0 1
-1.565373 0 -3.469206 0 1
-1.374854 0 -3.431849 0 1
-1.23461 0 -3.427017 0 1
-1.112389 0 -3.429622 0 1
-0.948161 0 -3.435719 0 1
-0.819823 0 -3.459423 0 1
-0.6398 0 -3.459289 0 1
-0.487627 0 -3.435608 0 1
-0.385401 0 -3.430886 0 1
-0.211865 0 -3.433782 0 1
-0.097004 0 -3.46811 0 1
0.059119 0 -3.474068 0 1
0.207513 0 -3.438657 0 1
0.363613 0 -3.423373 0 1
0.536337 0 -3.473808 0 1
0.652968 0 -3.438495 0 1
0.806557 0 -3.449912 0 1
0.972404 0 -3.430154 0 1
1.08103 0 -3.471018 0 1
1.267162 0 -3.466417 0 1
1.376967 0 -3.44908 0 1
1.529278 0 -3.428885 0 1
1.692601 0 -3.445126 0 1
1.859785 0 -3.448167 0 1
1.985392 0 -3.453958 0 1
2.106079 0 -3.435366 0 1
2.284578 0 -3.429071 0 1
2.396968 0 -3.43996 0 1
2.578353 0 -3.455134 0 1
2.72037 0 -3.425697 0 1
2.880193 0 -3.467837 0 1
2.987036 0 -3.432066 0 1
3.164394 0 -3.451969 0 1
3.326807 0 -3.444563 0 1
3.423426 0 -3.424717 0 1
3.604583 0 -3.425714 0 1
3.733867 0 -3.437306 0 1
3.902291 0 -3.42537 0 1
4.040352 0 -3.464794 0 1
4.159637 0 -3.441951 0 1
4.320931 0 -3.473029 0 1
4.45438 0 -3.425661 0 1
4.617585 0 -3.454886 0 1
4.753627 0 -3.424966 0 1
4.936747 0 -3.47125 0 1
5.08284 0 -3.467353 0 1
5.225779 0 -3.460906 0 1
5.371144 0 -3.4414 0 1
5.484538 0 -3.450025 0 1
5.647802 0 -3.433352 0 1
5.78813 0 -3.439767 0 1
5.92547 0 -3.440795 0 1
6.10929 0 -3.448873 0 1
6.237984 0 -3.429175 0 1
6.384076 0 -3.446209 0 1
6.528045 0 -3.435987 0 1
6.695333 0 -3.443524 0 1
6.822206 0 -3.453451 0 1
6.948192 0 -3.457904 0 1
7.117339 0 -3.464114 1 1
7.275897 0 -3.467769 1 1
7.412597 0 -3.442695 1 1
7.560937 0 -3.460601 1 1
7.703112 0 -3.428023 1 1
7.852028 0 -3.46811 1 1
8 0 -3.449541 1 1
-8 0 -3.302752 1 1
-7.87288 0 -3.281461 1 1
-7.688374 0 -3.301532 1 1
-7.570441 0 -3.326652 1 1
-7.435222 0 -3.326791 1 1
-7.286789 0 -3.30672 1 1
-7.140695 0 -3.294252 1 1
-6.968858 0 -3.315785 0 1
-6.838642 0 -3.324853 0 1
-6.678717 0 -3.323154 0 1
-6.523572 0 -3.319686 0 1
-6.402115 0 -3.308409 0 1
-6.260553 0 -3.282843 0 1
-6.102436 0 -3.298144 0 1
-5.947332 0 -3.293755 0 1
-5.791622 0 -3.315167 0 1
-5.626713 0 -3.283129 0 1
-5.521117 0 -3.319394 0 1
-5.344744 0 -3.297254 0 1
-5.191371 0 -3.323555 0 1
-5.062404 0 -3.328865 0 1
-4.937687 0 -3.320099 0 1
-4.771851 0 -3.292616 0 1
-4.604365 0 -3.278137 0 1
-4.47168 0 -3.303454 0 1
-4.324013 0 -3.277708 0 1
-4.190846 0 -3.293568 0 1
-4.026641 0 -3.308301 0 1
-3.900337 0 -3.322564 0 1
-3.768808 0 -3.32326 0 1
-3.621913 0 -3.277888 0 1
-3.43057 0 -3.318118 0 1
-3.294898 0 -3.294839 0 1
-3.159356 0 -3.296091 0 1
-2.993849 0 -3.319086 0 1
-2.872906 0 -3.304685 0 1
-2.716971 0 -3.328021 0 1
-2.586452 0 -3.32112 0 1
-2.411312 0 -3.27824 0 1
-2.276736 0 -3.283739 0 1
-2.123937 0 -3.318535 0 1
-1.977982 0 -3.285111 0 1
-1.858593 0 -3.328758 0 1
-1.681182 0 -3.291492 0 1
-1.515946 0 -3.28433 0 1
-1.381967 0 -3.297688 0 1
-1.244837 0 -3.313809 0 1
-1.101578 0 -3.303487 0 1
-0.949318 0 -3.29686 0 1
-0.797898 0 -3.286017 0 1
-0.66119 0 -3.291428 0 1
-0.512266 0 -3.306874 0 1
-0.376704 0 -3.325818 0 1
-0.199422 0 -3.307131 0 1
-0.074803 0 -3.303028 0 1
0.096591 0 -3.31085 0 1
0.230621 0 -3.328075 0 1
0.35577 0 -3.319018 0 1
0.50551 0 -3.316909 0 1
0.645738 0 -3.281135 0 1
0.79884 0 -3.297357 0 1
0.972226 0 -3.294458 0 1
1.081426 0 -3.31367 0 1
1.258877 0 -3.278454 0 1
1.412097 0 -3.293605 0 1
1.553681 0 -3.287112 0 1
1.703914 0 -3.284546 0 1
1.841301 0 -3.314248 0 1
1.994823 0 -3.293924 0 1
2.10884 0 -3.318633 0 1
2.280818 0 -3.323842 0 1
2.417579 0 -3.27666 0 1
2.558432 0 -3.318107 0 1
2.691661 0 -3.328216 0 1
2.882514 0 -3.310307 0 1
2.991134 0 -3.285422 0 1
3.176808 0 -3.327485 0 1
3.279695 0 -3.306419 0 1
3.455754 0 -3.322797 0 1
3.58175 0 -3.31555 0 1
3.734681 0 -3.310402 0 1
3.865953 0 -3.282792 0 1
4.024411 0 -3.321185 0 1
4.193534 0 -3.301939 0 1
4.339232 0 -3.291845 0 1
4.499609 0 -3.306038 0 1
4.621588 0 -3.284701 0 1
4.750082 0 -3.323579 0 1
4.923274 0 -3.287842 0 1
5.087862 0 -3.285651 0 1
5.186805 0 -3.323604 0 1
5.364664 0 -3.283154 0 1
5.526305 0 -3.320876 0 1
5.640391 0 -3.305843 0 1
5.798477 0 -3.290463 0 1
5.923779 0 -3.294979 0 1
6.083003 0 -3.321894 0 1
6.256953 0 -3.30597 0 1
6.380869 0 -3.288535 0 1
6.518652 0 -3.286416 0 1
6.670514 0 -3.302487 0 1
6.80377 0 -3.309493 0 1
6.985944 0 -3.310116 0 1
7.127985 0 -3.321163 1 1
7.279451 0 -3.306889 1 1
7.39848 0 -3.286806 1 1
7.555057 0 -3.307545 1 1
7.704242 0 -3.284131 1 1
7.868779 0 -3.310057 1 1
8 0 -3.302752 1 1
-8 0 -3.155963 1 1
-7.87806 0 -3.174692 1 1
-7.732318 0 -3.13978 1 1
-7.536189 0 -3.177905 1 1
-7.422631 0 -3.130495 1 1
-7.283793 0 -3.179137 1 1
-7.105569 0 -3.147499 1 1
-6.965001 0 -3.134693 0 1
-6.849055 0 -3.149009 0 1
-6.667624 0 -3.147489 0 1
-6.531065 0 -3.166758 0 1
-6.3905 0 -3.146405 0 1
-6.235699 0 -3.166304 0 1
-6.078918 0 -3.134338 0 1
-5.970959 0 -3.167601 0 1
-5.796697 0 -3.133745 0 1
-5.640792 0 -3.158807 0 1
-5.520169 0 -3.153616 0 1
-5.342561 0 -3.147929 0 1
-5.200574 0 -3.135477 0 1
-5.049341 0 -3.16101 0 1
-4.933427 0 -3.166451 0 1
-4.795111 0 -3.164709 0 1
-4.611958 0 -3.143278 0 1
-4.496828 0 -3.129968 0 1
-4.341693 0 -3.17748 0 1
-4.18075 0 -3.154836 0 1
-4.023114 0 -3.173929 0 1
-3.914856 0 -3.14029 0 1
-3.738231 0 -3.169632 0 1
-3.581843 0 -3.143994 0 1
-3.423809 0 -3.176549 0 1
-3.326007 0 -3.162676 0 1
-3.149253 0 -3.163654 0 1
-3.033074 0 -3.147986 0 1
-2.882215 0 -3.16664 0 1
-2.70308 0 -3.158439 0 1
-2.543286 0 -3.139825 0 1
-2.396178 0 -3.152497 0 1
-2.254391 0 -3.149213 0 1
-2.126681 0 -3.150914 0 1
-1.98956 0 -3.167349 0 1
-1.819813 0 -3.14461 0 1
-1.678961 0 -3.144636 0 1
-1.540245 0 -3.169299 0 1
-1.403593 0 -3.151611 0 1
-1.230646 0 -3.163294 0 1
-1.122161 0 -3.144779 0 1
-0.936772 0 -3.178055 0 1
-0.830475 0 -3.135433 0 1
-0.661805 0 -3.158808 0 1
-0.520668 0 -3.154576 0 1
-0.36231 0 -3.154962 0 1
-0.225744 0 -3.168451 0 1
-0.073456 0 -3.16001 0 1
0.070228 0 -3.133186 0 1
0.219631 0 -3.130954 0 1
0.384084 0 -3.174757 0 1
0.494057 0 -3.144805 0 1
0.640966 0 -3.145155 0 1
0.826536 0 -3.176147 0 1
0.938943 0 -3.157371 0 1
1.113943 0 -3.132497 0 1
1.240801 0 -3.132087 0 1
1.399864 0 -3.160792 0 1
1.521249 0 -3.152171 0 1
1.66378 0 -3.174284 0 1
1.82807 0 -3.130016 0 1
1.971255 0 -3.156707 0 1
2.143829 0 -3.174874 0 1
2.279965 0 -3.179814 0 1
2.442852 0 -3.135404 0 1
2.553778 0 -3.139099 0 1
2.715004 0 -3.175921 0 1
2.854387 0 -3.136388 0 1
3.004819 0 -3.152103 0 1
3.159439 0 -3.134811 0 1
3.31762 0 -3.157272 0 1
3.461169 0 -3.150377 0 1
3.610173 0 -3.155712 0 1
3.741055 0 -3.158609 0 1
3.887217 0 -3.136604 0 1
4.027461 0 -3.14012 0 1
4.192179 0 -3.160739 0 1
4.316156 0 -3.161491 0 1
4.479231 0 -3.131757 0 1
4.644465 0 -3.143497 0 1
4.778353 0 -3.136625 0 1
4.928381 0 -3.152159 0 1
5.07987 0 -3.145004 0 1
5.214235 0 -3.175844 0 1
5.360935 0 -3.172217 0 1
5.51086 0 -3.151902 0 1
5.627748 0 -3.152251 0 1
5.781752 0 -3.15724 0 1
5.965926 0 -3.176029 0 1
6.114793 0 -3.172887 0 1
6.213113 0 -3.14081 0 1
6.371861 0 -3.145098 0 1
6.552595 0 -3.15891 0 1
6.695118 0 -3.150317 0 1
6.820499 0 -3.180008 0 1
6.991605 0 -3.181156 0 1
7.115938 0 -3.160458 1 1
7.28506 0 -3.165614 1 1
7.400012 0 -3.176327 1 1
7.53846 0 -3.173499 1 1
7.687611 0 -3.168881 1 1
7.831525 0 -3.166173 1 1
8 0 -3.155963 1 1
-8 0 -3.009174 1 1
-7.858111 0 -3.026656 1 1
-7.700373 0 -3.018407 1 1
-7.584619 0 -3.032505 1 1
-7.41866 0 -3.018684 1 1
-7.270662 0 -3.018463 1 1
-7.125844 0 -2.991855 1 1
-6.992507 0 -3.024892 0 1
-6.812364 0 -3.004628 0 1
-6.67927 0 -2.995837 0 1
-6.538185 0 -3.029515 0 1
-6.408539 0 -3.011033 0 1
-6.243443 0 -3.010011 0 1
-6.096632 0 -3.023245 0 1
-5.924548 0 -3.021373 0 1
-5.773673 0 -2.999921 0 1
-5.664782 0 -3.006283 0 1
-5.489515 0 -3.019499 0 1
-5.362726 0 -3.031162 0 1
-5.203833 0 -3.024845 0 1
-5.039494 0 -3.015869 0 1
-4.891786 0 -2.994271 0 1
-4.768659 0 -3.013204 0 1
-4.602108 0 -3.011724 0 1
-4.503433 0 -3.011042 0 1
-4.31287 0 -3.020311 0 1
-4.15854 0 -3.035568 0 1
-4.013789 0 -3.010116 0 1
-3.884737 0 -2.991234 0 1
-3.749452 0 -3.017026 0 1
-3.589344 0 -3.004674 0 1
-3.448995 0 -3.033193 0 1
-3.290113 0 -3.005841 0 1
-3.166498 0 -3.014707 0 1
-3.029098 0 -3.028217 0 1
-2.859401 0 -3.020829 0 1
-2.719192 0 -3.003338 0 1
-2.544636 0 -3.018776 0 1
-2.412395 0 -3.01749 0 1
-2.28784 0 -2.995821 0 1
-2.130939 0 -3.0226 0 1
-1.956127 0 -3.017543 0 1
-1.836987 0 -3.003916 0 1
-1.713657 0 -2.999036 0 1
-1.533546 0 -3.035488 0 1
-1.395736 0 -2.98796 0 1
-1.23858 0 -3.013763 0 1
-1.08003 0 -2.998431 0 1
-0.940259 0 -3.007159 0 1
-0.792157 0 -3.001295 0 1
-0.682876 0 -3.033961 0 1
-0.496213 0 -3.000106 0 1
-0.35787 0 -3.016943 0 1
-0.203655 0 -2.99187 0 1
-0.0809 0 -3.026233 0 1
0.087555 0 -2.998762 0 1
0.194207 0 -3.011146 0 1
0.390026 0 -3.012103 0 1
0.499046 0 -3.034551 0 1
0.648985 0 -2.986906 0 1
0.799826 0 -3.030842 0 1
0.960123 0 -3.019575 0 1
1.112427 0 -3.023217 0 1
1.247379 0 -3.016414 0 1
1.38291 0 -2.987798 0 1
1.552221 0 -3.024547 0 1
1.672013 0 -2.992205 0 1
1.829371 0 -2.989626 0 1
1.985303 0 -3.009491 0 1
2.131177 0 -3.000728 0 1
2.278702 0 -2.999536 0 1
2.425461 0 -3.032142 0 1
2.549162 0 -3.032159 0 1
2.702894 0 -3.00548 0 1
2.84801 0 -3.007955 0 1
3.02409 0 -3.025458 0 1
3.165368 0 -2.983178 0 1
3.31295 0 -3.007434 0 1
3.436485 0 -3.005998 0 1
3.593896 0 -2.986034 0 1
3.750568 0 -2.98576 0 1
3.866227 0 -2.985988 0 1
4.033133 0 -2.983011 0 1
4.171545 0 -2.999653 0 1
4.32851 0 -3.016495 0 1
4.490752 0 -2.988893 0 1
4.609297 0 -3.020909 0 1
4.766418 0 -3.011877 0 1
4.891282 0 -3.025312 0 1
5.042121 0 -3.005379 0 1
5.185928 0 -2.996627 0 1
5.383063 0 -3.0132 0 1
5.482099 0 -3.022386 0 1
5.633646 0 -3.019172 0 1
5.804823 0 -3.030485 0 1
5.943895 0 -2.992895 0 1
6.096633 0 -3.0025 0 1
6.229776 0 -3.022364 0 1
6.364598 0 -3.023 0 1
6.523697 0 -3.03272 0 1
6.670105 0 -2.993632 0 1
6.849127 0 -2.994603 0 1
6.978795 0 -2.995218 0 1
7.12589 0 -3.005003 1 1
7.244153 0 -3.032389 1 1
7.388184 0 -3.019041 1 1
7.578006 0 -3.03216 1 1
7.68674 0 -2.987027 1 1
7.850142 0 -3.019665 1 1
8 0 -3.009174 1 1
-8 0 -2.862385 1 1
-7.846543 0 -2.885331 1 1
-7.697039 0 -2.859254 1 1
-7.57047 0 -2.86865 1 1
-7.434202 0 -2.849071 1 1
-7.280158 0 -2.857123 1 1
-7.110826 0 -2.888247 1 1
-6.978611 0 -2.846788 0 1
-6.805611 0 -2.856085 0 1
-6.687374 0 -2.839262 0 1
-6.517159 0 -2.864812 0 1
-6.3944 0 -2.878636 0 1
-6.259528 0 -2.857356 0 1
-6.114596 0 -2.847091 0 1
-5.961145 0 -2.858516 0 1
-5.790906 0 -2.875264 0 1
-5.65555 0 -2.850515 0 1
-5.507513 0 -2.875958 0 1
-5.342102 0 -2.885611 0 1
-5.220961 0 -2.865775 0 1
-5.039926 0 -2.848943 0 1
-4.927409 0 -2.842029 0 1
-4.756084 0 -2.881018 0 1
-4.633964 0 -2.870687 0 1
-4.483996 0 -2.88838 0 1
-4.325707 0 -2.852963 0 1
-4.206879 0 -2.86201 0 1
-4.018985 0 -2.84343 0 1
-3.894027 0 -2.878481 0 1
-3.758953 0 -2.840799 0 1
-3.581256 0 -2.870758 0 1
-3.440671 0 -2.852092 0 1
-3.277286 0 -2.857113 0 1
-3.164886 0 -2.858242 0 1
-2.984704 0 -2.85625 0 1
-2.866682 0 -2.880232 0 1
-2.718011 0 -2.847103 0 1
-2.593 0 -2.877213 0 1
-2.448245 0 -2.877022 0 1
-2.289483 0 -2.855837 0 1
-2.142232 0 -2.849989 0 1
-1.957735 0 -2.871289 0 1
-1.822176 0 -2.877958 0 1
-1.704759 0 -2.836498 0 1
-1.548534 0 -2.884911 0 1
-1.419331 0 -2.88272 0 1
-1.258773 0 -2.878534 0 1
-1.096389 0 -2.848353 0 1
-0.97823 0 -2.887239 0 1
-0.823308 0 -2.879605 0 1
-0.640185 0 -2.850821 0 1
-0.522226 0 -2.859505 0 1
-0.38396 0 -2.887672 0 1
-0.202064 0 -2.840685 0 1
-0.098707 0 -2.853008 0 1
0.066996 0 -2.847197 0 1
0.199626 0 -2.839339 0 1
0.356672 0 -2.876117 0 1
0.530116 0 -2.853882 0 1
0.683863 0 -2.837173 0 1
0.83364 0 -2.842217 0 1
0.974124 0 -2.885353 0 1
1.082128 0 -2.839971 0 1
1.26329 0 -2.878678 0 1
1.388059 0 -2.86903 0 1
1.546545 0 -2.83718 0 1
1.674574 0 -2.886366 0 1
1.840994 0 -2.878814 0 1
1.983526 0 -2.847082 0 1
2.119334 0 -2.885993 0 1
2.290851 0 -2.842682 0 1
2.440593 0 -2.837634 0 1
2.589196 0 -2.87775 0 1
2.693476 0 -2.863935 0 1
2.871025 0 -2.885379 0 1
3.00963 0 -2.849105 0 1
3.163629 0 -2.861901 0 1
3.302678 0 -2.864274 0 1
3.440126 0 -2.86905 0 1
3.606609 0 -2.85099 0 1
3.742844 0 -2.874627 0 1
3.884674 0 -2.840128 0 1
4.041135 0 -2.886873 0 1
4.168665 0 -2.87808 0 1
4.349467 0 -2.867886 0 1
4.466812 0 -2.841844 0 1
4.627625 0 -2.839372 0 1
4.76399 0 -2.859714 0 1
4.898108 0 -2.884367 0 1
5.061288 0 -2.870229 0 1
5.215446 0 -2.864221 0 1
5.364199 0 -2.86629 0 1
5.502872 0 -2.867197 0 1
5.667467 0 -2.872055 0 1
5.791949 0 -2.879318 0 1
5.930887 0 -2.854704 0 1
6.084297 0 -2.884452 0 1
6.256637 0 -2.861709 0 1
6.392912 0 -2.847279 0 1
6.554654 0 -2.883607 0 1
6.656247 0 -2.886784 0 1
6.809851 0 -2.878416 0 1
6.963453 0 -2.872811 0 1
7.135942 0 -2.852686 1 1
7.254137 0 -2.851518 1 1
7.43916 0 -2.836048 1 1
7.57297 0 -2.849712 1 1
7.728214 0 -2.888356 1 1
7.842614 0 -2.845353 1 1
8 0 -2.862385 1 1
-8 0 -2.715596 1 1
-7.838249 0 -2.720679 1 1
-7.711402 0 -2.711371 1 1
-7.551426 0 -2.717076 1 1
-7.412176 0 -2.701796 1 1
-7.284588 0 -2.721013 1 1
-7.133696 0 -2.702431 1 1
-6.973828 0 -2.71476 0 1
-6.810576 0 -2.701983 0 1
-6.667141 0 -2.717636 0 1
-6.516684 0 -2.725474 0 1
-6.401817 0 -2.701322 0 1
-6.228072 0 -2.730943 0 1
-6.094387 0 -2.712508 0 1
-5.951575 0 -2.7115 0 1
-5.817805 0 -2.692168 0 1
-5.677287 0 -2.699193 0 1
-5.486921 0 -2.724061 0 1
-5.362071 0 -2.70578 0 1
-5.216116 0 -2.700872 0 1
-5.062233 0 -2.724787 0 1
-4.942625 0 -2.700517 0 1
-4.748334 0 -2.733897 0 1
-4.599934 0 -2.724567 0 1
-4.470203 0 -2.710153 0 1
-4.324577 0 -2.696205 0 1
-4.158112 0 -2.731227 0 1
-4.042476 0 -2.713774 0 1
-3.906378 0 -2.736277 0 1
-3.739446 0 -2.718157 0 1
-3.57547 0 -2.737091 0 1
-3.470451 0 -2.712801 0 1
-3.32748 0 -2.705608 0 1
-3.156565 0 -2.732153 0 1
-3.031924 0 -2.69113 0 1
-2.873809 0 -2.729704 0 1
-2.707164 0 -2.73832 0 1
-2.592193 0 -2.714617 0 1
-2.43936 0 -2.696588 0 1
-2.27994 0 -2.73372 0 1
-2.14901 0 -2.71367 0 1
-1.982801 0 -2.738385 0 1
-1.810813 0 -2.696271 0 1
-1.707629 0 -2.73115 0 1
-1.544867 0 -2.704516 0 1
-1.395828 0 -2.710116 0 1
-1.2245 0 -2.710973 0 1
-1.100787 0 -2.705829 0 1
-0.965995 0 -2.741625 0 1
-0.826221 0 -2.738638 0 1
-0.665875 0 -2.699343 0 1
-0.512395 0 -2.693914 0 1
-0.346932 0 -2.717699 0 1
-0.21616 0 -2.703057 0 1
-0.084602 0 -2.695463 0 1
0.071086 0 -2.705011 0 1
0.231368 0 -2.7263 0 1
0.372945 0 -2.699215 0 1
0.496594 0 -2.728853 0 1
0.681686 0 -2.703271 0 1
0.805111 0 -2.693886 0 1
0.9374 0 -2.71197 0 1
1.095292 0 -2.692044 0 1
1.233951 0 -2.696016 0 1
1.382541 0 -2.708828 0 1
1.530287 0 -2.693598 0 1
1.698539 0 -2.703843 0 1
1.819921 0 -2.71594 0 1
2.007671 0 -2.712805 0 1
2.154615 0 -2.737974 0 1
2.254368 0 -2.701511 0 1
2.412824 0 -2.718189 0 1
2.555743 0 -2.715276 0 1
2.713597 0 -2.73815 0 1
2.872663 0 -2.702399 0 1
3.002894 0 -2.702599 0 1
3.174764 0 -2.721056 0 1
3.276898 0 -2.735958 0 1
3.471584 0 -2.724733 0 1
3.609471 0 -2.716402 0 1
3.720303 0 -2.713037 0 1
3.87629 0 -2.691816 0 1
4.017687 0 -2.698664 0 1
4.201536 0 -2.733004 0 1
4.304808 0 -2.736707 0 1
4.466186 0 -2.713765 0 1
4.618085 0 -2.737918 0 1
4.784571 0 -2.706223 0 1
4.899121 0 -2.723096 0 1
5.049248 0 -2.740198 0 1
5.220259 0 -2.730595 0 1
5.368195 0 -2.697814 0 1
5.521049 0 -2.708145 0 1
5.662812 0 -2.694617 0 1
5.792385 0 -2.725725 0 1
5.921302 0 -2.741772 0 1
6.106138 0 -2.701481 0 1
6.261193 0 -2.722221 0 1
6.371505 0 -2.737189 0 1
6.527971 0 -2.68974 0 1
6.670292 0 -2.731864 0 1
6.834616 0 -2.730363 0 1
6.992679 0 -2.699906 0 1
7.136728 0 -2.733147 1 1
7.24846 0 -2.720052 1 1
7.392112 0 -2.724731 1 1
7.562912 0 -2.732002 1 1
7.690945 0 -2.713393 1 1
7.876405 0 -2.735635 1 1
8 0 -2.715596 1 1
-8 0 -2.568807 1 1
-7.868336 0 -2.576386 1 1
-7.723669 0 -2.573979 1 1
-7.569344 0 -2.574663 1 1
-7.415022 0 -2.591741 1 1
-7.249405 0 -2.560884 1 1
-7.12619 0 -2.591671 1 1
-6.987349 0 -2.579295 0 1
-6.820463 0 -2.543278 0 1
-6.699941 0 -2.566895 0 1
-6.506188 0 -2.550287 0 1
-6.402683 0 -2.54455 0 1
-6.233255 0 -2.543367 0 1
-6.081369 0 -2.559406 0 1
-5.919992 0 -2.55857 0 1
-5.80704 0 -2.561655 0 1
-5.631086 0 -2.578427 0 1
-5.48601 0 -2.569752 0 1
-5.366512 0 -2.563072 0 1
-5.206515 0 -2.575023 0 1
-5.056791 0 -2.582947 0 1
-4.912809 0 -2.542999 0 1
-4.784772 0 -2.562659 0 1
-4.602886 0 -2.578909 0 1
-4.464492 0 -2.555213 0 1
-4.323946 0 -2.592063 0 1
-4.190117 0 -2.579555 0 1
-4.055104 0 -2.584429 0 1
-3.914327 0 -2.546433 0 1
-3.737937 0 -2.545245 0 1
-3.583687 0 -2.57786 0 1
-3.461266 0 -2.561219 0 1
-3.288987 0 -2.567704 0 1
-3.130727 0 -2.560984 0 1
-3.020353 0 -2.593977 0 1
-2.844052 0 -2.577724 0 1
-2.729217 0 -2.56673 0 1
-2.547319 0 -2.560088 0 1
-2.435317 0 -2.558907 0 1
-2.26363 0 -2.563097 0 1
-2.134703 0 -2.578233 0 1
-1.984697 0 -2.59491 0 1
-1.815317 0 -2.591531 0 1
-1.704325 0 -2.561707 0 1
-1.560227 0 -2.584438 0 1
-1.416068 0 -2.563912 0 1
-1.230203 0 -2.545989 0 1
-1.114852 0 -2.591099 0 1
-0.942239 0 -2.57877 0 1
-0.795625 0 -2.582287 0 1
-0.677649 0 -2.582073 0 1
-0.525104 0 -2.571541 0 1
-0.359807 0 -2.580863 0 1
-0.205319 0 -2.591001 0 1
-0.048423 0 -2.574185 0 1
0.055838 0 -2.571905 0 1
0.220463 0 -2.556393 0 1
0.380729 0 -2.551918 0 1
0.529274 0 -2.594182 0 1
0.654284 0 -2.550098 0 1
0.821019 0 -2.546532 0 1
0.959158 0 -2.587155 0 1
1.112894 0 -2.581633 0 1
1.245786 0 -2.571259 0 1
1.387898 0 -2.563205 0 1
1.518664 0 -2.588008 0 1
1.686449 0 -2.587053 0 1
1.818461 0 -2.594551 0 1
1.981688 0 -2.556899 0 1
2.127989 0 -2.546312 0 1
2.298496 0 -2.543945 0 1
2.415315 0 -2.56936 0 1
2.576261 0 -2.564141 0 1
2.710776 0 -2.593178 0 1
2.884665 0 -2.574894 0 1
3.012641 0 -2.584966 0 1
3.152597 0 -2.58174 0 1
3.324581 0 -2.557063 0 1
3.450049 0 -2.569409 0 1
3.606291 0 -2.558426 0 1
3.751094 0 -2.546268 0 1
3.902362 0 -2.582422 0 1
4.012099 0 -2.55226 0 1
4.190406 0 -2.559484 0 1
4.34071 0 -2.561127 0 1
4.464452 0 -2.57116 0 1
4.633421 0 -2.581792 0 1
4.77604 0 -2.544934 0 1
4.935478 0 -2.594577 0 1
5.078539 0 -2.561177 0 1
5.233039 0 -2.574215 0 1
5.362351 0 -2.547617 0 1
5.505567 0 -2.585251 0 1
5.647304 0 -2.551382 0 1
5.785106 0 -2.579259 0 1
5.969668 0 -2.560432 0 1
6.085549 0 -2.578955 0 1
6.233861 0 -2.548917 0 1
6.397351 0 -2.590533 0 1
6.539306 0 -2.554186 0 1
6.670676 0 -2.587688 0 1
6.838832 0 -2.546084 0 1
6.967085 0 -2.578948 0 1
7.145002 0 -2.552088 1 1
7.239716 0 -2.591539 1 1
7.423218 0 -2.567488 1 1
7.567799 0 -2.556492 1 1
7.689017 0 -2.575431 1 1
7.863994 0 -2.584765 1 1
8 0 -2.568807 1 1
-8 0 -2.422018 1 1
-7.870016 0 -2.398319 1 1
-7.709029 0 -2.405406 1 1
-7.576245 0 -2.445324 1 1
-7.42961 0 -2.408323 1 1
-7.278772 0 -2.400761 1 1
-7.124086 0 -2.415316 1 1
-6.965902 0 -2.402553 0 1
-6.843331 0 -2.43295 0 1
-6.68536 0 -2.433815 0 1
-6.540451 0 -2.417492 0 1
-6.386489 0 -2.412887 0 1
-6.259627 0 -2.445214 0 1
-6.078437 0 -2.448058 0 1
-5.940597 0 -2.396251 0 1
-5.81947 0 -2.420838 0 1
-5.677414 0 -2.416576 0 1
-5.478858 0 -2.408207 0 1
-5.334963 0 -2.423433 0 1
-5.219621 0 -2.425746 0 1
-5.071048 0 -2.401401 0 1
-4.891038 0 -2.405275 0 1
-4.747338 0 -2.413295 0 1
-4.630277 0 -2.445415 0 1
-4.484672 0 -2.430988 0 1
-4.351403 0 -2.424295 0 1
-4.173007 0 -2.410117 0 1
-4.016195 0 -2.441102 0 1
-3.884523 0 -2.402519 0 1
-3.754773 0 -2.411488 0 1
-3.579682 0 -2.428971 0 1
-3.443287 0 -2.413623 0 1
-3.304063 0 -2.426609 0 1
-3.172454 0 -2.396327 0 1
-2.984996 0 -2.405498 0 1
-2.887929 0 -2.429406 0 1
-2.739601 0 -2.405766 0 1
-2.578027 0 -2.424961 0 1
-2.416377 0 -2.427294 0 1
-2.26928 0 -2.44414 0 1
-2.13225 0 -2.399217 0 1
-1.958884 0 -2.39629 0 1
-1.815992 0 -2.400606 0 1
-1.675693 0 -2.432911 0 1
-1.557398 0 -2.440875 0 1
-1.393436 0 -2.418219 0 1
-1.228852 0 -2.421773 0 1
-1.120583 0 -2.406333 0 1
-0.964626 0 -2.412873 0 1
-0.804763 0 -2.402213 0 1
-0.678092 0 -2.424857 0 1
-0.534071 0 -2.413424 0 1
-0.380664 0 -2.437256 0 1
-0.206801 0 -2.413577 0 1
-0.095091 0 -2.425459 0 1
0.084796 0 -2.439973 0 1
0.242852 0 -2.400741 0 1
0.381045 0 -2.436795 0 1
0.500954 0 -2.423271 0 1
0.681557 0 -2.441935 0 1
0.788091 0 -2.420193 0 1
0.96604 0 -2.443661 0 1
1.111052 0 -2.402364 0 1
1.270523 0 -2.407944 0 1
1.399816 0 -2.41441 0 1
1.534785 0 -2.410528 0 1
1.700545 0 -2.428272 0 1
1.842372 0 -2.418747 0 1
2.000471 0 -2.405719 0 1
2.113832 0 -2.442327 0 1
2.253441 0 -2.44373 0 1
2.434732 0 -2.398914 0 1
2.581734 0 -2.442305 0 1
2.708607 0 -2.403347 0 1
2.88638 0 -2.417954 0 1
2.982841 0 -2.44517 0 1
3.157845 0 -2.403675 0 1
3.328109 0 -2.431549 0 1
3.442409 0 -2.412543 0 1
3.612002 0 -2.420975 0 1
3.748489 0 -2.436702 0 1
3.884376 0 -2.419995 0 1
4.034615 0 -2.440794 0 1
4.20689 0 -2.404198 0 1
4.330266 0 -2.424355 0 1
4.482426 0 -2.440732 0 1
4.632591 0 -2.406097 0 1
4.781368 0 -2.416793 0 1
4.907332 0 -2.396107 0 1
5.044323 0 -2.395763 0 1
5.221923 0 -2.423166 0 1
5.375167 0 -2.422281 0 1
5.515375 0 -2.428534 0 1
5.676802 0 -2.430836 0 1
5.815492 0 -2.437311 0 1
5.957249 0 -2.405615 0 1
6.102333 0 -2.445663 0 1
6.257843 0 -2.43898 0 1
6.384661 0 -2.427736 0 1
6.557707 0 -2.413603 0 1
6.697316 0 -2.396069 0 1
6.828222 0 -2.43061 0 1
6.981878 0 -2.396108 0 1
7.132885 0 -2.427775 1 1
7.267526 0 -2.433483 1 1
7.423221 0 -2.438131 1 1
7.578459 0 -2.427632 1 1
7.686917 0 -2.408688 1 1
7.857459 0 -2.405897 1 1
8 0 -2.422018 1 1
-8 0 -2.275229 1 1
-7.834726 0 -2.264154 1 1
-7.708666 0 -2.293001 1 1
-7.578786 0 -2.264874 1 1
-7.423884 0 -2.293998 1 1
-7.28095 0 -2.262104 1 1
-7.106831 0 -2.301169 1 1
-6.960537 0 -2.27123 0 1
-6.816265 0 -2.249416 0 1
-6.697521 0 -2.251429 0 1
-6.535962 0 -2.257175 0 1
-6.36281 0 -2.296576 0 1
-6.213476 0 -2.292159 0 1
-6.115392 0 -2.24985 0 1
-5.937022 0 -2.270294 0 1
-5.773343 0 -2.26852 0 1
-5.656449 0 -2.299855 0 1
-5.518281 0 -2.27583 0 1
-5.347864 0 -2.251209 0 1
-5.202935 0 -2.281815 0 1
-5.054085 0 -2.259623 0 1
-4.909054 0 -2.260553 0 1
-4.75136 0 -2.267286 0 1
-4.635732 0 -2.267134 0 1
-4.484075 0 -2.29531 0 1
-4.35233 0 -2.275799 0 1
-4.174567 0 -2.274714 0 1
-4.061902 0 -2.271373 0 1
-3.88607 0 -2.287187 0 1
-3.730153 0 -2.259675 0 1
-3.613182 0 -2.276065 0 1
-3.4419 0 -2.278735 0 1
-3.298978 0 -2.296396 0 1
-3.17903 0 -2.253622 0 1
-2.993573 0 -2.291881 0 1
-2.845852 0 -2.300608 0 1
-2.712634 0 -2.273305 0 1
-2.55231 0 -2.275834 0 1
-2.42102 0 -2.270752 0 1
-2.263934 0 -2.259901 0 1
-2.148305 0 -2.26186 0 1
-1.957043 0 -2.254218 0 1
-1.851737 0 -2.269992 0 1
-1.704987 0 -2.272338 0 1
-1.525404 0 -2.295149 0 1
-1.41411 0 -2.290753 0 1
-1.265609 0 -2.271927 0 1
-1.082345 0 -2.299802 0 1
-0.928767 0 -2.274904 0 1
-0.81455 0 -2.272882 0 1
-0.664617 0 -2.251702 0 1
-0.540179 0 -2.285766 0 1
-0.343393 0 -2.274202 0 1
-0.205239 0 -2.266819 0 1
-0.076305 0 -2.271157 0 1
0.083704 0 -2.274032 0 1
0.245867 0 -2.283044 0 1
0.368992 0 -2.290563 0 1
0.492571 0 -2.258332 0 1
0.646658 0 -2.291713 0 1
0.796755 0 -2.257652 0 1
0.978301 0 -2.269832 0 1
1.085912 0 -2.282677 0 1
1.228074 0 -2.268766 0 1
1.372003 0 -2.288178 0 1
1.535037 0 -2.253898 0 1
1.682792 0 -2.297252 0 1
1.821872 0 -2.279175 0 1
1.99193 0 -2.273332 0 1
2.105747 0 -2.262934 0 1
2.301406 0 -2.264829 0 1
2.405776 0 -2.281986 0 1
2.577121 0 -2.258292 0 1
2.721142 0 -2.279473 0 1
2.844074 0 -2.249206 0 1
3.005667 0 -2.300282 0 1
3.161438 0 -2.297555 0 1
3.282916 0 -2.295839 0 1
3.452097 0 -2.298166 0 1
3.603738 0 -2.282479 0 1
3.734322 0 -2.287212 0 1
3.9094 0 -2.289721 0 1
4.010796 0 -2.281721 0 1
4.208258 0 -2.281643 0 1
4.309402 0 -2.252737 0 1
4.459929 0 -2.263164 0 1
4.613631 0 -2.258248 0 1
4.770094 0 -2.273699 0 1
4.928024 0 -2.25592 0 1
5.066944 0 -2.26955 0 1
5.231966 0 -2.292628 0 1
5.381394 0 -2.281065 0 1
5.496405 0 -2.262478 0 1
5.676107 0 -2.273555 0 1
5.803165 0 -2.256753 0 1
5.943731 0 -2.29491 0 1
6.065823 0 -2.274513 0 1
6.220327 0 -2.294974 0 1
6.378916 0 -2.262789 0 1
6.508482 0 -2.263317 0 1
6.703974 0 -2.264264 0 1
6.81243 0 -2.269485 0 1
6.983405 0 -2.291975 0 1
7.144961 0 -2.259457 1 1
7.266173 0 -2.287076 1 1
7.409027 0 -2.251889 1 1
7.579787 0 -2.258635 1 1
7.696127 0 -2.256315 1 1
7.876856 0 -2.280169 1 1
8 0 -2.275229 1 1
-8 0 -2.12844 1 1
-7.863107 0 -2.150099 1 1
-7.728644 0 -2.116289 1 1
-7.536124 0 -2.146137 1 1
-7.436232 0 -2.115578 1 1
-7.263193 0 -2.128818 1 1
-7.099484 0 -2.104018 1 1
-6.976494 0 -2.127982 0 1
-6.813492 0 -2.129515 0 1
-6.678106 0 -2.102126 0 1
-6.511602 0 -2.117983 0 1
-6.390316 0 -2.122295 0 1
-6.216819 0 -2.115445 0 1
-6.080426 0 -2.117735 0 1
-5.931761 0 -2.141956 0 1
-5.785536 0 -2.104615 0 1
-5.634288 0 -2.108342 0 1
-5.503102 0 -2.12267 0 1
-5.352124 0 -2.103887 0 1
-5.201787 0 -2.108258 0 1
-5.062977 0 -2.142969 0 1
-4.939883 0 -2.110505 0 1
-4.769919 0 -2.104529 0 1
-4.627937 0 -2.134829 0 1
-4.48376 0 -2.148879 0 1
-4.308395 0 -2.141664 0 1
-4.181419 0 -2.114362 0 1
-4.056891 0 -2.139053 0 1
-3.900818 0 -2.143603 0 1
-3.730541 0 -2.124802 0 1
-3.611261 0 -2.138754 0 1
-3.426654 0 -2.120885 0 1
-3.28554 0 -2.15299 0 1
-3.157916 0 -2.122218 0 1
-3.009794 0 -2.136063 0 1
-2.85628 0 -2.1375 0 1
-2.723317 0 -2.15459 0 1
-2.548188 0 -2.145025 0 1
-2.429705 0 -2.149507 0 1
-2.27565 0 -2.150384 0 1
-2.127684 0 -2.14674 0 1
-2.001529 0 -2.129106 0 1
-1.85306 0 -2.120163 0 1
-1.702548 0 -2.13397 0 1
-1.551891 0 -2.132227 0 1
-1.41129 0 -2.111977 0 1
-1.268385 0 -2.131686 0 1
-1.082984 0 -2.14631 0 1
-0.961858 0 -2.13193 0 1
-0.814778 0 -2.108861 0 1
-0.676485 0 -2.144845 0 1
-0.538056 0 -2.134013 0 1
-0.354083 0 -2.10725 0 1
-0.238134 0 -2.144347 0 1
-0.074489 0 -2.119708 0 1
0.061018 0 -2.13261 0 1
0.222832 0 -2.112597 0 1
0.378298 0 -2.137694 0 1
0.527733 0 -2.108266 0 1
0.660649 0 -2.106058 0 1
0.825468 0 -2.134314 0 1
0.933505 0 -2.149162 0 1
1.075613 0 -2.146643 0 1
1.247706 0 -2.114311 0 1
1.380571 0 -2.119018 0 1
1.532942 0 -2.103263 0 1
1.70062 0 -2.131911 0 1
1.823737 0 -2.129184 0 1
1.995438 0 -2.14177 0 1
2.110077 0 -2.127846 0 1
2.26199 0 -2.114345 0 1
2.441262 0 -2.102322 0 1
2.555457 0 -2.111498 0 1
2.699659 0 -2.11753 0 1
2.878764 0 -2.117811 0 1
3.009298 0 -2.145288 0 1
3.181992 0 -2.123621 0 1
3.309859 0 -2.142741 0 1
3.43011 0 -2.152835 0 1
3.622245 0 -2.105765 0 1
3.739225 0 -2.122286 0 1
3.868292 0 -2.15217 0 1
4.031798 0 -2.138669 0 1
4.190531 0 -2.142633 0 1
4.321618 0 -2.12954 0 1
4.477585 0 -2.120838 0 1
4.613511 0 -2.140634 0 1
4.759046 0 -2.136313 0 1
4.913102 0 -2.137961 0 1
5.040311 0 -2.152702 0 1
5.187342 0 -2.115507 0 1
5.342578 0 -2.129917 0 1
5.526173 0 -2.149538 0 1
5.634722 0 -2.104749 0 1
5.790956 0 -2.138779 0 1
5.923652 0 -2.15414 0 1
6.094479 0 -2.109312 0 1
6.229613 0 -2.11569 0 1
6.377996 0 -2.113707 0 1
6.533635 0 -2.135226 0 1
6.686839 0 -2.143763 0 1
6.819561 0 -2.107979 0 1
6.95295 0 -2.115621 0 1
7.099204 0 -2.123866 1 1
7.287836 0 -2.120284 1 1
7.396485 0 -2.117625 1 1
7.582118 0 -2.150905 1 1
7.708883 0 -2.136742 1 1
7.865119 0 -2.102566 1 1
8 0 -2.12844 1 1
-8 0 -1.981651 1 1
-7.868959 0 -1.969985 1 1
-7.730529 0 -1.997943 1 1
-7.556965 0 -1.994729 1 1
-7.392918 0 -1.962974 1 1
-7.244557 0 -1.956544 1 1
-7.098397 0 -1.984374 1 1
-6.960993 0 -1.95994 0 1
-6.848532 0 -1.985932 0 1
-6.656106 0 -1.981447 0 1
-6.557376 0 -1.976412 0 1
-6.374926 0 -2.00126 0 1
-6.262553 0 -1.978154 0 1
-6.076186 0 -1.97141 0 1
-5.932234 0 -1.987068 0 1
-5.788405 0 -1.962086 0 1
-5.626458 0 -1.999327 0 1
-5.491338 0 -1.987773 0 1
-5.343035 0 -1.986891 0 1
-5.223084 0 -1.998347 0 1
-5.082187 0 -1.996564 0 1
-4.907036 0 -1.961615 0 1
-4.755283 0 -1.984006 0 1
-4.612875 0 -1.980326 0 1
-4.487453 0 -1.99643 0 1
-4.31927 0 -1.978896 0 1
-4.200866 0 -2.005663 0 1
-4.050531 0 -2.006008 0 1
-3.908502 0 -1.96138 0 1
-3.720542 0 -1.993783 0 1
-3.580973 0 -1.974126 0 1
-3.462805 0 -1.964561 0 1
-3.300924 0 -2.007999 0 1
-3.164024 0 -1.976094 0 1
-3.016091 0 -2.003674 0 1
-2.851528 0 -1.979047 0 1
-2.703861 0 -1.986495 0 1
-2.562916 0 -1.990918 0 1
-2.445414 0 -1.964957 0 1
-2.258111 0 -1.996486 0 1
-2.103856 0 -1.998734 0 1
-1.95673 0 -1.979676 0 1
-1.809563 0 -1.966951 0 1
-1.67325 0 -2.002449 0 1
-1.528297 0 -1.987888 0 1
-1.386367 0 -1.962098 0 1
-1.240609 0 -1.978963 0 1
-1.084174 0 -1.996414 0 1
-0.966346 0 -1.977336 0 1
-0.791078 0 -1.968287 0 1
-0.678748 0 -1.995828 0 1
-0.501804 0 -1.988593 0 1
-0.34572 0 -2.003122 0 1
-0.237014 0 -1.998296 0 1
-0.054246 0 -1.998093 0 1
0.072893 0 -1.969525 0 1
0.227981 0 -2.006961 0 1
0.34916 0 -1.998681 0 1
0.50817 0 -1.975954 0 1
0.637799 0 -2.004266 0 1
0.793878 0 -1.960031 0 1
0.978986 0 -2.002777 0 1
1.102333 0 -1.969668 0 1
1.263982 0 -1.976193 0 1
1.388042 0 -2.006979 0 1
1.558541 0 -1.96773 0 1
1.695708 0 -2.005762 0 1
1.821564 0 -2.003656 0 1
1.962767 0 -1.97492 0 1
2.102732 0 -1.957007 0 1
2.299412 0 -2.002454 0 1
2.434496 0 -1.990192 0 1
2.57977 0 -1.997382 0 1
2.714562 0 -1.97833 0 1
2.859443 0 -1.999452 0 1
3.000284 0 -1.999908 0 1
3.132494 0 -1.971503 0 1
3.309489 0 -2.00157 0 1
3.466712 0 -2.00264 0 1
3.585589 0 -1.981041 0 1
3.7609 0 -2.000578 0 1
3.911689 0 -2.006805 0 1
4.032847 0 -2.000285 0 1
4.191696 0 -1.996137 0 1
4.350303 0 -1.987742 0 1
4.497368 0 -1.964594 0 1
4.603371 0 -1.999113 0 1
4.75004 0 -2.002697 0 1
4.94152 0 -1.989192 0 1
5.070334 0 -2.001819 0 1
5.233379 0 -1.959464 0 1
5.378703 0 -1.976129 0 1
5.487575 0 -1.980041 0 1
5.65664 0 -1.972169 0 1
5.779681 0 -1.972812 0 1
5.934468 0 -1.96487 0 1
6.083731 0 -2.002582 0 1
6.260528 0 -1.973105 0 1
6.408196 0 -1.965232 0 1
6.543276 0 -2.004038 0 1
6.652592 0 -1.958765 0 1
6.807121 0 -1.973415 0 1
6.962979 0 -1.987433 0 1
7.130963 0 -1.966562 1 1
7.264915 0 -2.004516 1 1
7.416958 0 -1.957365 1 1
7.547927 0 -2.003294 1 1
7.732568 0 -1.998463 1 1
7.847135 0 -1.991199 1 1
8 0 -1.981651 1 1
-8 0 -1.834862 1 1
-7.857236 0 -1.824641 1 1
-7.71097 0 -1.819353 1 1
-7.568433 0 -1.818896 1 1
-7.404708 0 -1.84829 1 1
-7.270353 0 -1.835016 1 1
-7.117481 0 -1.833146 1 1
-6.955493 0 -1.840959 0 1
-6.82141 0 -1.838993 0 1
-6.674784 0 -1.824637 0 1
-6.51899 0 -1.82413 0 1
-6.399315 0 -1.861133 0 1
-6.212432 0 -1.860378 0 1
-6.088658 0 -1.81068 0 1
-5.922712 0 -1.858136 0 1
-5.806126 0 -1.816433 0 1
-5.631994 0 -1.818005 0 1
-5.515436 0 -1.853667 0 1
-5.339128 0 -1.80993 0 1
-5.189187 0 -1.84847 0 1
-5.046897 0 -1.858332 0 1
-4.936571 0 -1.810446 0 1
-4.759864 0 -1.841338 0 1
-4.648883 0 -1.810294 0 1
-4.483845 0 -1.82422 0 1
-4.321675 0 -1.857386 0 1
-4.165655 0 -1.815285 0 1
-4.061524 0 -1.841983 0 1
-3.912156 0 -1.857212 0 1
-3.739463 0 -1.818285 0 1
-3.614841 0 -1.851644 0 1
-3.436671 0 -1.821751 0 1
-3.292259 0 -1.845457 0 1
-3.160639 0 -1.843458 0 1
-2.994304 0 -1.824545 0 1
-2.873653 0 -1.853047 0 1
-2.695454 0 -1.859587 0 1
-2.555536 0 -1.834688 0 1
-2.447866 0 -1.817282 0 1
-2.265723 0 -1.814994 0 1
-2.125579 0 -1.817449 0 1
-1.959502 0 -1.834763 0 1
-1.823799 0 -1.838896 0 1
-1.706209 0 -1.809861 0 1
-1.540148 0 -1.809607 0 1
-1.414305 0 -1.850089 0 1
-1.241416 0 -1.849717 0 1
-1.117632 0 -1.821863 0 1
-0.950995 0 -1.816805 0 1
-0.790611 0 -1.83653 0 1
-0.670422 0 -1.827364 0 1
-0.496468 0 -1.852574 0 1
-0.350943 0 -1.827113 0 1
-0.236315 0 -1.855556 0 1
-0.095705 0 -1.829409 0 1
0.091711 0 -1.859802 0 1
0.208674 0 -1.832666 0 1
0.344002 0 -1.829731 0 1
0.527317 0 -1.844949 0 1
0.663282 0 -1.827549 0 1
0.782628 0 -1.84706 0 1
0.979317 0 -1.831438 0 1
1.104286 0 -1.819526 0 1
1.223698 0 -1.844661 0 1
1.417932 0 -1.860836 0 1
1.533709 0 -1.846361 0 1
1.682691 0 -1.850986 0 1
1.848171 0 -1.822936 0 1
2.006692 0 -1.824153 0 1
2.107164 0 -1.839762 0 1
2.287989 0 -1.855947 0 1
2.438268 0 -1.853348 0 1
2.573414 0 -1.841092 0 1
2.72016 0 -1.81626 0 1
2.851294 0 -1.853277 0 1
3.007225 0 -1.814507 0 1
3.134471 0 -1.823318 0 1
3.323066 0 -1.818614 0 1
3.457691 0 -1.820657 0 1
3.578419 0 -1.81036 0 1
3.743981 0 -1.822776 0 1
3.897909 0 -1.812127 0 1
4.028317 0 -1.819783 0 1
4.174979 0 -1.842244 0 1
4.349085 0 -1.838514 0 1
4.497709 0 -1.820374 0 1
4.617915 0 -1.850249 0 1
4.776476 0 -1.857321 0 1
4.899063 0 -1.828109 0 1
5.064089 0 -1.818759 0 1
5.192124 0 -1.815286 0 1
5.360289 0 -1.810081 0 1
5.51946 0 -1.856678 0 1
5.629927 0 -1.844706 0 1
5.821102 0 -1.852752 0 1
5.933335 0 -1.842085 0 1
6.070036 0 -1.851815 0 1
6.252903 0 -1.847654 0 1
6.383908 0 -1.847755 0 1
6.552014 0 -1.82692 0 1
6.659899 0 -1.854734 0 1
6.82932 0 -1.859192 0 1
6.991448 0 -1.840097 0 1
7.138131 0 -1.812819 1 1
7.246449 0 -1.841905 1 1
7.431067 0 -1.810975 1 1
7.552958 0 -1.825234 1 1
7.706736 0 -1.847396 1 1
7.873056 0 -1.825215 1 1
8 0 -1.834862 1 1
-8 0 -1.688073 1 1
-7.846837 0 -1.680471 1 1
-7.693684 0 -1.701558 1 1
-7.542658 0 -1.714076 1 1
-7.394187 0 -1.699136 1 1
-7.284117 0 -1.693396 1 1
-7.141832 0 -1.69398 1 1
-6.97447 0 -1.709554 0 1
-6.827491 0 -1.680544 0 1
-6.657755 0 -1.689931 0 1
-6.553997 0 -1.675825 0 1
-6.363261 0 -1.665747 0 1
-6.224358 0 -1.703955 0 1
-6.100794 0 -1.697729 0 1
-5.91872 0 -1.688798 0 1
-5.787475 0 -1.68933 0 1
-5.663088 0 -1.712472 0 1
-5.522779 0 -1.68966 0 1
-5.350389 0 -1.697575 0 1
-5.235776 0 -1.682732 0 1
-5.070546 0 -1.665009 0 1
-4.92475 0 -1.691767 0 1
-4.772047 0 -1.711638 0 1
-4.604406 0 -1.664154 0 1
-4.467358 0 -1.700236 0 1
-4.323105 0 -1.710078 0 1
-4.206248 0 -1.69309 0 1
-4.047354 0 -1.67686 0 1
-3.870288 0 -1.686764 0 1
-3.734155 0 -1.700785 0 1
-3.578863 0 -1.70961 0 1
-3.428317 0 -1.696422 0 1
-3.289373 0 -1.705801 0 1
-3.163928 0 -1.692348 0 1
-3.010469 0 -1.678095 0 1
-2.880316 0 -1.677679 0 1
-2.723275 0 -1.67788 0 1
-2.574666 0 -1.713971 0 1
-2.40706 0 -1.682941 0 1
-2.29754 0 -1.679198 0 1
-2.122283 0 -1.697388 0 1
-1.95595 0 -1.664876 0 1
-1.82203 0 -1.675564 0 1
-1.697769 0 -1.706542 0 1
-1.543469 0 -1.706702 0 1
-1.375244 0 -1.708492 0 1
-1.222871 0 -1.69302 0 1
-1.099824 0 -1.714301 0 1
-0.956741 0 -1.670502 0 1
-0.827118 0 -1.690751 0 1
-0.635742 0 -1.709346 0 1
-0.528631 0 -1.662759 0 1
-0.371191 0 -1.685638 0 1
-0.237828 0 -1.694544 0 1
-0.081422 0 -1.664168 0 1
0.098323 0 -1.684013 0 1
0.194521 0 -1.671492 0 1
0.341406 0 -1.667113 0 1
0.513872 0 -1.66864 0 1
0.671083 0 -1.680204 0 1
0.805014 0 -1.692809 0 1
0.946319 0 -1.685829 0 1
1.102142 0 -1.674065 0 1
1.227276 0 -1.705205 0 1
1.390711 0 -1.705148 0 1
1.546299 0 -1.685814 0 1
1.681815 0 -1.669837 0 1
1.844826 0 -1.691376 0 1
1.970197 0 -1.681712 0 1
2.150906 0 -1.669208 0 1
2.301406 0 -1.671906 0 1
2.401082 0 -1.680167 0 1
2.574951 0 -1.692762 0 1
2.715406 0 -1.674771 0 1
2.884962 0 -1.709227 0 1
3.006221 0 -1.683781 0 1
3.131266 0 -1.699176 0 1
3.298559 0 -1.702718 0 1
3.447144 0 -1.694358 0 1
3.580242 0 -1.689681 0 1
3.723273 0 -1.663363 0 1
3.911787 0 -1.692674 0 1
4.053629 0 -1.677302 0 1
4.19623 0 -1.714094 0 1
4.323651 0 -1.702662 0 1
4.465629 0 -1.668013 0 1
4.611408 0 -1.670187 0 1
4.786238 0 -1.69258 0 1
4.903774 0 -1.666926 0 1
5.059705 0 -1.713675 0 1
5.192692 0 -1.69471 0 1
5.374534 0 -1.671161 0 1
5.509869 0 -1.696788 0 1
5.67564 0 -1.66203 0 1
5.784522 0 -1.663052 0 1
5.928713 0 -1.680441 0 1
6.109105 0 -1.67215 0 1
6.242646 0 -1.707685 0 1
6.392522 0 -1.662848 0 1
6.514868 0 -1.666715 0 1
6.679812 0 -1.691381 0 1
6.804528 0 -1.672158 0 1
6.972702 0 -1.681128 0 1
7.134289 0 -1.669946 1 1
7.272783 0 -1.700744 1 1
7.41564 0 -1.664362 1 1
7.543979 0 -1.709567 1 1
7.703115 0 -1.681262 1 1
7.858141 0 -1.713025 1 1
8 0 -1.688073 1 1
-8 0 -1.541284 1 1
-7.842242 0 -1.519058 1 1
-7.728681 0 -1.547499 1 1
-7.546827 0 -1.560808 1 1
-7.41529 0 -1.534335 1 1
-7.273552 0 -1.555039 1 1
-7.098239 0 -1.552016 1 1
-6.970605 0 -1.554746 0 1
-6.81089 0 -1.526168 0 1
-6.66461 0 -1.532869 0 1
-6.544002 0 -1.518299 0 1
-6.378587 0 -1.533971 0 1
-6.234339 0 -1.562241 0 1
-6.093903 0 -1.536217 0 1
-5.965718 0 -1.55278 0 1
-5.777313 0 -1.562804 0 1
-5.65168 0 -1.548609 0 1
-5.486709 0 -1.547055 0 1
-5.358272 0 -1.566546 0 1
-5.233543 0 -1.517018 0 1
-5.08661 0 -1.531385 0 1
-4.924023 0 -1.551135 0 1
-4.749066 0 -1.524979 0 1
-4.640774 0 -1.567171 0 1
-4.494044 0 -1.537728 0 1
-4.324639 0 -1.566044 0 1
-4.158337 0 -1.515193 0 1
-4.037547 0 -1.53526 0 1
-3.887452 0 -1.559337 0 1
-3.730347 0 -1.518742 0 1
-3.612562 0 -1.566145 0 1
-3.474746 0 -1.540664 0 1
-3.321124 0 -1.521897 0 1
-3.176319 0 -1.556241 0 1
-3.018288 0 -1.556093 0 1
-2.85035 0 -1.518041 0 1
-2.727878 0 -1.542258 0 1
-2.544857 0 -1.549287 0 1
-2.419297 0 -1.552153 0 1
-2.262272 0 -1.541506 0 1
-2.127772 0 -1.546572 0 1
-1.997872 0 -1.558567 0 1
-1.824978 0 -1.520817 0 1
-1.699642 0 -1.546948 0 1
-1.536864 0 -1.527204 0 1
-1.404452 0 -1.525743 0 1
-1.223728 0 -1.541927 0 1
-1.080686 0 -1.545314 0 1
-0.941072 0 -1.524591 0 1
-0.800844 0 -1.535614 0 1
-0.664286 0 -1.537736 0 1
-0.520422 0 -1.534272 0 1
-0.389998 0 -1.558868 0 1
-0.244821 0 -1.540684 0 1
-0.068804 0 -1.552198 0 1
0.090658 0 -1.533617 0 1
0.244764 0 -1.549092 0 1
0.342133 0 -1.5582 0 1
0.504391 0 -1.525912 0 1
0.653033 0 -1.563868 0 1
0.815634 0 -1.54805 0 1
0.968899 0 -1.561243 0 1
1.091331 0 -1.56713 0 1
1.238663 0 -1.543114 0 1
1.410097 0 -1.520213 0 1
1.544542 0 -1.54733 0 1
1.693453 0 -1.539844 0 1
1.813879 0 -1.553013 0 1
1.987353 0 -1.521026 0 1
2.14746 0 -1.563752 0 1
2.295979 0 -1.545419 0 1
2.435557 0 -1.550913 0 1
2.559302 0 -1.55729 0 1
2.731594 0 -1.541356 0 1
2.888293 0 -1.545447 0 1
2.98931 0 -1.558663 0 1
3.146815 0 -1.547475 0 1
3.30679 0 -1.552644 0 1
3.457133 0 -1.522466 0 1
3.622116 0 -1.519532 0 1
3.731724 0 -1.523231 0 1
3.884772 0 -1.520367 0 1
4.058788 0 -1.565639 0 1
4.191137 0 -1.564036 0 1
4.30888 0 -1.525298 0 1
4.488862 0 -1.553192 0 1
4.637259 0 -1.546551 0 1
4.773625 0 -1.551157 0 1
4.923367 0 -1.546921 0 1
5.074602 0 -1.543684 0 1
5.229434 0 -1.516598 0 1
5.337792 0 -1.547948 0 1
5.510822 0 -1.566159 0 1
5.627482 0 -1.567157 0 1
5.777299 0 -1.550645 0 1
5.954868 0 -1.544683 0 1
6.074315 0 -1.557605 0 1
6.25979 0 -1.548213 0 1
6.406611 0 -1.515414 0 1
6.55505 0 -1.521837 0 1
6.6662 0 -1.526227 0 1
6.805121 0 -1.517655 0 1
6.950021 0 -1.550303 0 1
7.125224 0 -1.524771 1 1
7.253896 0 -1.558705 1 1
7.393702 0 -1.543362 1 1
7.539885 0 -1.52216 1 1
7.719793 0 -1.520792 1 1
7.877828 0 -1.545866 1 1
8 0 -1.541284 1 1
-8 0 -1.394495 1 1
-7.856023 0 -1.414451 1 1
-7.704964 0 -1.39038 1 1
-7.551111 0 -1.369323 1 1
-7.422255 0 -1.382296 1 1
-7.280543 0 -1.406977 1 1
-7.130034 0 -1.416542 1 1
-6.969385 0 -1.374791 0 1
-6.81726 0 -1.382063 0 1
-6.694441 0 -1.416795 0 1
-6.50718 0 -1.417733 0 1
-6.411049 0 -1.409496 0 1
-6.221701 0 -1.410987 0 1
-6.112641 0 -1.409891 0 1
-5.940171 0 -1.393035 0 1
-5.779223 0 -1.38073 0 1
-5.66132 0 -1.396925 0 1
-5.522871 0 -1.394257 0 1
-5.335914 0 -1.409356 0 1
-5.218215 0 -1.369391 0 1
-5.044781 0 -1.393784 0 1
-4.902634 0 -1.410985 0 1
-4.782382 0 -1.412241 0 1
-4.634044 0 -1.374952 0 1
-4.469223 0 -1.413134 0 1
-4.310396 0 -1.381547 0 1
-4.197196 0 -1.37367 0 1
-4.053236 0 -1.419407 0 1
-3.881354 0 -1.396998 0 1
-3.755507 0 -1.371935 0 1
-3.61831 0 -1.398117 0 1
-3.468004 0 -1.39438 0 1
-3.302333 0 -1.418108 0 1
-3.167981 0 -1.415749 0 1
-3.001321 0 -1.382236 0 1
-2.866476 0 -1.405381 0 1
-2.720738 0 -1.389525 0 1
-2.567245 0 -1.394833 0 1
-2.425529 0 -1.384922 0 1
-2.267496 0 -1.370241 0 1
-2.143259 0 -1.418109 0 1
-2.006187 0 -1.406851 0 1
-1.857805 0 -1.415578 0 1
-1.702528 0 -1.388142 0 1
-1.529879 0 -1.400207 0 1
-1.415564 0 -1.382134 0 1
-1.227651 0 -1.406741 0 1
-1.116469 0 -1.379396 0 1
-0.96218 0 -1.405699 0 1
-0.80225 0 -1.382136 0 1
-0.681992 0 -1.394324 0 1
-0.503168 0 -1.395724 0 1
-0.37726 0 -1.373005 0 1
-0.233996 0 -1.404266 0 1
-0.096146 0 -1.411017 0 1
0.094525 0 -1.413422 0 1
0.194434 0 -1.395838 0 1
0.358203 0 -1.411537 0 1
0.501281 0 -1.41685 0 1
0.67002 0 -1.375837 0 1
0.812307 0 -1.369683 0 1
0.958523 0 -1.395113 0 1
1.087575 0 -1.415137 0 1
1.26456 0 -1.390941 0 1
1.420411 0 -1.376774 0 1
1.54262 0 -1.412076 0 1
1.669397 0 -1.415955 0 1
1.824537 0 -1.382014 0 1
1.979147 0 -1.382087 0 1
2.154323 0 -1.407319 0 1
2.274516 0 -1.401667 0 1
2.396313 0 -1.402283 0 1
2.579913 0 -1.373814 0 1
2.730103 0 -1.375632 0 1
2.883637 0 -1.389436 0 1
2.988711 0 -1.384678 0 1
3.168023 0 -1.419822 0 1
3.328045 0 -1.375669 0 1
3.457963 0 -1.413433 0 1
3.596216 0 -1.408004 0 1
3.755855 0 -1.369485 0 1
3.882479 0 -1.381582 0 1
4.020519 0 -1.370461 0 1
4.190817 0 -1.369899 0 1
4.350205 0 -1.385047 0 1
4.498161 0 -1.397176 0 1
4.648072 0 -1.393074 0 1
4.75824 0 -1.385033 0 1
4.937934 0 -1.400254 0 1
5.05985 0 -1.368393 0 1
5.200933 0 -1.418746 0 1
5.358859 0 -1.402777 0 1
5.510525 0 -1.398012 0 1
5.649 0 -1.369756 0 1
5.813614 0 -1.405677 0 1
5.969763 0 -1.394552 0 1
6.101547 0 -1.396275 0 1
6.220049 0 -1.369835 0 1
6.391863 0 -1.385812 0 1
6.521734 0 -1.405685 0 1
6.694741 0 -1.420093 0 1
6.80143 0 -1.405962 0 1
6.977395 0 -1.418106 0 1
7.109005 0 -1.398177 1 1
7.274523 0 -1.420884 1 1
7.399709 0 -1.40241 1 1
7.54818 0 -1.375524 1 1
7.715159 0 -1.380286 1 1
7.834982 0 -1.416373 1 1
8 0 -1.394495 1 1
-8 0 -1.247706 1 1
-7.86533 0 -1.2215 1 1
-7.722448 0 -1.243203 1 1
-7.58179 0 -1.262563 1 1
-7.414261 0 -1.255388 1 1
-7.249583 0 -1.240464 1 1
-7.123358 0 -1.223033 1 1
-6.993713 0 -1.260322 0 1
-6.83615 0 -1.257708 0 1
-6.675522 0 -1.238251 0 1
-6.541491 0 -1.243576 0 1
-6.375634 0 -1.263586 0 1
-6.257784 0 -1.244838 0 1
-6.102256 0 -1.269605 0 1
-5.941431 0 -1.240926 0 1
-5.795743 0 -1.254261 0 1
-5.631511 0 -1.251041 0 1
-5.523684 0 -1.250777 0 1
-5.367666 0 -1.224726 0 1
-5.199775 0 -1.249377 0 1
-5.068042 0 -1.251907 0 1
-4.922173 0 -1.272666 0 1
-4.767529 0 -1.223531 0 1
-4.628032 0 -1.234186 0 1
-4.470976 0 -1.258149 0 1
-4.343875 0 -1.247061 0 1
-4.203183 0 -1.24542 0 1
-4.033232 0 -1.258627 0 1
-3.876415 0 -1.253379 0 1
-3.748248 0 -1.273814 0 1
-3.580082 0 -1.227895 0 1
-3.451643 0 -1.271257 0 1
-3.326284 0 -1.230273 0 1
-3.148043 0 -1.256506 0 1
-3.030449 0 -1.258773 0 1
-2.863365 0 -1.256621 0 1
-2.738802 0 -1.234999 0 1
-2.559591 0 -1.235057 0 1
-2.445639 0 -1.263292 0 1
-2.294034 0 -1.235001 0 1
-2.128688 0 -1.262315 0 1
-1.972368 0 -1.229092 0 1
-1.845384 0 -1.2577 0 1
-1.662224 0 -1.273788 0 1
-1.542079 0 -1.237784 0 1
-1.414856 0 -1.274127 0 1
-1.242222 0 -1.267732 0 1
-1.122221 0 -1.263333 0 1
-0.955516 0 -1.230124 0 1
-0.810308 0 -1.271188 0 1
-0.680535 0 -1.25275 0 1
-0.488254 0 -1.230782 0 1
-0.348915 0 -1.245238 0 1
-0.203184 0 -1.238125 0 1
-0.054407 0 -1.241515 0 1
0.06982 0 -1.240509 0 1
0.203527 0 -1.230873 0 1
0.375294 0 -1.265104 0 1
0.526532 0 -1.24524 0 1
0.659291 0 -1.258802 0 1
0.816193 0 -1.223446 0 1
0.953757 0 -1.238844 0 1
1.095167 0 -1.237262 0 1
1.226956 0 -1.252098 0 1
1.390523 0 -1.27265 0 1
1.539016 0 -1.244313 0 1
1.662234 0 -1.258129 0 1
1.842531 0 -1.226927 0 1
1.987986 0 -1.271876 0 1
2.149951 0 -1.22325 0 1
2.273533 0 -1.235919 0 1
2.410229 0 -1.222249 0 1
2.56129 0 -1.228902 0 1
2.715766 0 -1.255695 0 1
2.873283 0 -1.253486 0 1
2.986069 0 -1.239467 0 1
3.148135 0 -1.236123 0 1
3.29426 0 -1.236335 0 1
3.464692 0 -1.25942 0 1
3.610208 0 -1.25812 0 1
3.737514 0 -1.225715 0 1
3.897578 0 -1.254231 0 1
4.035205 0 -1.239306 0 1
4.187504 0 -1.22512 0 1
4.344828 0 -1.246362 0 1
4.457481 0 -1.257003 0 1
4.647908 0 -1.255734 0 1
4.77685 0 -1.252791 0 1
4.893383 0 -1.229104 0 1
5.04621 0 -1.269027 0 1
5.1902 0 -1.22476 0 1
5.356552 0 -1.233972 0 1
5.530022 0 -1.231401 0 1
5.66367 0 -1.261625 0 1
5.819292 0 -1.264934 0 1
5.965694 0 -1.234188 0 1
6.087519 0 -1.270727 0 1
6.244446 0 -1.268079 0 1
6.403648 0 -1.270277 0 1
6.546027 0 -1.242077 0 1
6.696902 0 -1.225324 0 1
6.816237 0 -1.237205 0 1
6.96601 0 -1.221873 0 1
7.123165 0 -1.263574 1 1
7.252976 0 -1.251008 1 1
7.40154 0 -1.263497 1 1
7.541776 0 -1.231122 1 1
7.722734 0 -1.263967 1 1
7.85755 0 -1.240883 1 1
8 0 -1.247706 1 1
-8 0 -1.100917 1 1
-7.844298 0 -1.116584 1 1
-7.69004 0 -1.080134 1 1
-7.567054 0 -1.105778 1 1
-7.410383 0 -1.123537 1 1
-7.282685 0 -1.088765 1 1
-7.097548 0 -1.093401 1 1
-6.972679 0 -1.083352 0 1
-6.821969 0 -1.102305 0 1
-6.686714 0 -1.094657 0 1
-6.529008 0 -1.120054 0 1
-6.408194 0 -1.104748 0 1
-6.245079 0 -1.123595 0 1
-6.114036 0 -1.085995 0 1
-5.955617 0 -1.121108 0 1
-5.812403 0 -1.095554 0 1
-5.660311 0 -1.115501 0 1
-5.481303 0 -1.078603 0 1
-5.370936 0 -1.090176 0 1
-5.23384 0 -1.081287 0 1
-5.039483 0 -1.123388 0 1
-4.913449 0 -1.082253 0 1
-4.747824 0 -1.100915 0 1
-4.629179 0 -1.124346 0 1
-4.466627 0 -1.12148 0 1
-4.331809 0 -1.078861 0 1
-4.196007 0 -1.125755 0 1
-4.045256 0 -1.113553 0 1
-3.898652 0 -1.086928 0 1
-3.762181 0 -1.098429 0 1
-3.583971 0 -1.078502 0 1
-3.44091 0 -1.080928 0 1
-3.316723 0 -1.123486 0 1
-3.132289 0 -1.079551 0 1
-2.998442 0 -1.086883 0 1
-2.886939 0 -1.075496 0 1
-2.691821 0 -1.095731 0 1
-2.562866 0 -1.123081 0 1
-2.419301 0 -1.077317 0 1
-2.287357 0 -1.125134 0 1
-2.152981 0 -1.100516 0 1
-1.973707 0 -1.104536 0 1
-1.845251 0 -1.082431 0 1
-1.663159 0 -1.126206 0 1
-1.564781 0 -1.086459 0 1
-1.378042 0 -1.099111 0 1
-1.228667 0 -1.091303 0 1
-1.088345 0 -1.098143 0 1
-0.977795 0 -1.086878 0 1
-0.797012 0 -1.104631 0 1
-0.664417 0 -1.120059 0 1
-0.51704 0 -1.079931 0 1
-0.341473 0 -1.107908 0 1
-0.236372 0 -1.104272 0 1
-0.096756 0 -1.115078 0 1
0.078077 0 -1.115337 0 1
0.233261 0 -1.080396 0 1
0.382465 0 -1.097321 0 1
0.539705 0 -1.126552 0 1
0.672167 0 -1.084397 0 1
0.784966 0 -1.120643 0 1
0.93725 0 -1.125029 0 1
1.092973 0 -1.092716 0 1
1.234191 0 -1.111887 0 1
1.400103 0 -1.102043 0 1
1.521329 0 -1.123281 0 1
1.674873 0 -1.098611 0 1
1.834594 0 -1.088488 0 1
1.974092 0 -1.078982 0 1
2.113659 0 -1.089655 0 1
2.298556 0 -1.08611 0 1
2.411063 0 -1.092798 0 1
2.570226 0 -1.113202 0 1
2.726047 0 -1.100735 0 1
2.838817 0 -1.079757 0 1
3.020034 0 -1.094477 0 1
3.144326 0 -1.116583 0 1
3.283577 0 -1.075767 0 1
3.435302 0 -1.088134 0 1
3.581046 0 -1.107661 0 1
3.759838 0 -1.119838 0 1
3.915163 0 -1.090436 0 1
4.044619 0 -1.103361 0 1
4.163101 0 -1.100975 0 1
4.305637 0 -1.112651 0 1
4.470944 0 -1.083628 0 1
4.601896 0 -1.112591 0 1
4.776442 0 -1.101163 0 1
4.936602 0 -1.107012 0 1
5.040145 0 -1.116468 0 1
5.194333 0 -1.104559 0 1
5.334138 0 -1.111214 0 1
5.506783 0 -1.10896 0 1
5.626328 0 -1.095171 0 1
5.818942 0 -1.07858 0 1
5.966485 0 -1.084523 0 1
6.09655 0 -1.087323 0 1
6.230127 0 -1.083519 0 1
6.381837 0 -1.104746 0 1
6.544223 0 -1.088477 0 1
6.655495 0 -1.121568 0 1
6.819775 0 -1.089223 0 1
6.981882 0 -1.081972 0 1
7.14241 0 -1.102846 1 1
7.269892 0 -1.097308 1 1
7.413843 0 -1.11875 1 1
7.55336 0 -1.087937 1 1
7.728863 0 -1.120371 1 1
7.827591 0 -1.085086 1 1
8 0 -1.100917 1 1
-8 0 -0.954128 1 1
-7.82938 0 -0.97603 1 1
-7.719637 0 -0.951866 1 1
-7.568218 0 -0.959698 1 1
-7.406738 0 -0.961437 1 1
-7.257641 0 -0.939204 1 1
-7.102871 0 -0.948421 1 1
-6.99233 0 -0.950512 0 1
-6.835148 0 -0.966572 0 1
-6.695873 0 -0.956098 0 1
-6.535286 0 -0.955902 0 1
-6.360702 0 -0.955174 0 1
-6.220337 0 -0.969039 0 1
-6.115069 0 -0.930939 0 1
-5.956768 0 -0.948298 0 1
-5.807993 0 -0.977166 0 1
-5.668297 0 -0.940073 0 1
-5.516417 0 -0.934626 0 1
-5.377497 0 -0.947241 0 1
-5.229668 0 -0.947896 0 1
-5.088022 0 -0.974503 0 1
-4.941819 0 -0.944382 0 1
-4.751588 0 -0.949907 0 1
-4.648058 0 -0.942642 0 1
-4.500273 0 -0.942791 0 1
-4.343008 0 -0.966946 0 1
-4.17406 0 -0.935237 0 1
-4.044448 0 -0.942592 0 1
-3.884593 0 -0.962069 0 1
-3.765447 0 -0.957098 0 1
-3.595747 0 -0.968028 0 1
-3.458747 0 -0.960926 0 1
-3.2857 0 -0.958569 0 1
-3.148465 0 -0.934267 0 1
-3.028035 0 -0.963295 0 1
-2.847158 0 -0.962848 0 1
-2.720451 0 -0.946097 0 1
-2.570356 0 -0.929107 0 1
-2.415576 0 -0.972079 0 1
-2.299294 0 -0.931389 0 1
-2.106675 0 -0.979201 0 1
-1.975889 0 -0.937851 0 1
-1.834292 0 -0.939286 0 1
-1.687641 0 -0.949822 0 1
-1.549525 0 -0.969196 0 1
-1.377018 0 -0.978828 0 1
-1.23575 0 -0.960412 0 1
-1.074611 0 -0.976405 0 1
-0.976465 0 -0.931114 0 1
-0.821894 0 -0.953944 0 1
-0.656617 0 -0.95158 0 1
-0.51809 0 -0.941813 0 1
-0.348604 0 -0.952662 0 1
-0.243888 0 -0.955591 0 1
-0.072103 0 -0.957245 0 1
0.061197 0 -0.936372 0 1
0.209248 0 -0.967655 0 1
0.353395 0 -0.939985 0 1
0.506467 0 -0.956463 0 1
0.673666 0 -0.974451 0 1
0.793655 0 -0.941826 0 1
0.974221 0 -0.961427 0 1
1.093096 0 -0.95383 0 1
1.269617 0 -0.946026 0 1
1.400056 0 -0.956825 0 1
1.536996 0 -0.950464 0 1
1.705342 0 -0.97393 0 1
1.83685 0 -0.93952 0 1
1.97677 0 -0.94965 0 1
2.109318 0 -0.966796 0 1
2.263968 0 -0.963966 0 1
2.399903 0 -0.958302 0 1
2.594344 0 -0.950112 0 1
2.722605 0 -0.939721 0 1
2.883516 0 -0.934238 0 1
2.983572 0 -0.974167 0 1
3.143459 0 -0.951244 0 1
3.325482 0 -0.941295 0 1
3.429799 0 -0.97875 0 1
3.592706 0 -0.944086 0 1
3.769009 0 -0.973555 0 1
3.909296 0 -0.932007 0 1
4.05806 0 -0.961824 0 1
4.178324 0 -0.951119 0 1
4.341477 0 -0.97426 0 1
4.498066 0 -0.933078 0 1
4.628687 0 -0.947965 0 1
4.796754 0 -0.97816 0 1
4.930048 0 -0.961793 0 1
5.06152 0 -0.958944 0 1
5.208354 0 -0.936436 0 1
5.346663 0 -0.955338 0 1
5.485278 0 -0.970856 0 1
5.66543 0 -0.932127 0 1
5.821238 0 -0.976123 0 1
5.965859 0 -0.949185 0 1
6.084867 0 -0.946233 0 1
6.232158 0 -0.957374 0 1
6.385779 0 -0.949474 0 1
6.555613 0 -0.97543 0 1
6.66819 0 -0.962524 0 1
6.829077 0 -0.933133 0 1
6.976696 0 -0.935947 0 1
7.115392 0 -0.963492 1 1
7.256468 0 -0.971122 1 1
7.393989 0 -0.937536 1 1
7.572032 0 -0.928277 1 1
7.691133 0 -0.953117 1 1
7.857182 0 -0.948026 1 1
8 0 -0.954128 1 1
-8 0 -0.807339 1 1
-7.874377 0 -0.818712 1 1
-7.726579 0 -0.81929 1 1
-7.562861 0 -0.786976 1 1
-7.424022 0 -0.785267 1 1
-7.240225 0 -0.793945 1 1
-7.096833 0 -0.798544 1 1
-6.991448 0 -0.822831 0 1
-6.807785 0 -0.793871 0 1
-6.703876 0 -0.786068 0 1
-6.507809 0 -0.805235 0 1
-6.369521 0 -0.833409 0 1
-6.220961 0 -0.832399 0 1
-6.10743 0 -0.783993 0 1
-5.941193 0 -0.795075 0 1
-5.797061 0 -0.789846 0 1
-5.662212 0 -0.827969 0 1
-5.493684 0 -0.789122 0 1
-5.360736 0 -0.810919 0 1
-5.22353 0 -0.788078 0 1
-5.038164 0 -0.795099 0 1
-4.937699 0 -0.815069 0 1
-4.792886 0 -0.791839 0 1
-4.611839 0 -0.816475 0 1
-4.476691 0 -0.819171 0 1
-4.323373 0 -0.806661 0 1
-4.168846 0 -0.796411 0 1
-4.046483 0 -0.784895 0 1
-3.893429 0 -0.784491 0 1
-3.727573 0 -0.816982 0 1
-3.578288 0 -0.798825 0 1
-3.429589 0 -0.831878 0 1
-3.295645 0 -0.83334 0 1
-3.175152 0 -0.813881 0 1
-2.985756 0 -0.798179 0 1
-2.874789 0 -0.825759 0 1
-2.69901 0 -0.794997 0 1
-2.580296 0 -0.823268 0 1
-2.402156 0 -0.783516 0 1
-2.256356 0 -0.794158 0 1
-2.154693 0 -0.830207 0 1
-1.9786 0 -0.822741 0 1
-1.851872 0 -0.811664 0 1
-1.700594 0 -0.813665 0 1
-1.536851 0 -0.800062 0 1
-1.395329 0 -0.799046 0 1
-1.264613 0 -0.817903 0 1
-1.115085 0 -0.818325 0 1
-0.954918 0 -0.791658 0 1
-0.813036 0 -0.814889 0 1
-0.661557 0 -0.82866 0 1
-0.534246 0 -0.787211 0 1
-0.353499 0 -0.818581 0 1
-0.19538 0 -0.816566 0 1
-0.064812 0 -0.827641 0 1
0.071531 0 -0.816909 0 1
0.199761 0 -0.796931 0 1
0.377796 0 -0.792877 0 1
0.512902 0 -0.791237 0 1
0.659978 0 -0.81199 0 1
0.793328 0 -0.818388 0 1
0.954524 0 -0.78674 0 1
1.115863 0 -0.830548 0 1
1.262069 0 -0.819937 0 1
1.384858 0 -0.813079 0 1
1.538217 0 -0.812694 0 1
1.709865 0 -0.819583 0 1
1.846921 0 -0.815803 0 1
1.998484 0 -0.817459 0 1
2.123674 0 -0.803508 0 1
2.257608 0 -0.822865 0 1
2.428639 0 -0.783672 0 1
2.574795 0 -0.81634 0 1
2.721143 0 -0.832709 0 1
2.874129 0 -0.791359 0 1
2.987522 0 -0.796521 0 1
3.177747 0 -0.793238 0 1
3.305547 0 -0.799152 0 1
3.450527 0 -0.814627 0 1
3.580395 0 -0.825465 0 1
3.745006 0 -0.78833 0 1
3.875605 0 -0.791418 0 1
4.058398 0 -0.816244 0 1
4.168458 0 -0.795009 0 1
4.353527 0 -0.831855 0 1
4.451701 0 -0.784069 0 1
4.602849 0 -0.812733 0 1
4.769844 0 -0.825468 0 1
4.90694 0 -0.821607 0 1
5.078616 0 -0.820693 0 1
5.198985 0 -0.827228 0 1
5.372809 0 -0.799134 0 1
5.485098 0 -0.794629 0 1
5.639222 0 -0.829274 0 1
5.775648 0 -0.795602 0 1
5.95882 0 -0.811811 0 1
6.0661 0 -0.789888 0 1
6.244074 0 -0.825737 0 1
6.397786 0 -0.791876 0 1
6.515955 0 -0.801754 0 1
6.668974 0 -0.816654 0 1
6.826341 0 -0.832523 0 1
6.960537 0 -0.823052 0 1
7.106809 0 -0.799093 1 1
7.264544 0 -0.818371 1 1
7.39134 0 -0.782667 1 1
7.562856 0 -0.808219 1 1
7.727965 0 -0.805585 1 1
7.839715 0 -0.832852 1 1
8 0 -0.807339 1 1
-8 0 -0.66055 1 1
-7.853368 0 -0.666171 1 1
-7.713147 0 -0.658089 1 1
-7.580332 0 -0.675132 1 1
-7.387733 0 -0.665975 1 1
-7.280211 0 -0.66743 1 1
-7.115929 0 -0.653003 1 1
-6.981332 0 -0.644186 0 1
-6.800544 0 -0.681932 0 1
-6.696377 0 -0.641271 0 1
-6.532648 0 -0.673763 0 1
-6.404275 0 -0.654395 0 1
-6.239932 0 -0.648765 0 1
-6.088222 0 -0.67469 0 1
-5.930823 0 -0.673655 0 1
-5.808129 0 -0.669118 0 1
-5.669839 0 -0.669986 0 1
-5.501136 0 -0.66549 0 1
-5.383926 0 -0.650489 0 1
-5.197532 0 -0.644978 0 1
-5.061811 0 -0.670431 0 1
-4.909398 0 -0.669965 0 1
-4.759605 0 -0.659788 0 1
-4.604901 0 -0.634511 0 1
-4.499183 0 -0.681422 0 1
-4.319746 0 -0.66712 0 1
-4.169911 0 -0.678407 0 1
-4.023584 0 -0.67819 0 1
-3.893206 0 -0.635612 0 1
-3.767477 0 -0.664557 0 1
-3.613731 0 -0.644531 0 1
-3.450218 0 -0.647393 0 1
-3.300264 0 -0.665866 0 1
-3.166704 0 -0.66396 0 1
-3.020048 0 -0.638252 0 1
-2.853049 0 -0.659363 0 1
-2.709514 0 -0.667334 0 1
-2.560869 0 -0.679494 0 1
-2.42079 0 -0.676168 0 1
-2.269205 0 -0.649217 0 1
-2.127416 0 -0.673696 0 1
-1.983613 0 -0.6375 0 1
-1.812294 0 -0.648918 0 1
-1.669451 0 -0.679821 0 1
-1.539996 0 -0.643143 0 1
-1.420398 0 -0.664973 0 1
-1.266183 0 -0.683429 0 1
-1.075712 0 -0.670494 0 1
-0.970633 0 -0.650296 0 1
-0.805346 0 -0.669479 0 1
-0.683743 0 -0.662205 0 1
-0.531916 0 -0.668453 0 1
-0.363846 0 -0.675028 0 1
-0.213376 0 -0.63794 0 1
-0.085307 0 -0.6436 0 1
0.092846 0 -0.656087 0 1
0.209919 0 -0.653971 0 1
0.361861 0 -0.67351 0 1
0.515929 0 -0.652129 0 1
0.638223 0 -0.678918 0 1
0.819528 0 -0.672177 0 1
0.941601 0 -0.681565 0 1
1.116606 0 -0.655936 0 1
1.261766 0 -0.669525 0 1
1.408868 0 -0.65568 0 1
1.529513 0 -0.644312 0 1
1.707696 0 -0.651646 0 1
1.833457 0 -0.678089 0 1
1.996626 0 -0.634705 0 1
2.106845 0 -0.64452 0 1
2.256549 0 -0.678263 0 1
2.441814 0 -0.669886 0 1
2.589731 0 -0.684215 0 1
2.716215 0 -0.663738 0 1
2.871096 0 -0.669688 0 1
3.009194 0 -0.680774 0 1
3.159142 0 -0.667034 0 1
3.296703 0 -0.661899 0 1
3.439594 0 -0.659389 0 1
3.597952 0 -0.640296 0 1
3.761202 0 -0.636487 0 1
3.91345 0 -0.642921 0 1
4.047866 0 -0.64259 0 1
4.186683 0 -0.661074 0 1
4.345545 0 -0.650755 0 1
4.480124 0 -0.663963 0 1
4.61583 0 -0.685636 0 1
4.763545 0 -0.662343 0 1
4.926417 0 -0.648476 0 1
5.049095 0 -0.657391 0 1
5.23732 0 -0.63733 0 1
5.351587 0 -0.677513 0 1
5.517673 0 -0.686409 0 1
5.648315 0 -0.659176 0 1
5.77204 0 -0.67057 0 1
5.923505 0 -0.66748 0 1
6.078731 0 -0.638273 0 1
6.244175 0 -0.685201 0 1
6.373429 0 -0.661674 0 1
6.508009 0 -0.650219 0 1
6.665849 0 -0.653931 0 1
6.850585 0 -0.643465 0 1
6.991669 0 -0.637956 0 1
7.145542 0 -0.653562 1 1
7.265542 0 -0.661954 1 1
7.432657 0 -0.647308 1 1
7.575879 0 -0.684954 1 1
7.681524 0 -0.639716 1 1
7.834884 0 -0.648069 1 1
8 0 -0.66055 1 1
-8 0 -0.513761 1 1
-7.83361 0 -0.533227 1 1
-7.710672 0 -0.495488 1 1
-7.583093 0 -0.506497 1 1
-7.435973 0 -0.535032 1 1
-7.263725 0 -0.488216 1 1
-7.135427 0 -0.507737 1 1
-6.998018 0 -0.495939 0 1
-6.807286 0 -0.523459 0 1
-6.667838 0 -0.492321 0 1
-6.527521 0 -0.490283 0 1
-6.384458 0 -0.490481 0 1
-6.243649 0 -0.495915 0 1
-6.082779 0 -0.536751 0 1
-5.927777 0 -0.513681 0 1
-5.786066 0 -0.535746 0 1
-5.654367 0 -0.525624 0 1
-5.52051 0 -0.513473 0 1
-5.37508 0 -0.500718 0 1
-5.193155 0 -0.540013 0 1
-5.076175 0 -0.521652 0 1
-4.925809 0 -0.510159 0 1
-4.760269 0 -0.510264 0 1
-4.625808 0 -0.53404 0 1
-4.498701 0 -0.501631 0 1
-4.346886 0 -0.508945 0 1
-4.158873 0 -0.499667 0 1
-4.021439 0 -0.528689 0 1
-3.896539 0 -0.535889 0 1
-3.731268 0 -0.527145 0 1
-3.578506 0 -0.506241 0 1
-3.428326 0 -0.530086 0 1
-3.289233 0 -0.533169 0 1
-3.179567 0 -0.50288 0 1
-3.02619 0 -0.532763 0 1
-2.872133 0 -0.528243 0 1
-2.732071 0 -0.493492 0 1
-2.58587 0 -0.524598 0 1
-2.411579 0 -0.526204 0 1
-2.275764 0 -0.509603 0 1
-2.136427 0 -0.506267 0 1
-1.984311 0 -0.506838 0 1
-1.817332 0 -0.538242 0 1
-1.670385 0 -0.519803 0 1
-1.539279 0 -0.529051 0 1
-1.383811 0 -0.521851 0 1
-1.231277 0 -0.498105 0 1
-1.116377 0 -0.503211 0 1
-0.953929 0 -0.49633 0 1
-0.791788 0 -0.535387 0 1
-0.646102 0 -0.526538 0 1
-0.515469 0 -0.538522 0 1
-0.387302 0 -0.505395 0 1
-0.236754 0 -0.532795 0 1
-0.068807 0 -0.520511 0 1
0.066943 0 -0.509091 0 1
0.19555 0 -0.503125 0 1
0.373814 0 -0.494245 0 1
0.487757 0 -0.517915 0 1
0.651816 0 -0.505947 0 1
0.786213 0 -0.491929 0 1
0.943891 0 -0.515514 0 1
1.084333 0 -0.539034 0 1
1.264047 0 -0.516063 0 1
1.39851 0 -0.517198 0 1
1.535965 0 -0.496106 0 1
1.674998 0 -0.520461 0 1
1.826295 0 -0.504326 0 1
1.971092 0 -0.488884 0 1
2.148385 0 -0.499854 0 1
2.296413 0 -0.513394 0 1
2.417843 0 -0.499278 0 1
2.592798 0 -0.519006 0 1
2.690683 0 -0.513117 0 1
2.884704 0 -0.493332 0 1
3.033759 0 -0.49036 0 1
3.140029 0 -0.488796 0 1
3.316061 0 -0.53332 0 1
3.440724 0 -0.489458 0 1
3.621184 0 -0.52384 0 1
3.757166 0 -0.49783 0 1
3.887727 0 -0.531446 0 1
4.01032 0 -0.532389 0 1
4.203723 0 -0.524263 0 1
4.308101 0 -0.527703 0 1
4.461387 0 -0.535419 0 1
4.610364 0 -0.504 0 1
4.788909 0 -0.520406 0 1
4.916234 0 -0.521968 0 1
5.062677 0 -0.503891 0 1
5.221513 0 -0.491946 0 1
5.366699 0 -0.496252 0 1
5.515485 0 -0.499861 0 1
5.630018 0 -0.533393 0 1
5.812065 0 -0.533127 0 1
5.959394 0 -0.492728 0 1
6.108642 0 -0.501588 0 1
6.234547 0 -0.519371 0 1
6.362686 0 -0.514379 0 1
6.544815 0 -0.509194 0 1
6.664192 0 -0.508027 0 1
6.839842 0 -0.520677 0 1
6.964014 0 -0.49668 0 1
7.125109 0 -0.500461 1 1
7.287963 0 -0.506069 1 1
7.393719 0 -0.53025 1 1
7.544373 0 -0.517175 1 1
7.697945 0 -0.505621 1 1
7.849285 0 -0.525125 1 1
8 0 -0.513761 1 1
-8 0 -0.366972 1 1
-7.859192 0 -0.349995 1 1
-7.731004 0 -0.342743 1 1
-7.563769 0 -0.384752 1 1
-7.403208 0 -0.34931 1 1
-7.267909 0 -0.389027 1 1
-7.109434 0 -0.388036 1 1
-6.953323 0 -0.350932 0 1
-6.851464 0 -0.376536 0 1
-6.674953 0 -0.373103 0 1
-6.534504 0 -0.367705 0 1
-6.361017 0 -0.372167 0 1
-6.224192 0 -0.377385 0 1
-6.104497 0 -0.359885 0 1
-5.939478 0 -0.350991 0 1
-5.800793 0 -0.373693 0 1
-5.652774 0 -0.375688 0 1
-5.502736 0 -0.374114 0 1
-5.342711 0 -0.341569 0 1
-5.209333 0 -0.37313 0 1
-5.054987 0 -0.385447 0 1
-4.926039 0 -0.344029 0 1
-4.765878 0 -0.382952 0 1
-4.607322 0 -0.354944 0 1
-4.479443 0 -0.390829 0 1
-4.34181 0 -0.386971 0 1
-4.184035 0 -0.373995 0 1
-4.016132 0 -0.357123 0 1
-3.902996 0 -0.375562 0 1
-3.753892 0 -0.350106 0 1
-3.594071 0 -0.38395 0 1
-3.457104 0 -0.392469 0 1
-3.312019 0 -0.359787 0 1
-3.150902 0 -0.374516 0 1
-3.033662 0 -0.35436 0 1
-2.875669 0 -0.388953 0 1
-2.737021 0 -0.354988 0 1
-2.561783 0 -0.370613 0 1
-2.433924 0 -0.342038 0 1
-2.265242 0 -0.380495 0 1
-2.111236 0 -0.349274 0 1
-1.969355 0 -0.365728 0 1
-1.83706 0 -0.38935 0 1
-1.694795 0 -0.38564 0 1
-1.516086 0 -0.35969 0 1
-1.374307 0 -0.373213 0 1
-1.222327 0 -0.389232 0 1
-1.07833 0 -0.3538 0 1
-0.958222 0 -0.392212 0 1
-0.783541 0 -0.379821 0 1
-0.652471 0 -0.346737 0 1
-0.495961 0 -0.37049 0 1
-0.387242 0 -0.383267 0 1
-0.232814 0 -0.377372 0 1
-0.072653 0 -0.348253 0 1
0.059853 0 -0.351175 0 1
0.213538 0 -0.368404 0 1
0.38075 0 -0.370305 0 1
0.526807 0 -0.352266 0 1
0.648759 0 -0.357913 0 1
0.812868 0 -0.34532 0 1
0.963546 0 -0.378985 0 1
1.096013 0 -0.392405 0 1
1.243179 0 -0.386537 0 1
1.382186 0 -0.361737 0 1
1.566433 0 -0.376582 0 1
1.673347 0 -0.392439 0 1
1.825594 0 -0.390027 0 1
1.97044 0 -0.355768 0 1
2.145719 0 -0.362327 0 1
2.282351 0 -0.376022 0 1
2.416155 0 -0.344256 0 1
2.543049 0 -0.375396 0 1
2.707478 0 -0.369912 0 1
2.860374 0 -0.354154 0 1
2.993883 0 -0.356524 0 1
3.165105 0 -0.379883 0 1
3.278035 0 -0.348356 0 1
3.474258 0 -0.36003 0 1
3.599571 0 -0.375147 0 1
3.727665 0 -0.34135 0 1
3.882996 0 -0.377973 0 1
4.026939 0 -0.357751 0 1
4.158627 0 -0.360374 0 1
4.312664 0 -0.374813 0 1
4.473446 0 -0.340771 0 1
4.598668 0 -0.341958 0 1
4.773625 0 -0.367461 0 1
4.903413 0 -0.344716 0 1
5.044758 0 -0.361312 0 1
5.229487 0 -0.38827 0 1
5.342912 0 -0.340966 0 1
5.508326 0 -0.383955 0 1
5.633363 0 -0.352307 0 1
5.810555 0 -0.372198 0 1
5.94012 0 -0.353694 0 1
6.087419 0 -0.361728 0 1
6.228989 0 -0.374203 0 1
6.364481 0 -0.34664 0 1
6.556431 0 -0.35314 0 1
6.66927 0 -0.36509 0 1
6.81999 0 -0.347998 0 1
6.972204 0 -0.368879 0 1
7.136501 0 -0.369643 1 1
7.288456 0 -0.384008 1 1
7.401663 0 -0.365246 1 1
7.550864 0 -0.368874 1 1
7.689103 0 -0.34545 1 1
7.847047 0 -0.358882 1 1
8 0 -0.366972 1 1
-8 0 -0.220183 1 1
-7.82815 0 -0.224924 1 1
-7.699213 0 -0.213902 1 1
-7.578732 0 -0.213846 1 1
-7.38648 0 -0.214922 1 1
-7.253787 0 -0.196642 1 1
-7.128513 0 -0.233398 1 1
-6.968815 0 -0.221668 0 1
-6.847303 0 -0.227038 0 1
-6.66606 0 -0.199917 0 1
-6.523966 0 -0.217433 0 1
-6.366116 0 -0.201672 0 1
-6.256426 0 -0.227103 0 1
-6.071945 0 -0.237347 0 1
-5.921854 0 -0.197916 0 1
-5.807533 0 -0.231123 0 1
-5.630532 0 -0.235666 0 1
-5.506639 0 -0.233656 0 1
-5.352342 0 -0.194305 0 1
-5.195328 0 -0.195199 0 1
-5.064209 0 -0.240732 0 1
-4.911935 0 -0.2291 0 1
-4.748439 0 -0.238189 0 1
-4.62585 0 -0.195744 0 1
-4.503122 0 -0.244897 0 1
-4.320929 0 -0.200786 0 1
-4.1573 0 -0.201045 0 1
-4.059401 0 -0.224565 0 1
-3.902589 0 -0.20877 0 1
-3.763148 0 -0.205567 0 1
-3.588557 0 -0.218378 0 1
-3.47471 0 -0.221198 0 1
-3.290808 0 -0.231124 0 1
-3.161332 0 -0.203151 0 1
-2.994972 0 -0.227403 0 1
-2.850938 0 -0.219573 0 1
-2.707689 0 -0.223957 0 1
-2.588674 0 -0.238891 0 1
-2.434569 0 -0.202997 0 1
-2.261829 0 -0.240698 0 1
-2.145934 0 -0.224787 0 1
-1.990115 0 -0.19836 0 1
-1.819244 0 -0.235504 0 1
-1.709363 0 -0.212678 0 1
-1.563792 0 -0.199088 0 1
-1.394941 0 -0.233673 0 1
-1.260389 0 -0.231001 0 1
-1.103841 0 -0.204997 0 1
-0.943583 0 -0.216578 0 1
-0.802349 0 -0.206374 0 1
-0.67915 0 -0.231364 0 1
-0.528504 0 -0.227008 0 1
-0.374227 0 -0.231216 0 1
-0.196679 0 -0.23824 0 1
-0.066319 0 -0.22149 0 1
0.070217 0 -0.231023 0 1
0.233063 0 -0.209875 0 1
0.348293 0 -0.231157 0 1
0.507644 0 -0.212956 0 1
0.635608 0 -0.23542 0 1
0.796927 0 -0.215732 0 1
0.941415 0 -0.208498 0 1
1.113888 0 -0.193967 0 1
1.242731 0 -0.213924 0 1
1.377079 0 -0.228416 0 1
1.5231 0 -0.20155 0 1
1.67826 0 -0.226823 0 1
1.854172 0 -0.220963 0 1
1.964166 0 -0.21885 0 1
2.111287 0 -0.199197 0 1
2.249559 0 -0.196565 0 1
2.413688 0 -0.23026 0 1
2.554239 0 -0.231898 0 1
2.730288 0 -0.204897 0 1
2.870312 0 -0.227767 0 1
3.007025 0 -0.198375 0 1
3.177434 0 -0.202218 0 1
3.321023 0 -0.205224 0 1
3.450816 0 -0.234537 0 1
3.580611 0 -0.211504 0 1
3.737755 0 -0.241382 0 1
3.880899 0 -0.243055 0 1
4.039513 0 -0.218347 0 1
4.196235 0 -0.200493 0 1
4.355135 0 -0.243648 0 1
4.480589 0 -0.233502 0 1
4.610963 0 -0.207531 0 1
4.780667 0 -0.212214 0 1
4.903961 0 -0.210162 0 1
5.061899 0 -0.244479 0 1
5.216776 0 -0.217437 0 1
5.336204 0 -0.236564 0 1
5.522062 0 -0.243241 0 1
5.672679 0 -0.218991 0 1
5.774959 0 -0.234579 0 1
5.949482 0 -0.215889 0 1
6.089855 0 -0.218232 0 1
6.253403 0 -0.229756 0 1
6.392397 0 -0.236226 0 1
6.511839 0 -0.242199 0 1
6.662908 0 -0.217945 0 1
6.810627 0 -0.220858 0 1
6.976141 0 -0.215865 0 1
7.13835 0 -0.240712 1 1
7.28648 0 -0.205525 1 1
7.396716 0 -0.204026 1 1
7.565679 0 -0.222495 1 1
7.680026 0 -0.206731 1 1
7.858567 0 -0.220574 1 1
8 0 -0.220183 1 1
-8 0 -0.073394 1 1
-7.870304 0 -0.073009 1 1
-7.705672 0 -0.049539 1 1
-7.570221 0 -0.053987 1 1
-7.426107 0 -0.085269 1 1
-7.262818 0 -0.083498 1 1
-7.122434 0 -0.048176 1 1
-6.948925 0 -0.074051 0 1
-6.835242 0 -0.048328 0 1
-6.680458 0 -0.091196 0 1
-6.555068 0 -0.076987 0 1
-6.395645 0 -0.05092 0 1
-6.241534 0 -0.066108 0 1
-6.089704 0 -0.090164 0 1
-5.930222 0 -0.059504 0 1
-5.81332 0 -0.0733 0 1
-5.660887 0 -0.071788 0 1
-5.525571 0 -0.08396 0 1
-5.35201 0 -0.069642 0 1
-5.229262 0 -0.091552 0 1
-5.050143 0 -0.058291 0 1
-4.898811 0 -0.067575 0 1
-4.788761 0 -0.04926 0 1
-4.598427 0 -0.065283 0 1
-4.461806 0 -0.058611 0 1
-4.342462 0 -0.050521 0 1
-4.184967 0 -0.054569 0 1
-4.047075 0 -0.092155 0 1
-3.898695 0 -0.081113 0 1
-3.730161 0 -0.076052 0 1
-3.600278 0 -0.07902 0 1
-3.453921 0 -0.059538 0 1
-3.307821 0 -0.048628 0 1
-3.163699 0 -0.057257 0 1
-2.984074 0 -0.059283 0 1
-2.887778 0 -0.062596 0 1
-2.730995 0 -0.061945 0 1
-2.579651 0 -0.080081 0 1
-2.431433 0 -0.058021 0 1
-2.284441 0 -0.070225 0 1
-2.144323 0 -0.088456 0 1
-1.981496 0 -0.054561 0 1
-1.855639 0 -0.086968 0 1
-1.697296 0 -0.074468 0 1
-1.529592 0 -0.074987 0 1
-1.369599 0 -0.097386 0 1
-1.239282 0 -0.06347 0 1
-1.07931 0 -0.074079 0 1
-0.965747 0 -0.067756 0 1
-0.813944 0 -0.094456 0 1
-0.653172 0 -0.085229 0 1
-0.52066 0 -0.051009 0 1
-0.387527 0 -0.09272 0 1
-0.206982 0 -0.082666 0 1
-0.05885 0 -0.077951 0 1
0.054993 0 -0.091868 0 1
0.209554 0 -0.089248 0 1
0.345201 0 -0.086858 0 1
0.517605 0 -0.059508 0 1
0.647906 0 -0.071755 0 1
0.796317 0 -0.098662 0 1
0.968507 0 -0.096223 0 1
1.116026 0 -0.062223 0 1
1.237875 0 -0.054718 0 1
1.415903 0 -0.076257 0 1
1.561607 0 -0.090086 0 1
1.6864 0 -0.075466 0 1
1.826038 0 -0.064006 0 1
1.992435 0 -0.086322 0 1
2.141527 0 -0.098594 0 1
2.255106 0 -0.078109 0 1
2.416539 0 -0.074115 0 1
2.544923 0 -0.071894 0 1
2.73742 0 -0.072747 0 1
2.836819 0 -0.076713 0 1
2.984448 0 -0.073172 0 1
3.171726 0 -0.058062 0 1
3.30233 0 -0.069441 0 1
3.456642 0 -0.061006 0 1
3.599781 0 -0.048334 0 1
3.757947 0 -0.071716 0 1
3.905687 0 -0.055095 0 1
4.014911 0 -0.051068 0 1
4.189301 0 -0.047345 0 1
4.343587 0 -0.059279 0 1
4.473415 0 -0.085186 0 1
4.621279 0 -0.053285 0 1
4.783269 0 -0.065444 0 1
4.894868 0 -0.065582 0 1
5.055755 0 -0.07193 0 1
5.221186 0 -0.056473 0 1
5.354226 0 -0.098681 0 1
5.508537 0 -0.099481 0 1
5.668721 0 -0.098819 0 1
5.783645 0 -0.077244 0 1
5.932211 0 -0.088038 0 1
6.100966 0 -0.082557 0 1
6.2363 0 -0.064654 0 1
6.399585 0 -0.069461 0 1
6.524429 0 -0.053297 0 1
6.698306 0 -0.091752 0 1
6.840114 0 -0.088923 0 1
6.955651 0 -0.098431 0 1
7.124652 0 -0.055179 1 1
7.280823 0 -0.071277 1 1
7.43687 0 -0.082512 1 1
7.549875 0 -0.087657 1 1
7.691034 0 -0.083808 1 1
7.84921 0 -0.085492 1 1
8 0 -0.073394 1 1
-8 0 0.073394 1 1
-7.830155 0 0.058452 1 1
-7.714066 0 0.054229 1 1
-7.538555 0 0.070205 1 1
-7.395186 0 0.066795 1 1
-7.269017 0 0.086285 1 1
-7.106588 0 0.067075 1 1
-6.975288 0 0.068067 0 1
-6.841244 0 0.06708 0 1
-6.66228 0 0.051879 0 1
-6.549279 0 0.095234 0 1
-6.373457 0 0.053404 0 1
-6.224972 0 0.053333 0 1
-6.092319 0 0.078935 0 1
-5.93176 0 0.063718 0 1
-5.814495 0 0.099032 0 1
-5.635534 0 0.065989 0 1
-5.517519 0 0.052891 0 1
-5.360073 0 0.047356 0 1
-5.194976 0 0.068126 0 1
-5.045329 0 0.065715 0 1
-4.893877 0 0.091178 0 1
-4.774122 0 0.091774 0 1
-4.634385 0 0.099801 0 1
-4.499023 0 0.080982 0 1
-4.336105 0 0.071881 0 1
-4.159637 0 0.06149 0 1
-4.02891 0 0.064055 0 1
-3.908893 0 0.060131 0 1
-3.739707 0 0.053734 0 1
-3.614521 0 0.083703 0 1
-3.435681 0 0.050206 0 1
-3.286773 0 0.092754 0 1
-3.147458 0 0.066615 0 1
-3.013673 0 0.055294 0 1
-2.879696 0 0.09645 0 1
-2.691008 0 0.086181 0 1
-2.552409 0 0.05657 0 1
-2.401986 0 0.052753 0 1
-2.293071 0 0.073265 0 1
-2.138689 0 0.080017 0 1
-1.960039 0 0.060986 0 1
-1.844318 0 0.088364 0 1
-1.696973 0 0.093941 0 1
-1.565898 0 0.093054 0 1
-1.37264 0 0.04943 0 1
-1.254204 0 0.0786 0 1
-1.099586 0 0.055331 0 1
-0.979761 0 0.094384 0 1
-0.828893 0 0.099193 0 1
-0.681032 0 0.07211 0 1
-0.488218 0 0.092214 0 1
-0.365032 0 0.054075 0 1
-0.214726 0 0.080626 0 1
-0.083359 0 0.071782 0 1
0.094684 0 0.053747 0 1
0.228447 0 0.066291 0 1
0.372976 0 0.084825 0 1
0.512588 0 0.086538 0 1
0.67915 0 0.057345 0 1
0.792507 0 0.053832 0 1
0.977501 0 0.058892 0 1
1.078839 0 0.051982 0 1
1.242625 0 0.093841 0 1
1.373634 0 0.058927 0 1
1.524619 0 0.081816 0 1
1.679017 0 0.09844 0 1
1.843759 0 0.074447 0 1
1.985729 0 0.093665 0 1
2.142174 0 0.053932 0 1
2.271109 0 0.081913 0 1
2.426213 0 0.096362 0 1
2.544194 0 0.09485 0 1
2.709521 0 0.04951 0 1
2.846421 0 0.056599 0 1
2.990307 0 0.048775 0 1
3.17154 0 0.055527 0 1
3.293374 0 0.077204 0 1
3.448688 0 0.065146 0 1
3.603132 0 0.090145 0 1
3.747199 0 0.070863 0 1
3.874839 0 0.079805 0 1
4.039122 0 0.053199 0 1
4.171824 0 0.087584 0 1
4.352675 0 0.064794 0 1
4.497807 0 0.060463 0 1
4.640076 0 0.072726 0 1
4.773226 0 0.082021 0 1
4.92631 0 0.065065 0 1
5.065228 0 0.050308 0 1
5.203898 0 0.080914 0 1
5.382358 0 0.053643 0 1
5.490167 0 0.071145 0 1
5.630827 0 0.076061 0 1
5.78737 0 0.093122 0 1
5.934757 0 0.070021 0 1
6.117336 0 0.051357 0 1
6.257924 0 0.073644 0 1
6.379908 0 0.096712 0 1
6.558455 0 0.057271 0 1
6.696867 0 0.058696 0 1
6.80015 0 0.085729 0 1
6.964758 0 0.078728 0 1
7.100864 0 0.092414 1 1
7.267379 0 0.089261 1 1
7.405586 0 0.059149 1 1
7.583263 0 0.075026 1 1
7.699789 0 0.052264 1 1
7.835542 0 0.080492 1 1
8 0 0.073394 1 1
-8 0 0.220183 1 1
-7.846966 0 0.238322 1 1
-7.693153 0 0.201796 1 1
-7.536266 0 0.225979 1 1
-7.39391 0 0.208474 1 1
-7.241797 0 0.243905 1 1
-7.13002 0 0.241372 1 1
-6.947534 0 0.240991 0 1
-6.827379 0 0.200955 0 1
-6.655746 0 0.19378 0 1
-6.545251 0 0.22313 0 1
-6.395277 0 0.242539 0 1
-6.232555 0 0.244453 0 1
-6.115036 0 0.215447 0 1
-5.963778 0 0.237223 0 1
-5.784183 0 0.236406 0 1
-5.627548 0 0.206574 0 1
-5.489457 0 0.227903 0 1
-5.363558 0 0.20398 0 1
-5.193342 0 0.197489 0 1
-5.039735 0 0.208358 0 1
-4.896683 0 0.200286 0 1
-4.757978 0 0.243664 0 1
-4.642251 0 0.217192 0 1
-4.467962 0 0.233954 0 1
-4.356128 0 0.19996 0 1
-4.193465 0 0.199184 0 1
-4.029904 0 0.218657 0 1
-3.881431 0 0.209552 0 1
-3.762943 0 0.23302 0 1
-3.598742 0 0.197482 0 1
-3.424229 0 0.241876 0 1
-3.311135 0 0.20814 0 1
-3.130178 0 0.213922 0 1
-2.988506 0 0.199724 0 1
-2.864154 0 0.224674 0 1
-2.695714 0 0.2303 0 1
-2.553247 0 0.233842 0 1
-2.43657 0 0.199207 0 1
-2.248934 0 0.225643 0 1
-2.123206 0 0.21292 0 1
-1.962133 0 0.228898 0 1
-1.817069 0 0.244663 0 1
-1.692212 0 0.227479 0 1
-1.521987 0 0.208569 0 1
-1.382656 0 0.208339 0 1
-1.260829 0 0.220597 0 1
-1.105164 0 0.237955 0 1
-0.9286 0 0.198152 0 1
-0.828417 0 0.236353 0 1
-0.674145 0 0.219918 0 1
-0.508948 0 0.228936 0 1
-0.387901 0 0.235029 0 1
-0.209164 0 0.22339 0 1
-0.055564 0 0.213621 0 1
0.074397 0 0.242655 0 1
0.213979 0 0.225556 0 1
0.371747 0 0.235698 0 1
0.537756 0 0.22418 0 1
0.640336 0 0.234136 0 1
0.799978 0 0.229305 0 1
0.975466 0 0.216053 0 1
1.095302 0 0.233094 0 1
1.239637 0 0.23541 0 1
1.413109 0 0.224059 0 1
1.542487 0 0.243445 0 1
1.704622 0 0.226954 0 1
1.849534 0 0.229118 0 1
1.956584 0 0.22372 0 1
2.103294 0 0.243749 0 1
2.254029 0 0.242413 0 1
2.437972 0 0.232288 0 1
2.587273 0 0.207158 0 1
2.73242 0 0.211942 0 1
2.887411 0 0.206904 0 1
3.006321 0 0.196287 0 1
3.153755 0 0.246129 0 1
3.290237 0 0.235701 0 1
3.434184 0 0.234494 0 1
3.598829 0 0.210771 0 1
3.737905 0 0.21218 0 1
3.906579 0 0.2384 0 1
4.055544 0 0.211399 0 1
4.189637 0 0.232859 0 1
4.348043 0 0.205787 0 1
4.494433 0 0.199114 0 1
4.635581 0 0.227553 0 1
4.760756 0 0.220035 0 1
4.900848 0 0.213985 0 1
5.051785 0 0.231143 0 1
5.203114 0 0.236348 0 1
5.378713 0 0.233647 0 1
5.528859 0 0.210817 0 1
5.630845 0 0.224509 0 1
5.819769 0 0.230764 0 1
5.94815 0 0.233752 0 1
6.093765 0 0.214792 0 1
6.24887 0 0.204257 0 1
6.363684 0 0.225361 0 1
6.552029 0 0.215144 0 1
6.666395 0 0.231592 0 1
6.827423 0 0.214728 0 1
6.994738 0 0.199237 0 1
7.143367 0 0.236807 1 1
7.28653 0 0.209293 1 1
7.416549 0 0.198106 1 1
7.586025 0 0.217147 1 1
7.682155 0 0.222719 1 1
7.862064 0 0.20823 1 1
8 0 0.220183 1 1
-8 0 0.366972 1 1
-7.853502 0 0.384583 1 1
-7.680884 0 0.353516 1 1
-7.574121 0 0.374788 1 1
-7.427853 0 0.341207 1 1
-7.2796 0 0.341648 1 1
-7.113336 0 0.38483 1 1
-6.976994 0 0.369679 0 1
-6.82209 0 0.362339 0 1
-6.660514 0 0.371247 0 1
-6.525385 0 0.387508 0 1
-6.360002 0 0.380014 0 1
-6.227607 0 0.392439 0 1
-6.075709 0 0.354478 0 1
-5.951812 0 0.388113 0 1
-5.775076 0 0.357469 0 1
-5.658929 0 0.39118 0 1
-5.523902 0 0.385993 0 1
-5.332102 0 0.353597 0 1
-5.208987 0 0.347355 0 1
-5.038802 0 0.381992 0 1
-4.917037 0 0.36569 0 1
-4.780498 0 0.383209 0 1
-4.618353 0 0.378604 0 1
-4.465567 0 0.374633 0 1
-4.327418 0 0.392606 0 1
-4.185321 0 0.370897 0 1
-4.060308 0 0.373251 0 1
-3.89006 0 0.3636 0 1
-3.719172 0 0.349605 0 1
-3.593162 0 0.37009 0 1
-3.472922 0 0.358919 0 1
-3.283328 0 0.348365 0 1
-3.146345 0 0.344007 0 1
-2.997608 0 0.370659 0 1
-2.838745 0 0.379008 0 1
-2.704308 0 0.366487 0 1
-2.558016 0 0.390369 0 1
-2.396325 0 0.351923 0 1
-2.27776 0 0.369001 0 1
-2.11921 0 0.358017 0 1
-1.97796 0 0.38684 0 1
-1.81128 0 0.348172 0 1
-1.68598 0 0.376554 0 1
-1.551089 0 0.340908 0 1
-1.388704 0 0.378181 0 1
-1.255192 0 0.346875 0 1
-1.075692 0 0.372989 0 1
-0.952555 0 0.379147 0 1
-0.79505 0 0.353698 0 1
-0.655185 0 0.38065 0 1
-0.530706 0 0.350128 0 1
-0.359077 0 0.366707 0 1
-0.240291 0 0.345259 0 1
-0.049818 0 0.370883 0 1
0.097123 0 0.361025 0 1
0.215299 0 0.377352 0 1
0.34787 0 0.358692 0 1
0.492405 0 0.359318 0 1
0.671503 0 0.387004 0 1
0.807323 0 0.350304 0 1
0.948919 0 0.352527 0 1
1.12658 0 0.374001 0 1
1.239237 0 0.380279 0 1
1.395757 0 0.341629 0 1
1.546894 0 0.392444 0 1
1.664777 0 0.360269 0 1
1.817345 0 0.391471 0 1
1.98319 0 0.340797 0 1
2.12235 0 0.342012 0 1
2.296639 0 0.370321 0 1
2.441008 0 0.391054 0 1
2.552345 0 0.37336 0 1
2.698781 0 0.35209 0 1
2.854208 0 0.386636 0 1
3.030979 0 0.372242 0 1
3.159873 0 0.387658 0 1
3.313658 0 0.387036 0 1
3.432499 0 0.348416 0 1
3.613187 0 0.342154 0 1
3.718746 0 0.368959 0 1
3.914112 0 0.390261 0 1
4.052931 0 0.35702 0 1
4.172465 0 0.358996 0 1
4.313387 0 0.36795 0 1
4.498214 0 0.366848 0 1
4.629323 0 0.393254 0 1
4.792837 0 0.390109 0 1
4.94008 0 0.369508 0 1
5.058346 0 0.364221 0 1
5.190737 0 0.36985 0 1
5.349256 0 0.359875 0 1
5.490819 0 0.383755 0 1
5.634907 0 0.361914 0 1
5.790678 0 0.388988 0 1
5.967208 0 0.383402 0 1
6.113392 0 0.377945 0 1
6.25645 0 0.34577 0 1
6.38637 0 0.375613 0 1
6.522627 0 0.368417 0 1
6.682867 0 0.36866 0 1
6.820096 0 0.369423 0 1
6.956673 0 0.357477 0 1
7.116513 0 0.351016 1 1
7.289531 0 0.363079 1 1
7.409417 0 0.344904 1 1
7.534471 0 0.346063 1 1
7.709659 0 0.372768 1 1
7.842954 0 0.392987 1 1
8 0 0.366972 1 1
-8 0 0.513761 1 1
-7.838904 0 0.528074 1 1
-7.695911 0 0.515217 1 1
-7.583855 0 0.537371 1 1
-7.423037 0 0.518384 1 1
-7.244903 0 0.516023 1 1
-7.111819 0 0.526405 1 1
-6.970665 0 0.489834 0 1
-6.836101 0 0.497287 0 1
-6.65437 0 0.49011 0 1
-6.514915 0 0.53351 0 1
-6.372716 0 0.515029 0 1
-6.255533 0 0.506935 0 1
-6.081217 0 0.535463 0 1
-5.966163 0 0.537539 0 1
-5.777431 0 0.524986 0 1
-5.673942 0 0.498099 0 1
-5.520084 0 0.521182 0 1
-5.383396 0 0.536066 0 1
-5.226544 0 0.52377 0 1
-5.041798 0 0.48759 0 1
-4.93115 0 0.530335 0 1
-4.753135 0 0.539359 0 1
-4.598114 0 0.531019 0 1
-4.48384 0 0.531612 0 1
-4.354332 0 0.494826 0 1
-4.196899 0 0.522667 0 1
-4.016514 0 0.509684 0 1
-3.886181 0 0.532983 0 1
-3.736451 0 0.498166 0 1
-3.576319 0 0.526266 0 1
-3.461557 0 0.523817 0 1
-3.307197 0 0.509198 0 1
-3.16769 0 0.534956 0 1
-2.992437 0 0.513139 0 1
-2.857094 0 0.520448 0 1
-2.72112 0 0.524119 0 1
-2.571496 0 0.522373 0 1
-2.436657 0 0.521033 0 1
-2.29556 0 0.535016 0 1
-2.129046 0 0.497029 0 1
-1.990773 0 0.537198 0 1
-1.84773 0 0.523321 0 1
-1.665318 0 0.508382 0 1
-1.539368 0 0.502384 0 1
-1.390791 0 0.493073 0 1
-1.267819 0 0.530824 0 1
-1.080624 0 0.537552 0 1
-0.951235 0 0.513654 0 1
-0.827044 0 0.539949 0 1
-0.662191 0 0.493118 0 1
-0.528101 0 0.531364 0 1
-0.383646 0 0.527635 0 1
-0.203992 0 0.500115 0 1
-0.0673 0 0.510491 0 1
0.054516 0 0.518887 0 1
0.195931 0 0.536675 0 1
0.381071 0 0.497325 0 1
0.498459 0 0.50414 0 1
0.664186 0 0.537467 0 1
0.798956 0 0.537563 0 1
0.97642 0 0.505841 0 1
1.085099 0 0.521378 0 1
1.241963 0 0.49543 0 1
1.383494 0 0.490703 0 1
1.524584 0 0.497609 0 1
1.696423 0 0.510531 0 1
1.854485 0 0.491006 0 1
1.968217 0 0.515271 0 1
2.131445 0 0.494915 0 1
2.299758 0 0.490336 0 1
2.431782 0 0.509001 0 1
2.570619 0 0.520028 0 1
2.698153 0 0.536632 0 1
2.855535 0 0.494922 0 1
2.988237 0 0.499687 0 1
3.149686 0 0.517075 0 1
3.31933 0 0.52796 0 1
3.429442 0 0.499204 0 1
3.603109 0 0.517124 0 1
3.720604 0 0.521628 0 1
3.911617 0 0.536865 0 1
4.044349 0 0.502266 0 1
4.189619 0 0.511102 0 1
4.343384 0 0.523426 0 1
4.483015 0 0.505578 0 1
4.64964 0 0.511383 0 1
4.792806 0 0.495432 0 1
4.919358 0 0.50637 0 1
5.045429 0 0.521006 0 1
5.193801 0 0.538459 0 1
5.384175 0 0.533945 0 1
5.497616 0 0.488446 0 1
5.667517 0 0.494948 0 1
5.796048 0 0.524895 0 1
5.947147 0 0.499334 0 1
6.086577 0 0.531736 0 1
6.230761 0 0.537112 0 1
6.381154 0 0.509414 0 1
6.544446 0 0.510797 0 1
6.673004 0 0.506551 0 1
6.816494 0 0.508418 0 1
6.984278 0 0.498221 0 1
7.104309 0 0.497431 1 1
7.249917 0 0.533504 1 1
7.421263 0 0.520043 1 1
7.580789 0 0.516309 1 1
7.720372 0 0.508911 1 1
7.860821 0 0.498622 1 1
8 0 0.513761 1 1
-8 0 0.66055 1 1
-7.872165 0 0.63987 1 1
-7.698377 0 0.649999 1 1
-7.542042 0 0.67506 1 1
-7.406313 0 0.636817 1 1
-7.281 0 0.663282 1 1
-7.137406 0 0.654436 1 1
-6.971552 0 0.643657 0 1
-6.828701 0 0.670801 0 1
-6.684925 0 0.669375 0 1
-6.544089 0 0.673549 0 1
-6.381973 0 0.642364 0 1
-6.243717 0 0.675445 0 1
-6.107712 0 0.655863 0 1
-5.946615 0 0.679999 0 1
-5.817688 0 0.68334 0 1
-5.661088 0 0.683433 0 1
-5.498651 0 0.672986 0 1
-5.337933 0 0.669861 0 1
-5.195845 0 0.63866 0 1
-5.090184 0 0.679693 0 1
-4.941066 0 0.679183 0 1
-4.780509 0 0.681783 0 1
-4.639548 0 0.642087 0 1
-4.49223 0 0.678553 0 1
-4.337518 0 0.682177 0 1
-4.179076 0 0.677897 0 1
-4.038014 0 0.67131 0 1
-3.901019 0 0.639492 0 1
-3.739849 0 0.681731 0 1
-3.614719 0 0.656069 0 1
-3.447834 0 0.666801 0 1
-3.32081 0 0.663315 0 1
-3.157571 0 0.68609 0 1
-2.999136 0 0.681881 0 1
-2.837225 0 0.66921 0 1
-2.734269 0 0.657639 0 1
-2.555297 0 0.641294 0 1
-2.428309 0 0.654176 0 1
-2.292644 0 0.635183 0 1
-2.118499 0 0.677352 0 1
-1.958879 0 0.665036 0 1
-1.851676 0 0.68137 0 1
-1.663221 0 0.684151 0 1
-1.537755 0 0.680927 0 1
-1.368717 0 0.680974 0 1
-1.270488 0 0.641259 0 1
-1.111481 0 0.654929 0 1
-0.972651 0 0.686597 0 1
-0.791964 0 0.669476 0 1
-0.636159 0 0.651075 0 1
-0.50259 0 0.684265 0 1
-0.389005 0 0.665983 0 1
-0.204366 0 0.634972 0 1
-0.05273 0 0.656203 0 1
0.055906 0 0.679112 0 1
0.203909 0 0.648938 0 1
0.368052 0 0.68253 0 1
0.513212 0 0.681995 0 1
0.636877 0 0.646748 0 1
0.797121 0 0.657852 0 1
0.950585 0 0.636266 0 1
1.114128 0 0.674277 0 1
1.245492 0 0.638369 0 1
1.397205 0 0.641033 0 1
1.566557 0 0.667112 0 1
1.700473 0 0.635144 0 1
1.828557 0 0.681928 0 1
1.975311 0 0.63603 0 1
2.137524 0 0.670953 0 1
2.266544 0 0.67657 0 1
2.440705 0 0.675565 0 1
2.563903 0 0.652208 0 1
2.739001 0 0.672129 0 1
2.865153 0 0.65996 0 1
2.996844 0 0.682394 0 1
3.178093 0 0.638609 0 1
3.311536 0 0.650965 0 1
3.450006 0 0.640128 0 1
3.612752 0 0.676733 0 1
3.722354 0 0.638061 0 1
3.883218 0 0.642267 0 1
4.052627 0 0.675287 0 1
4.202705 0 0.634638 0 1
4.304564 0 0.676773 0 1
4.496625 0 0.666758 0 1
4.605688 0 0.667215 0 1
4.790266 0 0.658477 0 1
4.937163 0 0.675671 0 1
5.043391 0 0.640574 0 1
5.221797 0 0.644672 0 1
5.370801 0 0.638417 0 1
5.483011 0 0.684404 0 1
5.625157 0 0.675959 0 1
5.78406 0 0.636771 0 1
5.922729 0 0.65106 0 1
6.093293 0 0.659285 0 1
6.222536 0 0.686335 0 1
6.390894 0 0.643961 0 1
6.520911 0 0.669859 0 1
6.698188 0 0.637366 0 1
6.809038 0 0.634462 0 1
6.955348 0 0.644577 0 1
7.100448 0 0.66277 1 1
7.291036 0 0.671118 1 1
7.423564 0 0.638133 1 1
7.543095 0 0.651113 1 1
7.73242 0 0.642712 1 1
7.860361 0 0.665428 1 1
8 0 0.66055 1 1
-8 0 0.807339 1 1
-7.847844 0 0.807691 1 1
-7.717762 0 0.803457 1 1
-7.542487 0 0.819781 1 1
-7.41123 0 0.815522 1 1
-7.241317 0 0.794217 1 1
-7.105828 0 0.784334 1 1
-6.995581 0 0.799108 0 1
-6.81338 0 0.813673 0 1
-6.66211 0 0.785142 0 1
-6.518136 0 0.81876 0 1
-6.411109 0 0.820248 0 1
-6.260292 0 0.811997 0 1
-6.069742 0 0.800019 0 1
-5.935385 0 0.816756 0 1
-5.821106 0 0.794786 0 1
-5.633424 0 0.804739 0 1
-5.491789 0 0.806306 0 1
-5.357814 0 0.821259 0 1
-5.220866 0 0.833714 0 1
-5.080587 0 0.811949 0 1
-4.941597 0 0.799566 0 1
-4.772495 0 0.805312 0 1
-4.601477 0 0.825649 0 1
-4.452107 0 0.805417 0 1
-4.309186 0 0.804812 0 1
-4.2024 0 0.82058 0 1
-4.040946 0 0.782211 0 1
-3.908962 0 0.797654 0 1
-3.717238 0 0.814325 0 1
-3.601645 0 0.781655 0 1
-3.434144 0 0.815888 0 1
-3.320044 0 0.812251 0 1
-3.172667 0 0.785929 0 1
-3.014919 0 0.788839 0 1
-2.870982 0 0.782063 0 1
-2.721291 0 0.796957 0 1
-2.544753 0 0.809946 0 1
-2.436406 0 0.806628 0 1
-2.263407 0 0.803791 0 1
-2.104802 0 0.789363 0 1
-1.956862 0 0.784075 0 1
-1.810478 0 0.784453 0 1
-1.697412 0 0.806108 0 1
-1.552417 0 0.793344 0 1
-1.371068 0 0.823384 0 1
-1.252127 0 0.781603 0 1
-1.111063 0 0.789299 0 1
-0.947234 0 0.817066 0 1
-0.811092 0 0.787356 0 1
-0.680133 0 0.795814 0 1
-0.501884 0 0.823569 0 1
-0.347732 0 0.800447 0 1
-0.195324 0 0.784253 0 1
-0.076191 0 0.802953 0 1
0.058041 0 0.798155 0 1
0.206097 0 0.826991 0 1
0.357066 0 0.829309 0 1
0.538732 0 0.822495 0 1
0.663457 0 0.81142 0 1
0.798412 0 0.791189 0 1
0.934425 0 0.797924 0 1
1.107929 0 0.832236 0 1
1.233382 0 0.812245 0 1
1.380598 0 0.824231 0 1
1.540681 0 0.805741 0 1
1.662676 0 0.807919 0 1
1.813491 0 0.820561 0 1
1.988183 0 0.785214 0 1
2.127962 0 0.812761 0 1
2.295887 0 0.831556 0 1
2.409653 0 0.80467 0 1
2.583468 0 0.822732 0 1
2.70377 0 0.788479 0 1
2.880763 0 0.784036 0 1
2.995783 0 0.814371 0 1
3.146833 0 0.824505 0 1
3.30183 0 0.788639 0 1
3.437533 0 0.797829 0 1
3.621975 0 0.812876 0 1
3.745038 0 0.824468 0 1
3.897615 0 0.831528 0 1
4.041854 0 0.787278 0 1
4.195821 0 0.819784 0 1
4.314155 0 0.823132 0 1
4.465568 0 0.822702 0 1
4.619784 0 0.824175 0 1
4.744797 0 0.794709 0 1
4.898622 0 0.782254 0 1
5.072233 0 0.821204 0 1
5.188746 0 0.805487 0 1
5.379454 0 0.788718 0 1
5.51124 0 0.81026 0 1
5.656335 0 0.820998 0 1
5.777437 0 0.795373 0 1
5.933114 0 0.818241 0 1
6.089277 0 0.789526 0 1
6.218902 0 0.831442 0 1
6.365447 0 0.826772 0 1
6.534888 0 0.800407 0 1
6.669137 0 0.818992 0 1
6.828337 0 0.814151 0 1
6.98021 0 0.801819 0 1
7.110103 0 0.825099 1 1
7.241458 0 0.795867 1 1
7.416311 0 0.810961 1 1
7.579886 0 0.783869 1 1
7.717903 0 0.787886 1 1
7.830165 0 0.784505 1 1
8 0 0.807339 1 1
-8 0 0.954128 1 1
-7.871623 0 0.955332 1 1
-7.683164 0 0.940125 1 1
-7.546176 0 0.979088 1 1
-7.421396 0 0.949512 1 1
-7.252799 0 0.95373 1 1
-7.116882 0 0.955433 1 1
-6.964983 0 0.948632 0 1
-6.84392 0 0.971189 0 1
-6.662287 0 0.951407 0 1
-6.552442 0 0.97587 0 1
-6.397964 0 0.94035 0 1
-6.230882 0 0.957177 0 1
-6.115392 0 0.972248 0 1
-5.959459 0 0.929947 0 1
-5.813014 0 0.940001 0 1
-5.669733 0 0.973706 0 1
-5.504556 0 0.944772 0 1
-5.344272 0 0.963126 0 1
-5.236414 0 0.96816 0 1
-5.064631 0 0.963093 0 1
-4.907014 0 0.956772 0 1
-4.794944 0 0.958867 0 1
-4.639239 0 0.958501 0 1
-4.503108 0 0.964794 0 1
-4.325964 0 0.947159 0 1
-4.162424 0 0.936382 0 1
-4.051875 0 0.956043 0 1
-3.867967 0 0.967036 0 1
-3.75467 0 0.957102 0 1
-3.595755 0 0.936154 0 1
-3.465311 0 0.959815 0 1
-3.311499 0 0.944989 0 1
-3.168628 0 0.934004 0 1
-3.020516 0 0.929229 0 1
-2.856923 0 0.962129 0 1
-2.714973 0 0.949145 0 1
-2.585462 0 0.929908 0 1
-2.40592 0 0.96696 0 1
-2.255453 0 0.938283 0 1
-2.12473 0 0.967195 0 1
-1.964058 0 0.963334 0 1
-1.81443 0 0.970925 0 1
-1.695422 0 0.930579 0 1
-1.53462 0 0.957661 0 1
-1.374183 0 0.941041 0 1
-1.24712 0 0.944083 0 1
-1.115903 0 0.937267 0 1
-0.962904 0 0.954107 0 1
-0.795717 0 0.965753 0 1
-0.662776 0 0.948355 0 1
-0.500347 0 0.976366 0 1
-0.36802 0 0.959241 0 1
-0.204594 0 0.962955 0 1
-0.050258 0 0.931811 0 1
0.052641 0 0.927721 0 1
0.19541 0 0.93035 0 1
0.341143 0 0.942198 0 1
0.48734 0 0.951225 0 1
0.672638 0 0.978501 0 1
0.786056 0 0.947156 0 1
0.961832 0 0.979015 0 1
1.113698 0 0.947408 0 1
1.23608 0 0.962247 0 1
1.383793 0 0.929556 0 1
1.521208 0 0.935202 0 1
1.685797 0 0.97697 0 1
1.860401 0 0.976036 0 1
1.961588 0 0.961353 0 1
2.152348 0 0.969599 0 1
2.295325 0 0.976959 0 1
2.404822 0 0.933656 0 1
2.580687 0 0.951763 0 1
2.736017 0 0.964429 0 1
2.850397 0 0.928899 0 1
3.012516 0 0.931051 0 1
3.166099 0 0.939093 0 1
3.297338 0 0.947651 0 1
3.425083 0 0.950561 0 1
3.594518 0 0.936955 0 1
3.717398 0 0.975129 0 1
3.898184 0 0.978407 0 1
4.056586 0 0.96522 0 1
4.195052 0 0.938418 0 1
4.317978 0 0.963178 0 1
4.501541 0 0.937645 0 1
4.633876 0 0.970529 0 1
4.796844 0 0.930038 0 1
4.920772 0 0.972994 0 1
5.067335 0 0.964853 0 1
5.226438 0 0.96552 0 1
5.370614 0 0.942847 0 1
5.482837 0 0.947116 0 1
5.668324 0 0.956485 0 1
5.791468 0 0.975362 0 1
5.956907 0 0.956283 0 1
6.082269 0 0.96149 0 1
6.233618 0 0.958367 0 1
6.378563 0 0.979679 0 1
6.546236 0 0.935508 0 1
6.688023 0 0.974707 0 1
6.834973 0 0.949258 0 1
6.996859 0 0.932275 0 1
7.106224 0 0.93498 1 1
7.288499 0 0.961815 1 1
7.410242 0 0.956201 1 1
7.569163 0 0.974724 1 1
7.698149 0 0.976233 1 1
7.87872 0 0.935371 1 1
8 0 0.954128 1 1
-8 0 1.100917 1 1
-7.861579 0 1.10793 1 1
-7.693486 0 1.119471 1 1
-7.555739 0 1.126136 1 1
-7.397399 0 1.118075 1 1
-7.271532 0 1.118009 1 1
-7.099147 0 1.126838 1 1
-6.970152 0 1.101952 0 1
-6.8217 0 1.087956 0 1
-6.676233 0 1.12429 0 1
-6.519443 0 1.110641 0 1
-6.370117 0 1.100346 0 1
-6.247754 0 1.118698 0 1
-6.098437 0 1.124006 0 1
-5.943732 0 1.117794 0 1
-5.813011 0 1.093051 0 1
-5.656238 0 1.114211 0 1
-5.525385 0 1.10834 0 1
-5.360247 0 1.118586 0 1
-5.190123 0 1.084448 0 1
-5.090611 0 1.116432 0 1
-4.917193 0 1.080192 0 1
-4.789436 0 1.078311 0 1
-4.600068 0 1.087275 0 1
-4.482025 0 1.118104 0 1
-4.328058 0 1.079599 0 1
-4.166867 0 1.075738 0 1
-4.061476 0 1.080894 0 1
-3.906516 0 1.115506 0 1
-3.765772 0 1.087888 0 1
-3.572497 0 1.096791 0 1
-3.457071 0 1.095792 0 1
-3.292299 0 1.09036 0 1
-3.161895 0 1.085511 0 1
-3.012951 0 1.105657 0 1
-2.863525 0 1.106984 0 1
-2.739806 0 1.100459 0 1
-2.593564 0 1.091386 0 1
-2.4468 0 1.11152 0 1
-2.256143 0 1.094775 0 1
-2.126379 0 1.079674 0 1
-1.971685 0 1.107271 0 1
-1.842733 0 1.125826 0 1
-1.688586 0 1.07594 0 1
-1.565663 0 1.100254 0 1
-1.373047 0 1.09959 0 1
-1.245395 0 1.07888 0 1
-1.089066 0 1.112311 0 1
-0.931812 0 1.098523 0 1
-0.794179 0 1.087251 0 1
-0.634974 0 1.07631 0 1
-0.523812 0 1.115564 0 1
-0.348232 0 1.085939 0 1
-0.224907 0 1.075039 0 1
-0.093032 0 1.120085 0 1
0.088235 0 1.123933 0 1
0.217247 0 1.101027 0 1
0.365027 0 1.111335 0 1
0.507852 0 1.123375 0 1
0.668673 0 1.07707 0 1
0.811866 0 1.111392 0 1
0.953658 0 1.122175 0 1
1.089999 0 1.083096 0 1
1.236624 0 1.092009 0 1
1.373869 0 1.082675 0 1
1.559113 0 1.085018 0 1
1.687347 0 1.074796 0 1
1.849434 0 1.11713 0 1
2.003075 0 1.115315 0 1
2.104337 0 1.084149 0 1
2.266778 0 1.11059 0 1
2.440278 0 1.086583 0 1
2.565883 0 1.111527 0 1
2.73735 0 1.079861 0 1
2.843319 0 1.113619 0 1
3.032778 0 1.104234 0 1
3.152692 0 1.093872 0 1
3.313264 0 1.075581 0 1
3.450872 0 1.111159 0 1
3.603455 0 1.080114 0 1
3.741727 0 1.089234 0 1
3.892935 0 1.096809 0 1
4.013719 0 1.088382 0 1
4.207195 0 1.093395 0 1
4.325061 0 1.123074 0 1
4.498551 0 1.120762 0 1
4.603826 0 1.083056 0 1
4.774364 0 1.109618 0 1
4.914583 0 1.127156 0 1
5.057526 0 1.088394 0 1
5.188118 0 1.116242 0 1
5.341179 0 1.096334 0 1
5.50774 0 1.086768 0 1
5.632743 0 1.081535 0 1
5.808812 0 1.075087 0 1
5.921702 0 1.116141 0 1
6.071279 0 1.109685 0 1
6.243054 0 1.074963 0 1
6.405422 0 1.081738 0 1
6.554343 0 1.119972 0 1
6.694817 0 1.084465 0 1
6.824354 0 1.099794 0 1
6.951289 0 1.094991 0 1
7.126315 0 1.103105 1 1
7.282113 0 1.082217 1 1
7.393131 0 1.101439 1 1
7.57872 0 1.078088 1 1
7.707129 0 1.126672 1 1
7.856707 0 1.087551 1 1
8 0 1.100917 1 1
-8 0 1.247706 1 1
-7.83982 0 1.265661 1 1
-7.713729 0 1.233192 1 1
-7.572185 0 1.224438 1 1
-7.416444 0 1.267294 1 1
-7.251225 0 1.222746 1 1
-7.110195 0 1.270471 1 1
-6.978249 0 1.253331 0 1
-6.806298 0 1.260844 0 1
-6.698593 0 1.253778 0 1
-6.516761 0 1.268249 0 1
-6.377604 0 1.261204 0 1
-6.256643 0 1.252937 0 1
-6.102966 0 1.262138 0 1
-5.948508 0 1.222918 0 1
-5.821082 0 1.225768 0 1
-5.63068 0 1.228977 0 1
-5.497115 0 1.240811 0 1
-5.363438 0 1.245831 0 1
-5.194796 0 1.269748 0 1
-5.074604 0 1.249571 0 1
-4.926569 0 1.237568 0 1
-4.746942 0 1.248311 0 1
-4.629872 0 1.26732 0 1
-4.467106 0 1.258024 0 1
-4.307898 0 1.253266 0 1
-4.174978 0 1.251616 0 1
-4.038318 0 1.226093 0 1
-3.890454 0 1.239379 0 1
-3.742221 0 1.254648 0 1
-3.609457 0 1.235458 0 1
-3.461629 0 1.236554 0 1
-3.302038 0 1.237827 0 1
-3.134519 0 1.269225 0 1
-3.005686 0 1.239701 0 1
-2.872619 0 1.26492 0 1
-2.714662 0 1.243032 0 1
-2.581283 0 1.243682 0 1
-2.41361 0 1.261885 0 1
-2.254591 0 1.228644 0 1
-2.114177 0 1.236874 0 1
-1.971764 0 1.240387 0 1
-1.832602 0 1.238255 0 1
-1.672324 0 1.252026 0 1
-1.558542 0 1.259575 0 1
-1.374618 0 1.25503 0 1
-1.263257 0 1.263028 0 1
-1.083458 0 1.230959 0 1
-0.946335 0 1.247546 0 1
-0.820781 0 1.246879 0 1
-0.672665 0 1.25131 0 1
-0.511785 0 1.229018 0 1
-0.361372 0 1.234629 0 1
-0.195531 0 1.264253 0 1
-0.047825 0 1.221457 0 1
0.056956 0 1.270647 0 1
0.24279 0 1.245316 0 1
0.392911 0 1.252123 0 1
0.501982 0 1.251271 0 1
0.644654 0 1.223979 0 1
0.803519 0 1.273161 0 1
0.959163 0 1.246458 0 1
1.09494 0 1.227596 0 1
1.230855 0 1.240379 0 1
1.410417 0 1.224165 0 1
1.559631 0 1.235941 0 1
1.690636 0 1.235468 0 1
1.849863 0 1.270205 0 1
1.991519 0 1.232112 0 1
2.149119 0 1.251224 0 1
2.249328 0 1.239125 0 1
2.42859 0 1.235931 0 1
2.565098 0 1.233464 0 1
2.721848 0 1.251438 0 1
2.850059 0 1.250487 0 1
3.027182 0 1.229301 0 1
3.158802 0 1.238021 0 1
3.287949 0 1.263861 0 1
3.466722 0 1.232019 0 1
3.602476 0 1.271723 0 1
3.721515 0 1.260413 0 1
3.915203 0 1.235538 0 1
4.035971 0 1.226341 0 1
4.201738 0 1.232962 0 1
4.328135 0 1.230038 0 1
4.459813 0 1.232928 0 1
4.603106 0 1.233902 0 1
4.760522 0 1.251915 0 1
4.922701 0 1.241719 0 1
5.049074 0 1.226588 0 1
5.18892 0 1.258932 0 1
5.354761 0 1.260345 0 1
5.498482 0 1.253786 0 1
5.645043 0 1.249887 0 1
5.786102 0 1.267883 0 1
5.944506 0 1.263009 0 1
6.093008 0 1.238304 0 1
6.238481 0 1.253817 0 1
6.403194 0 1.253337 0 1
6.525397 0 1.258458 0 1
6.684234 0 1.258219 0 1
6.819223 0 1.262929 0 1
6.957001 0 1.237889 0 1
7.114251 0 1.23443 1 1
7.254994 0 1.233486 1 1
7.418151 0 1.246106 1 1
7.534494 0 1.270708 1 1
7.692898 0 1.258147 1 1
7.850687 0 1.263565 1 1
8 0 1.247706 1 1
-8 0 1.394495 1 1
-7.859084 0 1.386314 1 1
-7.712712 0 1.394018 1 1
-7.547787 0 1.416119 1 1
-7.434539 0 1.381545 1 1
-7.280399 0 1.387446 1 1
-7.092997 0 1.393361 1 1
-6.989993 0 1.413184 0 1
-6.818025 0 1.399733 0 1
-6.66251 0 1.412774 0 1
-6.506789 0 1.387339 0 1
-6.371544 0 1.372828 0 1
-6.216557 0 1.372955 0 1
-6.081422 0 1.370719 0 1
-5.967188 0 1.417325 0 1
-5.800643 0 1.383565 0 1
-5.632432 0 1.382791 0 1
-5.482606 0 1.380179 0 1
-5.367754 0 1.395579 0 1
-5.225181 0 1.372949 0 1
-5.087887 0 1.402666 0 1
-4.90241 0 1.418478 0 1
-4.747311 0 1.377371 0 1
-4.62132 0 1.417853 0 1
-4.456195 0 1.380558 0 1
-4.314014 0 1.378398 0 1
-4.172255 0 1.371634 0 1
-4.057755 0 1.411262 0 1
-3.906885 0 1.374633 0 1
-3.745099 0 1.40828 0 1
-3.584535 0 1.376144 0 1
-3.426705 0 1.381054 0 1
-3.328712 0 1.413277 0 1
-3.141888 0 1.395195 0 1
-3.034502 0 1.394734 0 1
-2.885803 0 1.375205 0 1
-2.739464 0 1.376312 0 1
-2.588239 0 1.413608 0 1
-2.404354 0 1.398399 0 1
-2.286893 0 1.381062 0 1
-2.145607 0 1.37388 0 1
-1.994957 0 1.401901 0 1
-1.821413 0 1.371618 0 1
-1.694551 0 1.368104 0 1
-1.543357 0 1.410287 0 1
-1.385114 0 1.388948 0 1
-1.245515 0 1.389417 0 1
-1.099594 0 1.418915 0 1
-0.930703 0 1.386777 0 1
-0.801763 0 1.406034 0 1
-0.647374 0 1.407793 0 1
-0.512521 0 1.389617 0 1
-0.366806 0 1.394481 0 1
-0.204075 0 1.379006 0 1
-0.068121 0 1.387494 0 1
0.062743 0 1.400012 0 1
0.215555 0 1.38794 0 1
0.360294 0 1.384695 0 1
0.49784 0 1.368921 0 1
0.657144 0 1.401812 0 1
0.788694 0 1.413794 0 1
0.969481 0 1.407665 0 1
1.108795 0 1.384031 0 1
1.234204 0 1.368939 0 1
1.380073 0 1.391273 0 1
1.540586 0 1.392717 0 1
1.686235 0 1.414702 0 1
1.832923 0 1.390046 0 1
1.957943 0 1.418155 0 1
2.149422 0 1.416835 0 1
2.264418 0 1.37088 0 1
2.420174 0 1.388501 0 1
2.576915 0 1.390975 0 1
2.720788 0 1.386821 0 1
2.863049 0 1.393286 0 1
3.032107 0 1.413975 0 1
3.154878 0 1.3867 0 1
3.286555 0 1.416795 0 1
3.431888 0 1.4205 0 1
3.57762 0 1.405651 0 1
3.730944 0 1.369378 0 1
3.875043 0 1.39561 0 1
4.011551 0 1.389391 0 1
4.199261 0 1.392397 0 1
4.33671 0 1.38313 0 1
4.453333 0 1.395394 0 1
4.603947 0 1.39124 0 1
4.769983 0 1.408427 0 1
4.89292 0 1.409255 0 1
5.076304 0 1.398002 0 1
5.188143 0 1.419233 0 1
5.380677 0 1.388044 0 1
5.513075 0 1.391317 0 1
5.663136 0 1.382188 0 1
5.779258 0 1.416425 0 1
5.923457 0 1.38836 0 1
6.086163 0 1.370287 0 1
6.228117 0 1.418463 0 1
6.369177 0 1.398157 0 1
6.527755 0 1.411718 0 1
6.660491 0 1.396982 0 1
6.812749 0 1.416482 0 1
6.946085 0 1.371573 0 1
7.138229 0 1.382104 1 1
7.265139 0 1.371566 1 1
7.411169 0 1.419924 1 1
7.582082 0 1.394151 1 1
7.684226 0 1.392361 1 1
7.874317 0 1.400668 1 1
8 0 1.394495 1 1
-8 0 1.541284 1 1
-7.827875 0 1.559811 1 1
-7.682343 0 1.528501 1 1
-7.556538 0 1.56185 1 1
-7.396231 0 1.532333 1 1
-7.257339 0 1.542696 1 1
-7.110401 0 1.559006 1 1
-6.967733 0 1.550934 0 1
-6.809508 0 1.555991 0 1
-6.692359 0 1.557927 0 1
-6.535604 0 1.529246 0 1
-6.362073 0 1.530746 0 1
-6.21355 0 1.567247 0 1
-6.115455 0 1.54613 0 1
-5.929012 0 1.528477 0 1
-5.78104 0 1.544192 0 1
-5.633172 0 1.526433 0 1
-5.480481 0 1.5394 0 1
-5.376121 0 1.520073 0 1
-5.208779 0 1.534044 0 1
-5.051404 0 1.537019 0 1
-4.926351 0 1.51915 0 1
-4.78848 0 1.54029 0 1
-4.601214 0 1.518367 0 1
-4.486895 0 1.561857 0 1
-4.333677 0 1.557933 0 1
-4.201768 0 1.539867 0 1
-4.061502 0 1.564409 0 1
-3.910083 0 1.527317 0 1
-3.723086 0 1.540854 0 1
-3.572113 0 1.545957 0 1
-3.454545 0 1.559751 0 1
-3.314036 0 1.547128 0 1
-3.173672 0 1.523275 0 1
-3.018309 0 1.534777 0 1
-2.884428 0 1.519201 0 1
-2.699944 0 1.515311 0 1
-2.566674 0 1.540896 0 1
-2.443562 0 1.566124 0 1
-2.258948 0 1.549104 0 1
-2.10245 0 1.514973 0 1
-1.99869 0 1.521916 0 1
-1.809302 0 1.534244 0 1
-1.678262 0 1.558552 0 1
-1.548828 0 1.545089 0 1
-1.418781 0 1.562046 0 1
-1.256682 0 1.51692 0 1
-1.096539 0 1.567082 0 1
-0.948085 0 1.55827 0 1
-0.823602 0 1.523842 0 1
-0.666318 0 1.567362 0 1
-0.534501 0 1.546218 0 1
-0.360872 0 1.542663 0 1
-0.20265 0 1.529894 0 1
-0.096385 0 1.546895 0 1
0.060711 0 1.548866 0 1
0.230749 0 1.519942 0 1
0.372599 0 1.551274 0 1
0.489032 0 1.559894 0 1
0.66927 0 1.551584 0 1
0.823735 0 1.53382 0 1
0.954597 0 1.53038 0 1
1.111785 0 1.536058 0 1
1.263928 0 1.527287 0 1
1.420104 0 1.531208 0 1
1.532122 0 1.527581 0 1
1.66951 0 1.523065 0 1
1.812639 0 1.545918 0 1
1.96145 0 1.520552 0 1
2.125741 0 1.522753 0 1
2.252688 0 1.555572 0 1
2.431939 0 1.545473 0 1
2.580361 0 1.537867 0 1
2.695654 0 1.54891 0 1
2.885773 0 1.544039 0 1
3.013807 0 1.5644 0 1
3.140626 0 1.53987 0 1
3.278118 0 1.523134 0 1
3.433238 0 1.518353 0 1
3.571566 0 1.559942 0 1
3.730024 0 1.524721 0 1
3.889782 0 1.549651 0 1
4.03128 0 1.552336 0 1
4.174163 0 1.521886 0 1
4.321128 0 1.565947 0 1
4.472961 0 1.531497 0 1
4.64581 0 1.544802 0 1
4.781203 0 1.515255 0 1
4.932397 0 1.565291 0 1
5.059771 0 1.540592 0 1
5.236817 0 1.522692 0 1
5.378102 0 1.527546 0 1
5.510079 0 1.565437 0 1
5.6729 0 1.552952 0 1
5.793825 0 1.555598 0 1
5.951905 0 1.552454 0 1
6.107607 0 1.534574 0 1
6.212255 0 1.540375 0 1
6.40246 0 1.541341 0 1
6.516841 0 1.532434 0 1
6.687284 0 1.553784 0 1
6.825951 0 1.542916 0 1
6.993064 0 1.56737 0 1
7.125209 0 1.547215 1 1
7.262617 0 1.565055 1 1
7.428712 0 1.538904 1 1
7.571212 0 1.543775 1 1
7.708472 0 1.554801 1 1
7.829141 0 1.532439 1 1
8 0 1.541284 1 1
-8 0 1.688073 1 1
-7.858108 0 1.694787 1 1
-7.691 0 1.686727 1 1
-7.539646 0 1.710746 1 1
-7.390961 0 1.693821 1 1
-7.280273 0 1.678307 1 1
-7.114463 0 1.685393 1 1
-6.983031 0 1.696109 0 1
-6.850064 0 1.673778 0 1
-6.65753 0 1.675081 0 1
-6.544509 0 1.689698 0 1
-6.409601 0 1.711959 0 1
-6.241214 0 1.682629 0 1
-6.095442 0 1.71231 0 1
-5.928975 0 1.676111 0 1
-5.78155 0 1.690533 0 1
-5.655775 0 1.688166 0 1
-5.48067 0 1.703643 0 1
-5.350399 0 1.677832 0 1
-5.205712 0 1.664357 0 1
-5.038386 0 1.672929 0 1
-4.908908 0 1.676847 0 1
-4.790941 0 1.674061 0 1
-4.597998 0 1.691284 0 1
-4.486122 0 1.690455 0 1
-4.346115 0 1.697854 0 1
-4.205698 0 1.695833 0 1
-4.013098 0 1.662745 0 1
-3.909467 0 1.701253 0 1
-3.755897 0 1.696394 0 1
-3.587251 0 1.683612 0 1
-3.428089 0 1.672436 0 1
-3.320513 0 1.666809 0 1
-3.133148 0 1.678006 0 1
-3.006938 0 1.690646 0 1
-2.885183 0 1.713587 0 1
-2.695874 0 1.706729 0 1
-2.595053 0 1.67431 0 1
-2.407293 0 1.703632 0 1
-2.251747 0 1.712653 0 1
-2.148871 0 1.685499 0 1
-2.001656 0 1.70213 0 1
-1.82009 0 1.68624 0 1
-1.708043 0 1.696951 0 1
-1.553 0 1.666052 0 1
-1.379223 0 1.680318 0 1
-1.253631 0 1.671655 0 1
-1.077405 0 1.69998 0 1
-0.932414 0 1.694433 0 1
-0.782533 0 1.702155 0 1
-0.634545 0 1.670228 0 1
-0.522105 0 1.689241 0 1
-0.356957 0 1.671912 0 1
-0.194231 0 1.701671 0 1
-0.081248 0 1.679628 0 1
0.067544 0 1.701641 0 1
0.199234 0 1.68873 0 1
0.38345 0 1.672873 0 1
0.497387 0 1.695339 0 1
0.675001 0 1.701165 0 1
0.784453 0 1.714127 0 1
0.939689 0 1.696371 0 1
1.122736 0 1.687776 0 1
1.262019 0 1.682117 0 1
1.402027 0 1.672173 0 1
1.51708 0 1.685585 0 1
1.661848 0 1.680433 0 1
1.860632 0 1.711003 0 1
1.98951 0 1.68361 0 1
2.146276 0 1.712888 0 1
2.294359 0 1.666155 0 1
2.440145 0 1.693075 0 1
2.572053 0 1.667807 0 1
2.696349 0 1.687775 0 1
2.888603 0 1.700011 0 1
3.000756 0 1.694676 0 1
3.131258 0 1.705788 0 1
3.293085 0 1.678142 0 1
3.466566 0 1.677159 0 1
3.615283 0 1.664553 0 1
3.732561 0 1.712597 0 1
3.870722 0 1.6753 0 1
4.030334 0 1.669738 0 1
4.175028 0 1.683425 0 1
4.307785 0 1.68971 0 1
4.454611 0 1.677948 0 1
4.613275 0 1.662853 0 1
4.796074 0 1.678971 0 1
4.928624 0 1.7076 0 1
5.087018 0 1.693511 0 1
5.229588 0 1.680809 0 1
5.336405 0 1.675613 0 1
5.495804 0 1.708598 0 1
5.634604 0 1.672871 0 1
5.814038 0 1.673886 0 1
5.933144 0 1.706118 0 1
6.094396 0 1.690256 0 1
6.257516 0 1.704538 0 1
6.387907 0 1.692162 0 1
6.542176 0 1.677357 0 1
6.681666 0 1.677375 0 1
6.846579 0 1.701406 0 1
6.948208 0 1.710207 0 1
7.115048 0 1.696417 1 1
7.253851 0 1.664402 1 1
7.390055 0 1.7118 1 1
7.564299 0 1.667297 1 1
7.705205 0 1.686447 1 1
7.845872 0 1.690291 1 1
8 0 1.688073 1 1
-8 0 1.834862 1 1
-7.865667 0 1.839663 1 1
-7.703188 0 1.850404 1 1
-7.581721 0 1.817338 1 1
-7.404997 0 1.838509 1 1
-7.246678 0 1.841776 1 1
-7.144798 0 1.819982 1 1
-6.961477 0 1.817391 0 1
-6.801523 0 1.854088 0 1
-6.678387 0 1.860737 0 1
-6.558253 0 1.836076 0 1
-6.3973 0 1.850433 0 1
-6.223933 0 1.818351 0 1
-6.08923 0 1.811578 0 1
-5.960226 0 1.843681 0 1
-5.814416 0 1.83633 0 1
-5.659606 0 1.829817 0 1
-5.49979 0 1.856568 0 1
-5.369019 0 1.8216 0 1
-5.192189 0 1.815027 0 1
-5.068436 0 1.842701 0 1
-4.917554 0 1.860112 0 1
-4.775634 0 1.818542 0 1
-4.636909 0 1.815214 0 1
-4.493744 0 1.842304 0 1
-4.350357 0 1.8439 0 1
-4.202909 0 1.810565 0 1
-4.010373 0 1.847803 0 1
-3.877688 0 1.844589 0 1
-3.762515 0 1.819968 0 1
-3.572054 0 1.838803 0 1
-3.441517 0 1.846342 0 1
-3.285315 0 1.809167 0 1
-3.176733 0 1.819344 0 1
-3.027967 0 1.846716 0 1
-2.847293 0 1.854351 0 1
-2.724838 0 1.830166 0 1
-2.560378 0 1.844391 0 1
-2.425009 0 1.819091 0 1
-2.268093 0 1.819368 0 1
-2.136199 0 1.854412 0 1
-1.962727 0 1.843439 0 1
-1.835395 0 1.858597 0 1
-1.691379 0 1.821763 0 1
-1.544809 0 1.816822 0 1
-1.379625 0 1.852496 0 1
-1.234584 0 1.836146 0 1
-1.116568 0 1.814275 0 1
-0.965373 0 1.823419 0 1
-0.824405 0 1.84908 0 1
-0.661965 0 1.848741 0 1
-0.536733 0 1.832454 0 1
-0.377372 0 1.820294 0 1
-0.235988 0 1.85409 0 1
-0.055456 0 1.859356 0 1
0.061221 0 1.833824 0 1
0.216914 0 1.815494 0 1
0.381822 0 1.842536 0 1
0.507662 0 1.860571 0 1
0.663285 0 1.84236 0 1
0.788564 0 1.822585 0 1
0.947303 0 1.821906 0 1
1.079718 0 1.853992 0 1
1.248577 0 1.824833 0 1
1.389407 0 1.811768 0 1
1.565442 0 1.814101 0 1
1.709146 0 1.821762 0 1
1.82135 0 1.859048 0 1
2.004447 0 1.853667 0 1
2.132373 0 1.857291 0 1
2.29752 0 1.841601 0 1
2.447249 0 1.808618 0 1
2.593043 0 1.82574 0 1
2.725618 0 1.837709 0 1
2.865976 0 1.808518 0 1
2.992973 0 1.814172 0 1
3.145729 0 1.848822 0 1
3.289603 0 1.850958 0 1
3.454096 0 1.841671 0 1
3.605305 0 1.859205 0 1
3.746566 0 1.8273 0 1
3.883563 0 1.841448 0 1
4.05732 0 1.8256 0 1
4.202394 0 1.827299 0 1
4.343958 0 1.836579 0 1
4.476702 0 1.831207 0 1
4.627153 0 1.844888 0 1
4.749673 0 1.855785 0 1
4.903232 0 1.854232 0 1
5.048629 0 1.830231 0 1
5.237217 0 1.812277 0 1
5.367361 0 1.860012 0 1
5.501484 0 1.815612 0 1
5.663954 0 1.819985 0 1
5.776861 0 1.821993 0 1
5.967054 0 1.830061 0 1
6.117706 0 1.84242 0 1
6.259131 0 1.855636 0 1
6.363839 0 1.857245 0 1
6.538017 0 1.813382 0 1
6.665705 0 1.840058 0 1
6.83871 0 1.858022 0 1
6.958802 0 1.833595 0 1
7.107486 0 1.817267 1 1
7.279653 0 1.846946 1 1
7.435368 0 1.83431 1 1
7.585646 0 1.85049 1 1
7.726897 0 1.81373 1 1
7.853407 0 1.820559 1 1
8 0 1.834862 1 1
-8 0 1.981651 1 1
-7.849212 0 1.955234 1 1
-7.696045 0 2.00462 1 1
-7.546246 0 1.984626 1 1
-7.430584 0 1.994276 1 1
-7.240653 0 1.985441 1 1
-7.110425 0 1.965404 1 1
-6.955445 0 1.967606 0 1
-6.849721 0 1.964709 0 1
-6.661604 0 1.965674 0 1
-6.542943 0 1.958467 0 1
-6.387991 0 1.987921 0 1
-6.26329 0 1.993581 0 1
-6.079903 0 1.974604 0 1
-5.931395 0 1.995449 0 1
-5.780476 0 1.978049 0 1
-5.641446 0 1.999281 0 1
-5.522603 0 1.975209 0 1
-5.375164 0 1.957086 0 1
-5.228178 0 1.999772 0 1
-5.068429 0 1.959712 0 1
-4.935528 0 1.959098 0 1
-4.775131 0 1.978196 0 1
-4.613301 0 1.964011 0 1
-4.465772 0 1.992945 0 1
-4.309992 0 1.983282 0 1
-4.1623 0 1.986496 0 1
-4.012289 0 1.986176 0 1
-3.898889 0 1.979171 0 1
-3.725745 0 1.986633 0 1
-3.587848 0 1.966622 0 1
-3.452233 0 1.964326 0 1
-3.28496 0 1.978749 0 1
-3.165701 0 1.987268 0 1
-2.986651 0 1.997415 0 1
-2.84465 0 1.965601 0 1
-2.726401 0 1.996054 0 1
-2.570664 0 1.960039 0 1
-2.417717 0 1.997325 0 1
-2.294952 0 1.958072 0 1
-2.115916 0 1.983424 0 1
-1.962777 0 1.984825 0 1
-1.840432 0 1.98956 0 1
-1.676847 0 1.998387 0 1
-1.564915 0 1.96473 0 1
-1.374637 0 1.997449 0 1
-1.26142 0 1.957912 0 1
-1.081983 0 1.983959 0 1
-0.976631 0 1.983712 0 1
-0.829345 0 1.982976 0 1
-0.68203 0 1.969029 0 1
-0.511177 0 1.99899 0 1
-0.391068 0 1.98115 0 1
-0.202327 0 1.962612 0 1
-0.058068 0 1.992155 0 1
0.051696 0 1.963041 0 1
0.217137 0 1.977536 0 1
0.374046 0 1.959465 0 1
0.527508 0 1.979585 0 1
0.670133 0 2.00769 0 1
0.798762 0 1.956979 0 1
0.928316 0 1.956673 0 1
1.10963 0 1.956509 0 1
1.264067 0 1.956833 0 1
1.385115 0 1.995262 0 1
1.557559 0 1.986188 0 1
1.666018 0 1.965292 0 1
1.858805 0 1.960422 0 1
1.996641 0 1.983714 0 1
2.121652 0 1.996842 0 1
2.28836 0 1.987193 0 1
2.433603 0 2.007461 0 1
2.558917 0 1.99075 0 1
2.731169 0 1.981864 0 1
2.851281 0 1.970667 0 1
2.991169 0 1.98407 0 1
3.137359 0 1.990537 0 1
3.304867 0 1.970405 0 1
3.450716 0 1.995813 0 1
3.577865 0 1.998792 0 1
3.731968 0 1.98808 0 1
3.86573 0 1.975281 0 1
4.012409 0 1.9782 0 1
4.158451 0 1.986894 0 1
4.304001 0 1.969037 0 1
4.463621 0 1.973479 0 1
4.615477 0 1.974331 0 1
4.771482 0 1.983239 0 1
4.912421 0 1.984981 0 1
5.050259 0 1.963118 0 1
5.198824 0 1.96727 0 1
5.348373 0 1.990176 0 1
5.497517 0 1.998645 0 1
5.666444 0 1.975063 0 1
5.773956 0 1.992975 0 1
5.951561 0 1.958032 0 1
6.076308 0 1.976905 0 1
6.257346 0 1.98473 0 1
6.391562 0 1.996792 0 1
6.506586 0 1.988225 0 1
6.686099 0 2.004829 0 1
6.848128 0 1.964993 0 1
6.949464 0 1.969382 0 1
7.095327 0 1.961698 1 1
7.260331 0 1.999349 1 1
7.392989 0 1.9846 1 1
7.561181 0 1.955492 1 1
7.713058 0 1.968898 1 1
7.872073 0 1.964606 1 1
8 0 1.981651 1 1
-8 0 2.12844 1 1
-7.829513 0 2.128358 1 1
-7.683652 0 2.129268 1 1
-7.566075 0 2.142383 1 1
-7.411347 0 2.105409 1 1
-7.278325 0 2.110202 1 1
-7.142225 0 2.138832 1 1
-6.966185 0 2.117615 0 1
-6.843081 0 2.132215 0 1
-6.669942 0 2.140624 0 1
-6.536991 0 2.110399 0 1
-6.398917 0 2.124202 0 1
-6.227065 0 2.121479 0 1
-6.079841 0 2.129937 0 1
-5.960074 0 2.118378 0 1
-5.783459 0 2.10636 0 1
-5.631642 0 2.145458 0 1
-5.515599 0 2.153922 0 1
-5.363617 0 2.120761 0 1
-5.197783 0 2.142056 0 1
-5.044865 0 2.104255 0 1
-4.922542 0 2.114124 0 1
-4.761355 0 2.119982 0 1
-4.614173 0 2.117546 0 1
-4.452797 0 2.150182 0 1
-4.355468 0 2.106489 0 1
-4.189972 0 2.123747 0 1
-4.048334 0 2.117375 0 1
-3.885907 0 2.145072 0 1
-3.742844 0 2.150532 0 1
-3.581955 0 2.140636 0 1
-3.456497 0 2.131404 0 1
-3.302701 0 2.111449 0 1
-3.130477 0 2.119539 0 1
-2.984207 0 2.126627 0 1
-2.844854 0 2.10527 0 1
-2.705648 0 2.104002 0 1
-2.558935 0 2.105058 0 1
-2.403366 0 2.114638 0 1
-2.253221 0 2.113059 0 1
-2.114434 0 2.120781 0 1
-1.964291 0 2.115637 0 1
-1.844635 0 2.139478 0 1
-1.693637 0 2.113743 0 1
-1.560233 0 2.107418 0 1
-1.41592 0 2.133717 0 1
-1.246321 0 2.140132 0 1
-1.085731 0 2.130785 0 1
-0.948503 0 2.112514 0 1
-0.802408 0 2.135356 0 1
-0.67651 0 2.113474 0 1
-0.518782 0 2.119088 0 1
-0.381467 0 2.148647 0 1
-0.201434 0 2.140244 0 1
-0.049286 0 2.150536 0 1
0.079306 0 2.128699 0 1
0.233838 0 2.119322 0 1
0.361125 0 2.126417 0 1
0.513798 0 2.123536 0 1
0.663327 0 2.147676 0 1
0.828045 0 2.102582 0 1
0.937474 0 2.145369 0 1
1.127195 0 2.103572 0 1
1.226925 0 2.143164 0 1
1.373993 0 2.108777 0 1
1.546421 0 2.150863 0 1
1.674566 0 2.121956 0 1
1.833397 0 2.139159 0 1
1.969174 0 2.117008 0 1
2.153753 0 2.108344 0 1
2.287108 0 2.123976 0 1
2.395759 0 2.134838 0 1
2.553678 0 2.12146 0 1
2.731031 0 2.109096 0 1
2.839025 0 2.118465 0 1
2.9865 0 2.108527 0 1
3.157335 0 2.142807 0 1
3.291488 0 2.130513 0 1
3.435054 0 2.122998 0 1
3.595133 0 2.146305 0 1
3.747693 0 2.141996 0 1
3.885009 0 2.111034 0 1
4.048479 0 2.151776 0 1
4.189118 0 2.12875 0 1
4.307737 0 2.125866 0 1
4.468355 0 2.124121 0 1
4.602305 0 2.151363 0 1
4.780969 0 2.14732 0 1
4.906543 0 2.12948 0 1
5.059319 0 2.141501 0 1
5.228426 0 2.135335 0 1
5.37249 0 2.119853 0 1
5.504184 0 2.122918 0 1
5.647961 0 2.143804 0 1
5.774193 0 2.138676 0 1
5.924689 0 2.108824 0 1
6.106556 0 2.102968 0 1
6.214338 0 2.112214 0 1
6.411228 0 2.129511 0 1
6.516425 0 2.122659 0 1
6.69922 0 2.106689 0 1
6.845306 0 2.103459 0 1
6.954193 0 2.126096 0 1
7.109774 0 2.141396 1 1
7.244915 0 2.111293 1 1
7.397974 0 2.149446 1 1
7.552013 0 2.145213 1 1
7.706902 0 2.11171 1 1
7.857018 0 2.127668 1 1
8 0 2.12844 1 1
-8 0 2.275229 1 1
-7.834851 0 2.271238 1 1
-7.703179 0 2.296495 1 1
-7.553229 0 2.300802 1 1
-7.395332 0 2.264153 1 1
-7.241581 0 2.254928 1 1
-7.129623 0 2.278111 1 1
-6.956951 0 2.300866 0 1
-6.810879 0 2.266912 0 1
-6.692775 0 2.294403 0 1
-6.5103 0 2.287735 0 1
-6.383809 0 2.270339 0 1
-6.253753 0 2.282899 0 1
-6.085692 0 2.255367 0 1
-5.965961 0 2.268389 0 1
-5.788066 0 2.249761 0 1
-5.634347 0 2.27562 0 1
-5.478525 0 2.279501 0 1
-5.380794 0 2.264098 0 1
-5.207094 0 2.298214 0 1
-5.052877 0 2.272751 0 1
-4.930365 0 2.29147 0 1
-4.775776 0 2.2804 0 1
-4.620007 0 2.298618 0 1
-4.481253 0 2.281808 0 1
-4.313996 0 2.294759 0 1
-4.175202 0 2.292683 0 1
-4.029207 0 2.288942 0 1
-3.876908 0 2.284525 0 1
-3.729323 0 2.293947 0 1
-3.618015 0 2.276403 0 1
-3.468291 0 2.290212 0 1
-3.298563 0 2.282457 0 1
-3.15233 0 2.256572 0 1
-3.005721 0 2.264365 0 1
-2.847996 0 2.295698 0 1
-2.711925 0 2.290676 0 1
-2.549951 0 2.299183 0 1
-2.401381 0 2.254533 0 1
-2.257305 0 2.291457 0 1
-2.143077 0 2.290054 0 1
-1.967052 0 2.271524 0 1
-1.831485 0 2.299571 0 1
-1.711601 0 2.281688 0 1
-1.566493 0 2.278289 0 1
-1.412727 0 2.28264 0 1
-1.249969 0 2.27088 0 1
-1.080223 0 2.28273 0 1
-0.97136 0 2.260217 0 1
-0.804081 0 2.301371 0 1
-0.674918 0 2.280869 0 1
-0.522968 0 2.283819 0 1
-0.34542 0 2.283166 0 1
-0.199124 0 2.276297 0 1
-0.065084 0 2.278461 0 1
0.047897 0 2.292075 0 1
0.208806 0 2.24897 0 1
0.358765 0 2.27034 0 1
0.522406 0 2.300679 0 1
0.681807 0 2.278731 0 1
0.80386 0 2.250389 0 1
0.970224 0 2.290241 0 1
1.095962 0 2.289133 0 1
1.250058 0 2.256555 0 1
1.402999 0 2.253748 0 1
1.543959 0 2.279082 0 1
1.679868 0 2.282118 0 1
1.85724 0 2.260255 0 1
1.984917 0 2.291545 0 1
2.10721 0 2.2927 0 1
2.295431 0 2.289312 0 1
2.438254 0 2.265384 0 1
2.560186 0 2.297626 0 1
2.695525 0 2.293371 0 1
2.877035 0 2.269875 0 1
2.990624 0 2.279859 0 1
3.170397 0 2.293712 0 1
3.290699 0 2.296314 0 1
3.468282 0 2.292802 0 1
3.578588 0 2.288564 0 1
3.716749 0 2.284092 0 1
3.890643 0 2.280534 0 1
4.058223 0 2.269379 0 1
4.209826 0 2.254979 0 1
4.355622 0 2.269268 0 1
4.46132 0 2.253099 0 1
4.607648 0 2.281142 0 1
4.78774 0 2.292315 0 1
4.892356 0 2.298763 0 1
5.057625 0 2.251766 0 1
5.218845 0 2.25304 0 1
5.364661 0 2.252674 0 1
5.51715 0 2.251678 0 1
5.646503 0 2.258171 0 1
5.80501 0 2.259159 0 1
5.949312 0 2.272234 0 1
6.087047 0 2.256398 0 1
6.250685 0 2.26046 0 1
6.373685 0 2.249696 0 1
6.53186 0 2.272201 0 1
6.667353 0 2.257385 0 1
6.837013 0 2.272536 0 1
6.953439 0 2.270115 0 1
7.138449 0 2.284286 1 1
7.271145 0 2.267015 1 1
7.415775 0 2.253673 1 1
7.579315 0 2.287119 1 1
7.723649 0 2.297573 1 1
7.875569 0 2.300699 1 1
8 0 2.275229 1 1
-8 0 2.422018 1 1
-7.849754 0 2.444873 1 1
-7.729314 0 2.436695 1 1
-7.584854 0 2.445089 1 1
-7.403616 0 2.409484 1 1
-7.241203 0 2.406083 1 1
-7.121704 0 2.400309 1 1
-6.991888 0 2.444815 0 1
-6.833198 0 2.444774 0 1
-6.694614 0 2.443992 0 1
-6.537325 0 2.420285 0 1
-6.362748 0 2.420129 0 1
-6.254125 0 2.448235 0 1
-6.070202 0 2.431426 0 1
-5.967223 0 2.40423 0 1
-5.804515 0 2.407162 0 1
-5.655503 0 2.439202 0 1
-5.479246 0 2.412388 0 1
-5.359504 0 2.424455 0 1
-5.185833 0 2.415465 0 1
-5.080581 0 2.419243 0 1
-4.896748 0 2.424406 0 1
-4.780836 0 2.426909 0 1
-4.611911 0 2.404511 0 1
-4.4729 0 2.398122 0 1
-4.311034 0 2.411133 0 1
-4.207636 0 2.438794 0 1
-4.040335 0 2.410644 0 1
-3.913535 0 2.419468 0 1
-3.733499 0 2.439563 0 1
-3.601701 0 2.423825 0 1
-3.426941 0 2.443422 0 1
-3.290021 0 2.422 0 1
-3.155256 0 2.443958 0 1
-3.031624 0 2.439666 0 1
-2.855037 0 2.442003 0 1
-2.694762 0 2.426721 0 1
-2.55151 0 2.401004 0 1
-2.438221 0 2.423045 0 1
-2.250198 0 2.404665 0 1
-2.126003 0 2.434413 0 1
-1.982111 0 2.434237 0 1
-1.829235 0 2.407955 0 1
-1.691983 0 2.439263 0 1
-1.521482 0 2.424098 0 1
-1.374592 0 2.440412 0 1
-1.264764 0 2.431611 0 1
-1.110512 0 2.397137 0 1
-0.968454 0 2.435244 0 1
-0.783043 0 2.396807 0 1
-0.645458 0 2.426701 0 1
-0.502179 0 2.41825 0 1
-0.357421 0 2.448148 0 1
-0.222637 0 2.432593 0 1
-0.078538 0 2.445174 0 1
0.059441 0 2.417003 0 1
0.234974 0 2.40334 0 1
0.382424 0 2.414889 0 1
0.487458 0 2.424165 0 1
0.638586 0 2.440021 0 1
0.790453 0 2.428844 0 1
0.945033 0 2.40401 0 1
1.126925 0 2.431464 0 1
1.256138 0 2.39638 0 1
1.385779 0 2.447852 0 1
1.56438 0 2.431887 0 1
1.68305 0 2.403541 0 1
1.812291 0 2.430014 0 1
2.004748 0 2.399441 0 1
2.132172 0 2.412897 0 1
2.269836 0 2.419732 0 1
2.426995 0 2.39768 0 1
2.573597 0 2.436422 0 1
2.703364 0 2.418317 0 1
2.868143 0 2.410858 0 1
3.011644 0 2.396451 0 1
3.137908 0 2.442743 0 1
3.278327 0 2.413081 0 1
3.424911 0 2.427576 0 1
3.608465 0 2.430596 0 1
3.745354 0 2.44712 0 1
3.895099 0 2.432133 0 1
4.037086 0 2.41102 0 1
4.163933 0 2.442231 0 1
4.3217 0 2.434459 0 1
4.477709 0 2.428862 0 1
4.631636 0 2.410581 0 1
4.768098 0 2.424433 0 1
4.915206 0 2.438414 0 1
5.08604 0 2.432338 0 1
5.207913 0 2.414458 0 1
5.340837 0 2.442902 0 1
5.49939 0 2.416232 0 1
5.635311 0 2.436239 0 1
5.806447 0 2.396982 0 1
5.951062 0 2.410123 0 1
6.106553 0 2.446513 0 1
6.215465 0 2.428773 0 1
6.410335 0 2.421749 0 1
6.533812 0 2.415914 0 1
6.660399 0 2.428552 0 1
6.847635 0 2.422325 0 1
6.984026 0 2.40373 0 1
7.136921 0 2.412513 1 1
7.270114 0 2.421696 1 1
7.426043 0 2.437371 1 1
7.561331 0 2.431613 1 1
7.680035 0 2.429604 1 1
7.862847 0 2.43747 1 1
8 0 2.422018 1 1
-8 0 2.568807 1 1
-7.86015 0 2.579138 1 1
-7.686182 0 2.577451 1 1
-7.540198 0 2.582313 1 1
-7.418649 0 2.580839 1 1
-7.274939 0 2.566516 1 1
-7.143663 0 2.57795 1 1
-6.990026 0 2.589933 0 1
-6.842814 0 2.581832 0 1
-6.660273 0 2.556565 0 1
-6.548885 0 2.570054 0 1
-6.387399 0 2.563209 0 1
-6.257537 0 2.586059 0 1
-6.085857 0 2.552198 0 1
-5.958343 0 2.592674 0 1
-5.788467 0 2.581456 0 1
-5.633053 0 2.584108 0 1
-5.487132 0 2.554127 0 1
-5.334515 0 2.571248 0 1
-5.189791 0 2.572644 0 1
-5.085194 0 2.563782 0 1
-4.930075 0 2.578555 0 1
-4.748659 0 2.552246 0 1
-4.610035 0 2.580561 0 1
-4.454227 0 2.551786 0 1
-4.306758 0 2.562946 0 1
-4.158722 0 2.551467 0 1
-4.013125 0 2.554098 0 1
-3.879625 0 2.560528 0 1
-3.737415 0 2.578659 0 1
-3.617351 0 2.587855 0 1
-3.426312 0 2.547998 0 1
-3.291623 0 2.561897 0 1
-3.181029 0 2.576513 0 1
-3.008174 0 2.592918 0 1
-2.838628 0 2.571908 0 1
-2.741192 0 2.559319 0 1
-2.569454 0 2.578325 0 1
-2.404851 0 2.554233 0 1
-2.291391 0 2.575578 0 1
-2.148522 0 2.578078 0 1
-1.981001 0 2.572874 0 1
-1.812334 0 2.548367 0 1
-1.689066 0 2.567975 0 1
-1.565229 0 2.569946 0 1
-1.383679 0 2.573139 0 1
-1.259906 0 2.544377 0 1
-1.083026 0 2.553492 0 1
-0.964297 0 2.559573 0 1
-0.809787 0 2.559653 0 1
-0.669652 0 2.548051 0 1
-0.501664 0 2.561732 0 1
-0.346569 0 2.585587 0 1
-0.221459 0 2.587085 0 1
-0.072099 0 2.55497 0 1
0.069497 0 2.587385 0 1
0.196181 0 2.593105 0 1
0.354594 0 2.587123 0 1
0.524178 0 2.576381 0 1
0.639894 0 2.592608 0 1
0.822794 0 2.544245 0 1
0.946406 0 2.566516 0 1
1.107032 0 2.59248 0 1
1.227732 0 2.573655 0 1
1.393063 0 2.545563 0 1
1.553571 0 2.549341 0 1
1.686912 0 2.556742 0 1
1.815298 0 2.587023 0 1
1.983067 0 2.587644 0 1
2.120425 0 2.550988 0 1
2.256039 0 2.559871 0 1
2.438352 0 2.585157 0 1
2.565011 0 2.54547 0 1
2.70632 0 2.58323 0 1
2.862726 0 2.584253 0 1
3.00652 0 2.565753 0 1
3.145323 0 2.551241 0 1
3.302367 0 2.560241 0 1
3.440943 0 2.581532 0 1
3.605278 0 2.570992 0 1
3.73464 0 2.573475 0 1
3.914456 0 2.584481 0 1
4.027044 0 2.580046 0 1
4.189492 0 2.55178 0 1
4.310665 0 2.59301 0 1
4.498756 0 2.593519 0 1
4.640363 0 2.565008 0 1
4.76178 0 2.549579 0 1
4.93598 0 2.58902 0 1
5.040064 0 2.584746 0 1
5.204272 0 2.554517 0 1
5.365584 0 2.55465 0 1
5.528814 0 2.549315 0 1
5.671318 0 2.589051 0 1
5.815449 0 2.584624 0 1
5.964426 0 2.546044 0 1
6.065615 0 2.560349 0 1
6.213896 0 2.55317 0 1
6.39235 0 2.571743 0 1
6.515314 0 2.547689 0 1
6.668503 0 2.587362 0 1
6.826998 0 2.562628 0 1
6.977045 0 2.59497 0 1
7.118771 0 2.568785 1 1
7.284569 0 2.594725 1 1
7.398158 0 2.566113 1 1
7.56689 0 2.565693 1 1
7.730173 0 2.576372 1 1
7.8347 0 2.542722 1 1
8 0 2.568807 1 1
-8 0 2.715596 1 1
-7.860277 0 2.716406 1 1
-7.693806 0 2.698037 1 1
-7.566564 0 2.700227 1 1
-7.388605 0 2.716961 1 1
-7.249917 0 2.69831 1 1
-7.116974 0 2.732314 1 1
-6.959951 0 2.699237 0 1
-6.848785 0 2.699753 0 1
-6.697753 0 2.733625 0 1
-6.558158 0 2.705285 0 1
-6.40685 0 2.709105 0 1
-6.264525 0 2.693922 0 1
-6.105232 0 2.70304 0 1
-5.962913 0 2.727092 0 1
-5.800111 0 2.690454 0 1
-5.669076 0 2.714099 0 1
-5.5036 0 2.693777 0 1
-5.360122 0 2.730758 0 1
-5.189879 0 2.714544 0 1
-5.073687 0 2.72864 0 1
-4.924661 0 2.722346 0 1
-4.771497 0 2.709197 0 1
-4.604685 0 2.738961 0 1
-4.486289 0 2.721864 0 1
-4.329698 0 2.730156 0 1
-4.174514 0 2.713143 0 1
-4.015578 0 2.718439 0 1
-3.877778 0 2.709915 0 1
-3.74051 0 2.698774 0 1
-3.599525 0 2.695565 0 1
-3.451191 0 2.69252 0 1
-3.292845 0 2.699654 0 1
-3.140786 0 2.727661 0 1
-2.986674 0 2.723808 0 1
-2.837727 0 2.73973 0 1
-2.69308 0 2.706392 0 1
-2.586111 0 2.719647 0 1
-2.418484 0 2.721663 0 1
-2.262494 0 2.735759 0 1
-2.104378 0 2.727899 0 1
-1.96583 0 2.723906 0 1
-1.830361 0 2.723013 0 1
-1.70201 0 2.718273 0 1
-1.555211 0 2.697976 0 1
-1.386393 0 2.726296 0 1
-1.261207 0 2.719697 0 1
-1.080069 0 2.699912 0 1
-0.951172 0 2.705454 0 1
-0.811679 0 2.715021 0 1
-0.652909 0 2.728126 0 1
-0.493548 0 2.70074 0 1
-0.350684 0 2.704491 0 1
-0.196832 0 2.719351 0 1
-0.086022 0 2.702591 0 1
0.089816 0 2.730125 0 1
0.22606 0 2.727488 0 1
0.350087 0 2.712786 0 1
0.530929 0 2.734653 0 1
0.657316 0 2.699045 0 1
0.79013 0 2.692867 0 1
0.930636 0 2.7022 0 1
1.122112 0 2.713932 0 1
1.249133 0 2.715475 0 1
1.374019 0 2.715085 0 1
1.562178 0 2.706448 0 1
1.692279 0 2.718678 0 1
1.856792 0 2.702017 0 1
1.963116 0 2.732101 0 1
2.141797 0 2.694382 0 1
2.290725 0 2.71016 0 1
2.437374 0 2.734778 0 1
2.571343 0 2.69833 0 1
2.735855 0 2.703194 0 1
2.86525 0 2.721228 0 1
3.032411 0 2.735932 0 1
3.156947 0 2.715909 0 1
3.306394 0 2.707633 0 1
3.434247 0 2.728278 0 1
3.607161 0 2.708842 0 1
3.743877 0 2.698932 0 1
3.89717 0 2.710013 0 1
4.013492 0 2.73345 0 1
4.196729 0 2.741889 0 1
4.344467 0 2.699849 0 1
4.46534 0 2.705139 0 1
4.646182 0 2.72328 0 1
4.787271 0 2.734366 0 1
4.921334 0 2.69496 0 1
5.041307 0 2.733309 0 1
5.193201 0 2.700274 0 1
5.369844 0 2.736657 0 1
5.524012 0 2.690381 0 1
5.632839 0 2.719675 0 1
5.81292 0 2.727738 0 1
5.949545 0 2.707577 0 1
6.066591 0 2.705175 0 1
6.237368 0 2.723721 0 1
6.397735 0 2.699365 0 1
6.538033 0 2.699549 0 1
6.652737 0 2.711135 0 1
6.824108 0 2.700294 0 1
6.977417 0 2.694085 0 1
7.143966 0 2.696846 1 1
7.242192 0 2.69715 1 1
7.394443 0 2.700126 1 1
7.539451 0 2.725467 1 1
7.717012 0 2.713501 1 1
7.851444 0 2.724061 1 1
8 0 2.715596 1 1
-8 0 2.862385 1 1
-7.876806 0 2.867978 1 1
-7.693421 0 2.840679 1 1
-7.580099 0 2.857243 1 1
-7.432423 0 2.845513 1 1
-7.286085 0 2.874099 1 1
-7.122094 0 2.87417 1 1
-6.963931 0 2.884872 0 1
-6.811951 0 2.885235 0 1
-6.694861 0 2.868884 0 1
-6.519973 0 2.83792 0 1
-6.381522 0 2.858763 0 1
-6.247129 0 2.864296 0 1
-6.08327 0 2.860025 0 1
-5.925039 0 2.878834 0 1
-5.783546 0 2.84144 0 1
-5.637406 0 2.850868 0 1
-5.525701 0 2.850995 0 1
-5.342482 0 2.872058 0 1
-5.204385 0 2.843394 0 1
-5.072826 0 2.836425 0 1
-4.908716 0 2.887855 0 1
-4.789131 0 2.851114 0 1
-4.643469 0 2.880352 0 1
-4.472234 0 2.872987 0 1
-4.337318 0 2.887099 0 1
-4.171777 0 2.880334 0 1
-4.059631 0 2.875179 0 1
-3.881709 0 2.878522 0 1
-3.7582 0 2.871208 0 1
-3.591247 0 2.842738 0 1
-3.43926 0 2.862203 0 1
-3.328271 0 2.841098 0 1
-3.131185 0 2.842233 0 1
-3.02104 0 2.858362 0 1
-2.869835 0 2.853224 0 1
-2.722641 0 2.852184 0 1
-2.5464 0 2.847167 0 1
-2.447011 0 2.885717 0 1
-2.25472 0 2.877103 0 1
-2.153507 0 2.888284 0 1
-1.958919 0 2.858288 0 1
-1.842164 0 2.844522 0 1
-1.702299 0 2.862114 0 1
-1.564519 0 2.86762 0 1
-1.417667 0 2.87395 0 1
-1.223187 0 2.858751 0 1
-1.08179 0 2.837146 0 1
-0.968491 0 2.842647 0 1
-0.818891 0 2.870317 0 1
-0.639354 0 2.854057 0 1
-0.526388 0 2.881623 0 1
-0.349652 0 2.872132 0 1
-0.212677 0 2.847686 0 1
-0.06228 0 2.851048 0 1
0.060167 0 2.842553 0 1
0.226321 0 2.883945 0 1
0.361981 0 2.862194 0 1
0.53565 0 2.869775 0 1
0.653605 0 2.883155 0 1
0.797207 0 2.839392 0 1
0.951106 0 2.871742 0 1
1.127236 0 2.85562 0 1
1.243752 0 2.845078 0 1
1.381078 0 2.861306 0 1
1.520486 0 2.880182 0 1
1.67492 0 2.858907 0 1
1.814283 0 2.865289 0 1
1.995875 0 2.878094 0 1
2.12919 0 2.83801 0 1
2.250215 0 2.884129 0 1
2.437477 0 2.865231 0 1
2.54769 0 2.857029 0 1
2.729518 0 2.840718 0 1
2.844517 0 2.863246 0 1
3.011519 0 2.863276 0 1
3.172468 0 2.871379 0 1
3.299992 0 2.843791 0 1
3.42473 0 2.874 0 1
3.621389 0 2.873182 0 1
3.741188 0 2.846294 0 1
3.86573 0 2.8599 0 1
4.023301 0 2.860374 0 1
4.169175 0 2.840175 0 1
4.306379 0 2.88195 0 1
4.469725 0 2.864007 0 1
4.611992 0 2.851829 0 1
4.78655 0 2.84521 0 1
4.928215 0 2.837273 0 1
5.067662 0 2.845566 0 1
5.212684 0 2.863871 0 1
5.350153 0 2.85847 0 1
5.500861 0 2.849373 0 1
5.626523 0 2.842331 0 1
5.772032 0 2.846477 0 1
5.953993 0 2.882052 0 1
6.075909 0 2.857237 0 1
6.255579 0 2.884551 0 1
6.382123 0 2.849397 0 1
6.528806 0 2.856764 0 1
6.695978 0 2.840134 0 1
6.830188 0 2.863686 0 1
6.989952 0 2.872927 0 1
7.117945 0 2.837659 1 1
7.291411 0 2.857259 1 1
7.408911 0 2.852377 1 1
7.550667 0 2.867105 1 1
7.719902 0 2.87798 1 1
7.829462 0 2.867063 1 1
8 0 2.862385 1 1
-8 0 3.009174 1 1
-7.844411 0 2.989322 1 1
-7.719511 0 2.983791 1 1
-7.551437 0 3.013696 1 1
-7.410525 0 3.032504 1 1
-7.288887 0 3.020531 1 1
-7.10567 0 3.028088 1 1
-6.965551 0 2.996997 0 1
-6.85195 0 2.995926 0 1
-6.65261 0 2.986228 0 1
-6.517078 0 2.984987 0 1
-6.379479 0 3.009271 0 1
-6.222265 0 2.99848 0 1
-6.074298 0 3.026175 0 1
-5.92227 0 3.003626 0 1
-5.792558 0 3.035052 0 1
-5.644037 0 3.016997 0 1
-5.520511 0 3.013947 0 1
-5.348014 0 3.02575 0 1
-5.217233 0 3.012162 0 1
-5.075179 0 3.004465 0 1
-4.923667 0 2.988014 0 1
-4.785635 0 2.9979 0 1
-4.64768 0 3.008112 0 1
-4.489421 0 2.995081 0 1
-4.347492 0 2.999785 0 1
-4.200237 0 3.021697 0 1
-4.012017 0 3.018144 0 1
-3.884882 0 3.013553 0 1
-3.721349 0 3.035368 0 1
-3.59918 0 2.983527 0 1
-3.438365 0 3.030897 0 1
-3.320448 0 3.005517 0 1
-3.130173 0 3.017646 0 1
-3.034206 0 3.007445 0 1
-2.861562 0 3.026075 0 1
-2.713453 0 2.991817 0 1
-2.590525 0 2.985655 0 1
-2.440072 0 3.017912 0 1
-2.300202 0 3.025199 0 1
-2.121688 0 2.987777 0 1
-1.958881 0 3.032241 0 1
-1.811415 0 3.024984 0 1
-1.702066 0 3.018916 0 1
-1.528024 0 3.012956 0 1
-1.38945 0 3.029517 0 1
-1.232908 0 3.006457 0 1
-1.119592 0 2.988669 0 1
-0.928974 0 3.033616 0 1
-0.795135 0 3.011156 0 1
-0.653894 0 3.033725 0 1
-0.491155 0 3.009609 0 1
-0.35031 0 3.027744 0 1
-0.19532 0 3.031796 0 1
-0.052565 0 2.998823 0 1
0.054278 0 3.022799 0 1
0.21761 0 3.029264 0 1
0.359366 0 3.009869 0 1
0.536331 0 3.012931 0 1
0.657399 0 3.009536 0 1
0.804046 0 2.983362 0 1
0.936826 0 3.025655 0 1
1.088208 0 2.985227 0 1
1.246349 0 3.007762 0 1
1.373025 0 3.027278 0 1
1.559363 0 3.002846 0 1
1.66615 0 3.01423 0 1
1.813276 0 3.016993 0 1
1.95967 0 2.991093 0 1
2.149102 0 3.018387 0 1
2.280008 0 3.024576 0 1
2.427298 0 3.00513 0 1
2.590146 0 2.990702 0 1
2.72755 0 3.003473 0 1
2.88581 0 3.018172 0 1
3.02756 0 3.017872 0 1
3.132185 0 2.985032 0 1
3.295071 0 3.02045 0 1
3.436787 0 3.024524 0 1
3.611661 0 3.005133 0 1
3.735436 0 2.985079 0 1
3.911024 0 3.016695 0 1
4.01963 0 2.997766 0 1
4.204294 0 3.019264 0 1
4.33335 0 3.000366 0 1
4.470585 0 2.988407 0 1
4.64663 0 3.013456 0 1
4.789613 0 3.017557 0 1
4.924892 0 2.992355 0 1
5.071618 0 3.029507 0 1
5.233533 0 3.019849 0 1
5.346333 0 3.014978 0 1
5.498443 0 2.995892 0 1
5.638949 0 3.015082 0 1
5.773097 0 3.006694 0 1
5.93504 0 2.986174 0 1
6.065935 0 3.012389 0 1
6.217511 0 2.990274 0 1
6.410751 0 3.001542 0 1
6.545852 0 3.026376 0 1
6.673965 0 3.011427 0 1
6.805875 0 3.009308 0 1
6.976381 0 3.024464 0 1
7.104576 0 3.011004 1 1
7.267783 0 3.00927 1 1
7.418872 0 3.029273 1 1
7.540475 0 2.996414 1 1
7.70534 0 3.035099 1 1
7.866575 0 3.006277 1 1
8 0 3.009174 1 1
-8 0 3.155963 1 1
-7.849208 0 3.151995 1 1
-7.69991 0 3.132892 1 1
-7.570207 0 3.140874 1 1
-7.395422 0 3.160534 1 1
-7.252491 0 3.167841 1 1
-7.126783 0 3.169464 1 1
-6.967209 0 3.172602 0 1
-6.799341 0 3.175681 0 1
-6.667552 0 3.135246 0 1
-6.547258 0 3.167574 0 1
-6.364477 0 3.1476 0 1
-6.213113 0 3.131855 0 1
-6.104716 0 3.158938 0 1
-5.966388 0 3.147109 0 1
-5.780723 0 3.1307 0 1
-5.669049 0 3.177441 0 1
-5.516297 0 3.145505 0 1
-5.376577 0 3.136124 0 1
-5.232286 0 3.14634 0 1
-5.088974 0 3.139753 0 1
-4.928573 0 3.131034 0 1
-4.76709 0 3.150788 0 1
-4.646937 0 3.169471 0 1
-4.477897 0 3.177711 0 1
-4.317195 0 3.170358 0 1
-4.203209 0 3.143212 0 1
-4.034676 0 3.169333 0 1
-3.883013 0 3.158431 0 1
-3.719 0 3.16809 0 1
-3.576974 0 3.153941 0 1
-3.446838 0 3.134662 0 1
-3.324967 0 3.143855 0 1
-3.155066 0 3.182136 0 1
-2.993993 0 3.173916 0 1
-2.855909 0 3.178111 0 1
-2.708907 0 3.179594 0 1
-2.566381 0 3.162118 0 1
-2.419989 0 3.172068 0 1
-2.288494 0 3.181078 0 1
-2.133945 0 3.162228 0 1
-1.984804 0 3.178703 0 1
-1.841142 0 3.146047 0 1
-1.667331 0 3.134313 0 1
-1.549724 0 3.143345 0 1
-1.404348 0 3.164413 0 1
-1.268281 0 3.161972 0 1
-1.089166 0 3.16545 0 1
-0.977454 0 3.165869 0 1
-0.808515 0 3.148635 0 1
-0.650141 0 3.149701 0 1
-0.503469 0 3.148103 0 1
-0.389675 0 3.133695 0 1
-0.210525 0 3.132811 0 1
-0.055823 0 3.157962 0 1
0.087731 0 3.172213 0 1
0.204708 0 3.146155 0 1
0.362258 0 3.167027 0 1
0.493985 0 3.156738 0 1
0.647863 0 3.14922 0 1
0.783867 0 3.155197 0 1
0.930304 0 3.160937 0 1
1.108914 0 3.145454 0 1
1.228465 0 3.157567 0 1
1.398742 0 3.138997 0 1
1.530362 0 3.149428 0 1
1.68147 0 3.175261 0 1
1.84995 0 3.168675 0 1
1.98465 0 3.152524 0 1
2.128308 0 3.132184 0 1
2.290511 0 3.143393 0 1
2.396355 0 3.171315 0 1
2.558806 0 3.151926 0 1
2.708419 0 3.169505 0 1
2.853926 0 3.176703 0 1
3.012937 0 3.170893 0 1
3.145845 0 3.146395 0 1
3.287995 0 3.170826 0 1
3.465673 0 3.131068 0 1
3.576823 0 3.174831 0 1
3.736225 0 3.17176 0 1
3.909772 0 3.170933 0 1
4.055419 0 3.139282 0 1
4.179192 0 3.166564 0 1
4.306717 0 3.150493 0 1
4.468292 0 3.161683 0 1
4.609527 0 3.132379 0 1
4.780936 0 3.165225 0 1
4.899478 0 3.139409 0 1
5.047041 0 3.145083 0 1
5.235491 0 3.171721 0 1
5.354003 0 3.176116 0 1
5.514836 0 3.154587 0 1
5.646157 0 3.169904 0 1
5.804151 0 3.150158 0 1
5.92401 0 3.138888 0 1
6.102795 0 3.134821 0 1
6.231795 0 3.180927 0 1
6.385499 0 3.180089 0 1
6.533876 0 3.156865 0 1
6.672993 0 3.13271 0 1
6.839454 0 3.181298 0 1
6.946848 0 3.15462 0 1
7.120126 0 3.150472 1 1
7.277203 0 3.181943 1 1
7.393178 0 3.17576 1 1
7.542347 0 3.161011 1 1
7.729767 0 3.153009 1 1
7.868303 0 3.130261 1 1
8 0 3.155963 1 1
-8 0 3.302752 1 1
-7.837257 0 3.299905 1 1
-7.680306 0 3.29792 1 1
-7.572151 0 3.285003 1 1
-7.396357 0 3.280354 1 1
-7.253877 0 3.324922 1 1
-7.142862 0 3.304272 1 1
-6.986808 0 3.316477 0 1
-6.826812 0 3.288377 0 1
-6.687052 0 3.307442 0 1
-6.538141 0 3.316099 0 1
-6.409202 0 3.305612 0 1
-6.2135 0 3.309916 0 1
-6.098692 0 3.29032 0 1
-5.944211 0 3.292699 0 1
-5.818066 0 3.30579 0 1
-5.638103 0 3.302935 0 1
-5.484578 0 3.295461 0 1
-5.344459 0 3.326533 0 1
-5.23494 0 3.312043 0 1
-5.06796 0 3.292474 0 1
-4.924437 0 3.310796 0 1
-4.779174 0 3.284027 0 1
-4.639875 0 3.322836 0 1
-4.497599 0 3.32624 0 1
-4.348551 0 3.314004 0 1
-4.186263 0 3.317007 0 1
-4.030632 0 3.315249 0 1
-3.864694 0 3.312379 0 1
-3.736736 0 3.31943 0 1
-3.618268 0 3.299496 0 1
-3.435086 0 3.316711 0 1
-3.316339 0 3.291838 0 1
-3.148485 0 3.315554 0 1
-3.009741 0 3.277953 0 1
-2.842959 0 3.305663 0 1
-2.721964 0 3.285299 0 1
-2.591384 0 3.301417 0 1
-2.410698 0 3.310946 0 1
-2.29844 0 3.321078 0 1
-2.1228 0 3.296782 0 1
-1.995024 0 3.278534 0 1
-1.843901 0 3.309904 0 1
-1.712741 0 3.308506 0 1
-1.52581 0 3.28846 0 1
-1.382913 0 3.302913 0 1
-1.266475 0 3.309312 0 1
-1.115215 0 3.32113 0 1
-0.93399 0 3.276955 0 1
-0.78843 0 3.321946 0 1
-0.64534 0 3.315451 0 1
-0.512985 0 3.314122 0 1
-0.37245 0 3.301387 0 1
-0.23146 0 3.324154 0 1
-0.055292 0 3.294579 0 1
0.056075 0 3.289758 0 1
0.242208 0 3.326823 0 1
0.354377 0 3.298921 0 1
0.530981 0 3.287442 0 1
0.662404 0 3.29544 0 1
0.784403 0 3.308183 0 1
0.939197 0 3.313563 0 1
1.10369 0 3.277153 0 1
1.257548 0 3.316262 0 1
1.410373 0 3.31171 0 1
1.527594 0 3.307812 0 1
1.669424 0 3.300453 0 1
1.834986 0 3.311264 0 1
2.001422 0 3.315189 0 1
2.1445 0 3.30634 0 1
2.271297 0 3.307314 0 1
2.422784 0 3.284521 0 1
2.589243 0 3.312824 0 1
2.692394 0 3.328815 0 1
2.852583 0 3.306915 0 1
2.989772 0 3.301661 0 1
3.144033 0 3.300079 0 1
3.283598 0 3.296244 0 1
3.425044 0 3.281062 0 1
3.608426 0 3.307942 0 1
3.756209 0 3.296482 0 1
3.876836 0 3.290482 0 1
4.058076 0 3.320278 0 1
4.191344 0 3.307635 0 1
4.312453 0 3.288773 0 1
4.480658 0 3.281784 0 1
4.648996 0 3.328399 0 1
4.779072 0 3.302751 0 1
4.911719 0 3.319499 0 1
5.087667 0 3.306271 0 1
5.236554 0 3.303655 0 1
5.358574 0 3.27894 0 1
5.508713 0 3.325165 0 1
5.63382 0 3.282731 0 1
5.814875 0 3.277118 0 1
5.930687 0 3.323307 0 1
6.066181 0 3.312881 0 1
6.232505 0 3.299263 0 1
6.364956 0 3.324421 0 1
6.532529 0 3.309695 0 1
6.68796 0 3.305823 0 1
6.841649 0 3.30174 0 1
6.966465 0 3.276922 0 1
7.097262 0 3.291944 1 1
7.259326 0 3.31844 1 1
7.401681 0 3.324802 1 1
7.545642 0 3.305555 1 1
7.729069 0 3.310672 1 1
7.86067 0 3.280825 1 1
8 0 3.302752 1 1
-8 0 3.449541 1 1
-7.852665 0 3.425622 1 1
-7.707342 0 3.445374 1 1
-7.546365 0 3.468365 1 1
-7.405366 0 3.433423 1 1
-7.276131 0 3.468901 1 1
-7.114579 0 3.467089 1 1
-6.957147 0 3.424962 0 1
-6.841618 0 3.463973 0 1
-6.704428 0 3.46726 0 1
-6.537168 0 3.432757 0 1
-6.392188 0 3.466218 0 1
-6.215098 0 3.473453 0 1
-6.087076 0 3.44624 0 1
-5.967438 0 3.424152 0 1
-5.788176 0 3.446155 0 1
-5.62641 0 3.458442 0 1
-5.508705 0 3.427982 0 1
-5.383531 0 3.457325 0 1
-5.189019 0 3.438924 0 1
-5.086069 0 3.427891 0 1
-4.899426 0 3.4756 0 1
-4.785185 0 3.438031 0 1
-4.60759 0 3.451742 0 1
-4.498172 0 3.455572 0 1
-4.307954 0 3.454376 0 1
-4.16909 0 3.447926 0 1
-4.035493 0 3.423914 0 1
-3.875482 0 3.463292 0 1
-3.746824 0 3.45209 0 1
-3.607206 0 3.430561 0 1
-3.447729 0 3.453107 0 1
-3.296314 0 3.431538 0 1
-3.150313 0 3.464597 0 1
-3.007697 0 3.451652 0 1
-2.859319 0 3.4506 0 1
-2.708448 0 3.429371 0 1
-2.567268 0 3.459166 0 1
-2.414576 0 3.464422 0 1
-2.297812 0 3.424738 0 1
-2.112437 0 3.445776 0 1
-1.98889 0 3.467714 0 1
-1.831198 0 3.470509 0 1
-1.71326 0 3.454546 0 1
-1.561021 0 3.472965 0 1
-1.413905 0 3.469684 0 1
-1.233756 0 3.442064 0 1
-1.082461 0 3.456467 0 1
-0.950043 0 3.467035 0 1
-0.823892 0 3.423896 0 1
-0.635303 0 3.452358 0 1
-0.539875 0 3.472983 0 1
-0.345976 0 3.442595 0 1
-0.23925 0 3.426968 0 1
-0.075456 0 3.440854 0 1
0.063584 0 3.473709 0 1
0.2181 0 3.447265 0 1
0.377862 0 3.458576 0 1
0.49463 0 3.438803 0 1
0.665947 0 3.464552 0 1
0.786021 0 3.458682 0 1
0.97182 0 3.452259 0 1
1.089309 0 3.455278 0 1
1.25258 0 3.472791 0 1
1.3911 0 3.432474 0 1
1.522309 0 3.472953 0 1
1.679315 0 3.454172 0 1
1.832182 0 3.465984 0 1
2.001819 0 3.471388 0 1
2.115987 0 3.46177 0 1
2.262885 0 3.430089 0 1
2.439103 0 3.441436 0 1
2.557903 0 3.448807 0 1
2.7333 0 3.439974 0 1
2.877155 0 3.4298 0 1
3.027401 0 3.430599 0 1
3.174171 0 3.442522 0 1
3.320217 0 3.460655 0 1
3.424074 0 3.461924 0 1
3.573257 0 3.44422 0 1
3.765596 0 3.470598 0 1
3.885153 0 3.473355 0 1
4.03455 0 3.434284 0 1
4.164252 0 3.467911 0 1
4.32869 0 3.432506 0 1
4.459253 0 3.452711 0 1
4.614769 0 3.461226 0 1
4.785837 0 3.423386 0 1
4.89571 0 3.450607 0 1
5.087753 0 3.466284 0 1
5.194245 0 3.459521 0 1
5.369269 0 3.435821 0 1
5.485365 0 3.445297 0 1
5.645536 0 3.472474 0 1
5.820581 0 3.465122 0 1
5.93825 0 3.448562 0 1
6.068435 0 3.44169 0 1
6.241833 0 3.460005 0 1
6.409037 0 3.427953 0 1
6.53604 0 3.474628 0 1
6.684734 0 3.467711 0 1
6.846081 0 3.42889 0 1
6.989191 0 3.427673 0 1
7.102669 0 3.427393 1 1
7.286142 0 3.462428 1 1
7.398439 0 3.46629 1 1
7.575166 0 3.425933 1 1
7.710095 0 3.433667 1 1
7.828524 0 3.426865 1 1
8 0 3.449541 1 1
-8 0 3.59633 1 1
-7.8569 0 3.586497 1 1
-7.732067 0 3.620479 1 1
-7.572504 0 3.606934 1 1
-7.387058 0 3.574486 1 1
-7.265834 0 3.611402 1 1
-7.116002 0 3.5872 1 1
-6.983414 0 3.61275 0 1
-6.844667 0 3.599897 0 1
-6.680573 0 3.60125 0 1
-6.528248 0 3.615629 0 1
-6.389965 0 3.576858 0 1
-6.251368 0 3.620456 0 1
-6.077687 0 3.591755 0 1
-5.932657 0 3.620603 0 1
-5.78268 0 3.597106 0 1
-5.670334 0 3.594963 0 1
-5.488482 0 3.612761 0 1
-5.379853 0 3.617558 0 1
-5.199101 0 3.573646 0 1
-5.077018 0 3.572308 0 1
-4.925263 0 3.599579 0 1
-4.764788 0 3.581628 0 1
-4.640595 0 3.594654 0 1
-4.487804 0 3.62121 0 1
-4.315285 0 3.608398 0 1
-4.18677 0 3.597599 0 1
-4.016547 0 3.582694 0 1
-3.870284 0 3.577908 0 1
-3.741537 0 3.591343 0 1
-3.608325 0 3.598744 0 1
-3.473907 0 3.592592 0 1
-3.318935 0 3.598864 0 1
-3.130084 0 3.622565 0 1
-2.988513 0 3.619103 0 1
-2.862207 0 3.598823 0 1
-2.690883 0 3.586708 0 1
-2.583189 0 3.618585 0 1
-2.406282 0 3.603233 0 1
-2.256744 0 3.591357 0 1
-2.147575 0 3.572415 0 1
-1.990424 0 3.593451 0 1
-1.837804 0 3.58453 0 1
-1.711847 0 3.588938 0 1
-1.53495 0 3.588533 0 1
-1.40167 0 3.590891 0 1
-1.263243 0 3.579567 0 1
-1.083762 0 3.601301 0 1
-0.95197 0 3.587522 0 1
-0.793301 0 3.57557 0 1
-0.6609 0 3.60689 0 1
-0.501575 0 3.605107 0 1
-0.361683 0 3.616912 0 1
-0.241335 0 3.574312 0 1
-0.094526 0 3.611069 0 1
0.09672 0 3.574915 0 1
0.24588 0 3.570917 0 1
0.357912 0 3.585494 0 1
0.537141 0 3.605947 0 1
0.636981 0 3.607042 0 1
0.789805 0 3.571166 0 1
0.9656 0 3.589511 0 1
1.086851 0 3.613112 0 1
1.270544 0 3.606827 0 1
1.372468 0 3.579268 0 1
1.514897 0 3.574278 0 1
1.668798 0 3.59304 0 1
1.82502 0 3.61186 0 1
1.985133 0 3.615984 0 1
2.105164 0 3.578253 0 1
2.270879 0 3.612842 0 1
2.444159 0 3.57408 0 1
2.548251 0 3.581249 0 1
2.727194 0 3.579584 0 1
2.882387 0 3.620988 0 1
3.017348 0 3.60618 0 1
3.143261 0 3.603396 0 1
3.308969 0 3.571599 0 1
3.438049 0 3.62042 0 1
3.595924 0 3.610333 0 1
3.753909 0 3.614536 0 1
3.88799 0 3.599012 0 1
4.05946 0 3.607338 0 1
4.188236 0 3.589257 0 1
4.305336 0 3.582094 0 1
4.490328 0 3.573383 0 1
4.597945 0 3.590659 0 1
4.794813 0 3.602779 0 1
4.942259 0 3.610749 0 1
5.038443 0 3.606372 0 1
5.215183 0 3.570067 0 1
5.349777 0 3.619459 0 1
5.524577 0 3.592547 0 1
5.651719 0 3.606832 0 1
5.811921 0 3.573312 0 1
5.947214 0 3.603034 0 1
6.113402 0 3.620396 0 1
6.264451 0 3.587707 0 1
6.391418 0 3.61704 0 1
6.55641 0 3.588888 0 1
6.692637 0 3.582783 0 1
6.819019 0 3.599875 0 1
6.953797 0 3.589003 0 1
7.096578 0 3.573043 1 1
7.290562 0 3.599997 1 1
7.416945 0 3.603946 1 1
7.554231 0 3.592551 1 1
7.7283 0 3.613465 1 1
7.829896 0 3.5988 1 1
8 0 3.59633 1 1
-8 0 3.743119 1 1
-7.841737 0 3.74193 1 1
-7.730514 0 3.753448 1 1
-7.573286 0 3.742009 1 1
-7.425154 0 3.752643 1 1
-7.254606 0 3.767238 1 1
-7.110694 0 3.746833 1 1
-6.983628 0 3.747402 0 1
-6.801212 0 3.736512 0 1
-6.69343 0 3.716844 0 1
-6.532597 0 3.736618 0 1
-6.366928 0 3.725003 0 1
-6.247616 0 3.728215 0 1
-6.084721 0 3.760475 0 1
-5.967525 0 3.727927 0 1
-5.804534 0 3.730178 0 1
-5.6303 0 3.726402 0 1
-5.52542 0 3.745087 0 1
-5.374509 0 3.719929 0 1
-5.227562 0 3.766742 0 1
-5.053522 0 3.724595 0 1
-4.902145 0 3.732958 0 1
-4.751829 0 3.720383 0 1
-4.611317 0 3.718386 0 1
-4.501381 0 3.763994 0 1
-4.33441 0 3.75246 0 1
-4.191087 0 3.716994 0 1
-4.02273 0 3.745287 0 1
-3.868056 0 3.743671 0 1
-3.756701 0 3.724701 0 1
-3.575042 0 3.721368 0 1
-3.455218 0 3.72832 0 1
-3.321983 0 3.765711 0 1
-3.167505 0 3.752543 0 1
-2.984988 0 3.7655 0 1
-2.864682 0 3.756554 0 1
-2.689384 0 3.746104 0 1
-2.543335 0 3.740538 0 1
-2.403142 0 3.76218 0 1
-2.297016 0 3.748056 0 1
-2.123494 0 3.739077 0 1
-1.999223 0 3.719151 0 1
-1.810911 0 3.729394 0 1
-1.679035 0 3.763322 0 1
-1.525572 0 3.763451 0 1
-1.413442 0 3.736252 0 1
-1.246615 0 3.720805 0 1
-1.102928 0 3.741183 0 1
-0.979247 0 3.748184 0 1
-0.833703 0 3.740208 0 1
-0.682172 0 3.734889 0 1
-0.531617 0 3.754412 0 1
-0.364292 0 3.726258 0 1
-0.223806 0 3.767292 0 1
-0.094586 0 3.758722 0 1
0.085314 0 3.725729 0 1
0.212393 0 3.764806 0 1
0.382069 0 3.744295 0 1
0.53542 0 3.754892 0 1
0.6704 0 3.746583 0 1
0.803838 0 3.757535 0 1
0.954294 0 3.72787 0 1
1.094123 0 3.745774 0 1
1.225594 0 3.747798 0 1
1.384611 0 3.75631 0 1
1.551339 0 3.741557 0 1
1.698852 0 3.721675 0 1
1.837822 0 3.719047 0 1
1.95789 0 3.76914 0 1
2.119968 0 3.729186 0 1
2.277078 0 3.759411 0 1
2.427507 0 3.728109 0 1
2.571317 0 3.736537 0 1
2.738985 0 3.74357 0 1
2.866712 0 3.764215 0 1
3.025223 0 3.731288 0 1
3.180348 0 3.733131 0 1
3.279153 0 3.721769 0 1
3.450277 0 3.725581 0 1
3.609752 0 3.725285 0 1
3.719549 0 3.745825 0 1
3.895988 0 3.745056 0 1
4.043317 0 3.761017 0 1
4.169146 0 3.751706 0 1
4.31207 0 3.730012 0 1
4.465302 0 3.742447 0 1
4.612162 0 3.72787 0 1
4.751179 0 3.756294 0 1
4.918747 0 3.722495 0 1
5.06007 0 3.767083 0 1
5.203606 0 3.748533 0 1
5.341749 0 3.717237 0 1
5.484852 0 3.749846 0 1
5.625644 0 3.718606 0 1
5.782727 0 3.719377 0 1
5.968053 0 3.75347 0 1
6.076895 0 3.72363 0 1
6.249996 0 3.743015 0 1
6.403842 0 3.723419 0 1
6.551969 0 3.729575 0 1
6.690411 0 3.718887 0 1
6.840318 0 3.723601 0 1
6.950998 0 3.734425 0 1
7.09533 0 3.730091 1 1
7.250045 0 3.752746 1 1
7.430012 0 3.734899 1 1
7.575119 0 3.728894 1 1
7.723764 0 3.740843 1 1
7.845594 0 3.76442 1 1
8 0 3.743119 1 1
-8 0 3.889908 1 1
-7.874562 0 3.891878 1 1
-7.725868 0 3.86724 1 1
-7.584844 0 3.872042 1 1
-7.407654 0 3.885454 1 1
-7.245791 0 3.899726 1 1
-7.106462 0 3.888306 1 1
-6.978918 0 3.895622 0 1
-6.806632 0 3.871895 0 1
-6.665737 0 3.89154 0 1
-6.552226 0 3.904977 0 1
-6.39781 0 3.907989 0 1
-6.225751 0 3.906881 0 1
-6.114631 0 3.883942 0 1
-5.962805 0 3.893475 0 1
-5.782235 0 3.874215 0 1
-5.671535 0 3.889213 0 1
-5.50453 0 3.882874 0 1
-5.354777 0 3.882963 0 1
-5.192977 0 3.907951 0 1
-5.042691 0 3.887821 0 1
-4.904054 0 3.910566 0 1
-4.776816 0 3.9005 0 1
-4.601138 0 3.867931 0 1
-4.476422 0 3.884292 0 1
-4.337585 0 3.879508 0 1
-4.194745 0 3.90381 0 1
-4.049658 0 3.898153 0 1
-3.893027 0 3.886288 0 1
-3.71777 0 3.899677 0 1
-3.5908 0 3.873451 0 1
-3.464088 0 3.885513 0 1
-3.328723 0 3.897688 0 1
-3.162467 0 3.887457 0 1
-3.028754 0 3.872414 0 1
-2.88169 0 3.910098 0 1
-2.735811 0 3.879103 0 1
-2.587469 0 3.874924 0 1
-2.426725 0 3.870749 0 1
-2.257857 0 3.881639 0 1
-2.120274 0 3.900235 0 1
-1.993988 0 3.871482 0 1
-1.825394 0 3.908412 0 1
-1.680874 0 3.91395 0 1
-1.539498 0 3.889538 0 1
-1.368796 0 3.913708 0 1
-1.241487 0 3.902586 0 1
-1.078178 0 3.871282 0 1
-0.967862 0 3.879928 0 1
-0.790394 0 3.867959 0 1
-0.655225 0 3.899563 0 1
-0.52625 0 3.874109 0 1
-0.375489 0 3.876138 0 1
-0.239526 0 3.914517 0 1
-0.047537 0 3.913542 0 1
0.098448 0 3.87335 0 1
0.213083 0 3.86653 0 1
0.368644 0 3.875372 0 1
0.501118 0 3.874177 0 1
0.677209 0 3.906233 0 1
0.793647 0 3.867644 0 1
0.971802 0 3.908316 0 1
1.10245 0 3.884923 0 1
1.241041 0 3.901469 0 1
1.387615 0 3.888159 0 1
1.55332 0 3.911899 0 1
1.69144 0 3.877678 0 1
1.825923 0 3.887453 0 1
1.98624 0 3.910777 0 1
2.144161 0 3.877662 0 1
2.289608 0 3.911124 0 1
2.429191 0 3.913529 0 1
2.561435 0 3.876165 0 1
2.708765 0 3.888439 0 1
2.881264 0 3.884255 0 1
3.03196 0 3.89491 0 1
3.156111 0 3.914337 0 1
3.27969 0 3.874511 0 1
3.437934 0 3.867665 0 1
3.588047 0 3.883035 0 1
3.744995 0 3.911482 0 1
3.893749 0 3.912382 0 1
4.059782 0 3.911948 0 1
4.173253 0 3.868112 0 1
4.32191 0 3.90367 0 1
4.482134 0 3.88056 0 1
4.647102 0 3.893909 0 1
4.765203 0 3.908099 0 1
4.900612 0 3.908586 0 1
5.050456 0 3.887435 0 1
5.236419 0 3.87071 0 1
5.35082 0 3.901397 0 1
5.530338 0 3.877527 0 1
5.645289 0 3.912796 0 1
5.786852 0 3.916209 0 1
5.968927 0 3.89787 0 1
6.096157 0 3.876582 0 1
6.259525 0 3.91321 0 1
6.40205 0 3.879392 0 1
6.522426 0 3.879812 0 1
6.69044 0 3.866437 0 1
6.829206 0 3.875112 0 1
6.986762 0 3.875429 0 1
7.14363 0 3.899456 1 1
7.240588 0 3.891713 1 1
7.422687 0 3.869932 1 1
7.582892 0 3.906921 1 1
7.728603 0 3.870995 1 1
7.833143 0 3.882952 1 1
8 0 3.889908 1 1
-8 0 4.036697 1 1
-7.850623 0 4.015157 1 1
-7.683565 0 4.025117 1 1
-7.577789 0 4.029444 1 1
-7.388036 0 4.025038 1 1
-7.245115 0 4.033154 1 1
-7.09782 0 4.052419 1 1
-6.985172 0 4.054883 0 1
-6.817736 0 4.046141 0 1
-6.702752 0 4.03655 0 1
-6.524563 0 4.018921 0 1
-6.377495 0 4.053389 0 1
-6.263616 0 4.038232 0 1
-6.076068 0 4.05653 0 1
-5.928025 0 4.022036 0 1
-5.801087 0 4.034212 0 1
-5.647291 0 4.031429 0 1
-5.513892 0 4.020226 0 1
-5.359488 0 4.016166 0 1
-5.189289 0 4.044397 0 1
-5.088177 0 4.050605 0 1
-4.906848 0 4.053359 0 1
-4.754067 0 4.059549 0 1
-4.646952 0 4.059292 0 1
-4.484067 0 4.044575 0 1
-4.321911 0 4.012687 0 1
-4.20857 0 4.018307 0 1
-4.017867 0 4.019691 0 1
-3.909565 0 4.026614 0 1
-3.752642 0 4.045288 0 1
-3.572795 0 4.016612 0 1
-3.474565 0 4.026188 0 1
-3.278039 0 4.046859 0 1
-3.175863 0 4.058811 0 1
-2.995273 0 4.038234 0 1
-2.855645 0 4.014864 0 1
-2.68952 0 4.058281 0 1
-2.584742 0 4.020744 0 1
-2.415548 0 4.028827 0 1
-2.293504 0 4.051259 0 1
-2.145561 0 4.048368 0 1
-1.976318 0 4.02013 0 1
-1.822906 0 4.055507 0 1
-1.673061 0 4.028452 0 1
-1.529704 0 4.061342 0 1
-1.402303 0 4.057478 0 1
-1.23929 0 4.021542 0 1
-1.114941 0 4.019205 0 1
-0.946734 0 4.05101 0 1
-0.810368 0 4.04723 0 1
-0.676927 0 4.037871 0 1
-0.508058 0 4.01035 0 1
-0.374181 0 4.035306 0 1
-0.209959 0 4.057539 0 1
-0.055872 0 4.051592 0 1
0.058889 0 4.022252 0 1
0.216316 0 4.037082 0 1
0.391914 0 4.035088 0 1
0.492182 0 4.012862 0 1
0.685711 0 4.012683 0 1
0.790822 0 4.042359 0 1
0.969343 0 4.016658 0 1
1.101217 0 4.018645 0 1
1.266389 0 4.030416 0 1
1.373288 0 4.036242 0 1
1.523105 0 4.015548 0 1
1.695726 0 4.060591 0 1
1.860253 0 4.02202 0 1
2.006105 0 4.046091 0 1
2.135422 0 4.01994 0 1
2.253544 0 4.05567 0 1
2.430802 0 4.05476 0 1
2.565359 0 4.04766 0 1
2.703027 0 4.055696 0 1
2.877147 0 4.03556 0 1
2.99989 0 4.050107 0 1
3.136465 0 4.021363 0 1
3.327582 0 4.021726 0 1
3.459627 0 4.018348 0 1
3.620231 0 4.058873 0 1
3.743561 0 4.043817 0 1
3.903351 0 4.025708 0 1
4.062968 0 4.028565 0 1
4.2094 0 4.055619 0 1
4.333767 0 4.048183 0 1
4.485784 0 4.046491 0 1
4.642889 0 4.019715 0 1
4.794863 0 4.031679 0 1
4.910933 0 4.053663 0 1
5.070452 0 4.062752 0 1
5.195741 0 4.044946 0 1
5.378947 0 4.023076 0 1
5.525571 0 4.052041 0 1
5.650255 0 4.052484 0 1
5.775266 0 4.044505 0 1
5.946623 0 4.024625 0 1
6.101449 0 4.036263 0 1
6.217634 0 4.022763 0 1
6.384558 0 4.026935 0 1
6.550963 0 4.060465 0 1
6.693282 0 4.044793 0 1
6.816385 0 4.010991 0 1
6.980932 0 4.021888 0 1
7.113208 0 4.031481 1 1
7.242663 0 4.051734 1 1
7.421509 0 4.022389 1 1
7.576975 0 4.035298 1 1
7.699308 0 4.013618 1 1
7.865391 0 4.052062 1 1
8 0 4.036697 1 1
-8 0 4.183486 1 1
-7.877253 0 4.173891 1 1
-7.702793 0 4.199302 1 1
-7.536552 0 4.191925 1 1
-7.419804 0 4.179688 1 1
-7.254409 0 4.16087 1 1
-7.115766 0 4.205592 1 1
-6.980815 0 4.179695 0 1
-6.851217 0 4.206386 0 1
-6.700495 0 4.195159 0 1
-6.527226 0 4.168242 0 1
-6.394778 0 4.185976 0 1
-6.246049 0 4.166833 0 1
-6.09295 0 4.157092 0 1
-5.964132 0 4.170467 0 1
-5.801621 0 4.165429 0 1
-5.67701 0 4.189973 0 1
-5.496553 0 4.162142 0 1
-5.345699 0 4.16181 0 1
-5.221183 0 4.20678 0 1
-5.060438 0 4.196798 0 1
-4.92113 0 4.207088 0 1
-4.77574 0 4.185176 0 1
-4.616071 0 4.178518 0 1
-4.473556 0 4.184713 0 1
-4.345303 0 4.165782 0 1
-4.183986 0 4.182634 0 1
-4.058897 0 4.188873 0 1
-3.875614 0 4.164032 0 1
-3.735085 0 4.192731 0 1
-3.621256 0 4.207749 0 1
-3.439213 0 4.207997 0 1
-3.300915 0 4.182173 0 1
-3.153601 0 4.175687 0 1
-2.991172 0 4.206525 0 1
-2.839097 0 4.193259 0 1
-2.694453 0 4.193964 0 1
-2.578913 0 4.163157 0 1
-2.443595 0 4.197752 0 1
-2.284275 0 4.167019 0 1
-2.104459 0 4.192581 0 1
-1.966557 0 4.190722 0 1
-1.851683 0 4.163653 0 1
-1.712081 0 4.163461 0 1
-1.564047 0 4.201568 0 1
-1.379985 0 4.182762 0 1
-1.254146 0 4.209548 0 1
-1.097586 0 4.181166 0 1
-0.931846 0 4.182426 0 1
-0.796191 0 4.157127 0 1
-0.664732 0 4.186724 0 1
-0.519276 0 4.173403 0 1
-0.358233 0 4.180065 0 1
-0.22542 0 4.187312 0 1
-0.068475 0 4.205858 0 1
0.09373 0 4.161769 0 1
0.236894 0 4.177444 0 1
0.358917 0 4.19356 0 1
0.489124 0 4.202399 0 1
0.635874 0 4.178556 0 1
0.799572 0 4.194004 0 1
0.952557 0 4.159053 0 1
1.113553 0 4.20859 0 1
1.251144 0 4.18964 0 1
1.418956 0 4.180388 0 1
1.52067 0 4.19062 0 1
1.696004 0 4.164323 0 1
1.845217 0 4.168835 0 1
1.966109 0 4.193776 0 1
2.133385 0 4.19506 0 1
2.258279 0 4.175547 0 1
2.404131 0 4.165578 0 1
2.564238 0 4.16797 0 1
2.705012 0 4.209245 0 1
2.881056 0 4.189515 0 1
3.031166 0 4.189868 0 1
3.159112 0 4.187181 0 1
3.294054 0 4.177857 0 1
3.471873 0 4.178939 0 1
3.592876 0 4.17284 0 1
3.734157 0 4.170895 0 1
3.911105 0 4.205858 0 1
4.049661 0 4.173308 0 1
4.170666 0 4.160922 0 1
4.351238 0 4.189404 0 1
4.471543 0 4.206104 0 1
4.628561 0 4.196855 0 1
4.757033 0 4.194356 0 1
4.936335 0 4.171638 0 1
5.061625 0 4.169029 0 1
5.231138 0 4.203412 0 1
5.345316 0 4.184851 0 1
5.513889 0 4.191803 0 1
5.654619 0 4.164785 0 1
5.774266 0 4.174407 0 1
5.940733 0 4.189058 0 1
6.090529 0 4.206483 0 1
6.264337 0 4.192417 0 1
6.387074 0 4.197783 0 1
6.533293 0 4.202411 0 1
6.666724 0 4.170232 0 1
6.804741 0 4.157486 0 1
6.993309 0 4.187239 0 1
7.099666 0 4.193594 1 1
7.245718 0 4.182363 1 1
7.388713 0 4.174335 1 1
7.58073 0 4.184468 1 1
7.690184 0 4.190372 1 1
7.868238 0 4.176645 1 1
8 0 4.183486 1 1
-8 0 4.330275 1 1
-7.854658 0 4.334799 1 1
-7.687443 0 4.310494 1 1
-7.573138 0 4.306121 1 1
-7.424568 0 4.326726 1 1
-7.276392 0 4.35294 1 1
-7.137847 0 4.336138 1 1
-6.968959 0 4.347342 0 1
-6.844636 0 4.342815 0 1
-6.686521 0 4.311059 0 1
-6.552466 0 4.342632 0 1
-6.387357 0 4.349218 0 1
-6.21928 0 4.331795 0 1
-6.086728 0 4.31391 0 1
-5.940602 0 4.33704 0 1
-5.78022 0 4.354787 0 1
-5.64845 0 4.326589 0 1
-5.488408 0 4.352612 0 1
-5.352013 0 4.353758 0 1
-5.223634 0 4.322903 0 1
-5.074876 0 4.31756 0 1
-4.92656 0 4.324351 0 1
-4.792591 0 4.315628 0 1
-4.621632 0 4.323458 0 1
-4.456718 0 4.319528 0 1
-4.346997 0 4.347651 0 1
-4.201582 0 4.339298 0 1
-4.055947 0 4.349192 0 1
-3.906031 0 4.32803 0 1
-3.759865 0 4.325338 0 1
-3.588085 0 4.304842 0 1
-3.463704 0 4.327673 0 1
-3.298554 0 4.33051 0 1
-3.145757 0 4.346181 0 1
-3.014657 0 4.347267 0 1
-2.844884 0 4.30558 0 1
-2.700194 0 4.356094 0 1
-2.560821 0 4.341412 0 1
-2.401029 0 4.333926 0 1
-2.286824 0 4.343659 0 1
-2.104171 0 4.311938 0 1
-1.965549 0 4.308592 0 1
-1.826267 0 4.329604 0 1
-1.667503 0 4.307257 0 1
-1.553782 0 4.356356 0 1
-1.404953 0 4.34832 0 1
-1.27104 0 4.315922 0 1
-1.085384 0 4.347963 0 1
-0.930494 0 4.312486 0 1
-0.79069 0 4.336062 0 1
-0.672159 0 4.324507 0 1
-0.53061 0 4.343571 0 1
-0.354827 0 4.343692 0 1
-0.206509 0 4.314368 0 1
-0.092763 0 4.356381 0 1
0.079926 0 4.316207 0 1
0.200964 0 4.310958 0 1
0.361755 0 4.356248 0 1
0.498729 0 4.35024 0 1
0.646268 0 4.31545 0 1
0.794321 0 4.328608 0 1
0.931285 0 4.340435 0 1
1.109918 0 4.326459 0 1
1.245397 0 4.353147 0 1
1.368639 0 4.349083 0 1
1.522366 0 4.329133 0 1
1.693884 0 4.343534 0 1
1.825096 0 4.351341 0 1
1.958224 0 4.318544 0 1
2.121581 0 4.306815 0 1
2.298563 0 4.312997 0 1
2.407794 0 4.334594 0 1
2.583053 0 4.346977 0 1
2.698191 0 4.305388 0 1
2.850276 0 4.352359 0 1
3.024626 0 4.306319 0 1
3.158087 0 4.32808 0 1
3.32635 0 4.346105 0 1
3.465896 0 4.345979 0 1
3.618381 0 4.304719 0 1
3.7407 0 4.312469 0 1
3.872121 0 4.345974 0 1
4.025741 0 4.350413 0 1
4.160155 0 4.346885 0 1
4.342018 0 4.352274 0 1
4.464326 0 4.35052 0 1
4.621875 0 4.34487 0 1
4.749589 0 4.352329 0 1
4.924945 0 4.340368 0 1
5.054767 0 4.317616 0 1
5.190182 0 4.345423 0 1
5.363121 0 4.349419 0 1
5.527081 0 4.306498 0 1
5.643965 0 4.332475 0 1
5.800111 0 4.352496 0 1
5.926675 0 4.339662 0 1
6.098556 0 4.321793 0 1
6.258201 0 4.30724 0 1
6.367119 0 4.335496 0 1
6.548104 0 4.334763 0 1
6.688839 0 4.324213 0 1
6.839335 0 4.318742 0 1
6.959516 0 4.330652 0 1
7.131922 0 4.353905 1 1
7.265287 0 4.336997 1 1
7.410274 0 4.344513 1 1
7.537243 0 4.313698 1 1
7.686869 0 4.308395 1 1
7.82928 0 4.331909 1 1
8 0 4.330275 1 1
-8 0 4.477064 1 1
-7.828585 0 4.45286 1 1
-7.696018 0 4.502563 1 1
-7.556843 0 4.493305 1 1
-7.400016 0 4.453284 1 1
-7.244054 0 4.502218 1 1
-7.141781 0 4.495827 1 1
-6.953297 0 4.476257 0 1
-6.815458 0 4.492808 0 1
-6.656042 0 4.482257 0 1
-6.539903 0 4.481702 0 1
-6.37901 0 4.463949 0 1
-6.246197 0 4.482252 0 1
-6.079313 0 4.498064 0 1
-5.965595 0 4.456034 0 1
-5.815313 0 4.498483 0 1
-5.627842 0 4.490193 0 1
-5.51781 0 4.480106 0 1
-5.374614 0 4.451776 0 1
-5.192136 0 4.45855 0 1
-5.084672 0 4.459951 0 1
-4.907965 0 4.486846 0 1
-4.783289 0 4.497096 0 1
-4.630062 0 4.501273 0 1
-4.455463 0 4.489749 0 1
-4.356618 0 4.479156 0 1
-4.199577 0 4.502227 0 1
-4.047561 0 4.474043 0 1
-3.868515 0 4.451621 0 1
-3.743003 0 4.478045 0 1
-3.595877 0 4.481298 0 1
-3.458493 0 4.464961 0 1
-3.328075 0 4.459425 0 1
-3.13693 0 4.48308 0 1
-3.015646 0 4.47746 0 1
-2.870346 0 4.482987 0 1
-2.695782 0 4.460654 0 1
-2.559197 0 4.476897 0 1
-2.41547 0 4.498401 0 1
-2.280659 0 4.48418 0 1
-2.143807 0 4.500719 0 1
-1.976487 0 4.467369 0 1
-1.848963 0 4.460418 0 1
-1.665811 0 4.475699 0 1
-1.525706 0 4.459098 0 1
-1.401963 0 4.45876 0 1
-1.252021 0 4.497453 0 1
-1.108882 0 4.455066 0 1
-0.937772 0 4.457714 0 1
-0.799195 0 4.480906 0 1
-0.637962 0 4.458617 0 1
-0.525079 0 4.454412 0 1
-0.344563 0 4.501111 0 1
-0.205989 0 4.462182 0 1
-0.091804 0 4.467433 0 1
0.086999 0 4.487693 0 1
0.215017 0 4.473676 0 1
0.365032 0 4.488701 0 1
0.495486 0 4.472235 0 1
0.677813 0 4.488834 0 1
0.81601 0 4.501053 0 1
0.929965 0 4.470564 0 1
1.09221 0 4.46434 0 1
1.248466 0 4.484796 0 1
1.397202 0 4.455773 0 1
1.525683 0 4.456295 0 1
1.696248 0 4.490819 0 1
1.810578 0 4.465048 0 1
1.983471 0 4.495612 0 1
2.13924 0 4.458941 0 1
2.292082 0 4.455066 0 1
2.44054 0 4.455629 0 1
2.586184 0 4.491972 0 1
2.708838 0 4.466288 0 1
2.870985 0 4.497327 0 1
3.020336 0 4.47909 0 1
3.175501 0 4.47936 0 1
3.304643 0 4.503034 0 1
3.438864 0 4.451088 0 1
3.610259 0 4.456441 0 1
3.733962 0 4.480038 0 1
3.866577 0 4.466987 0 1
4.026424 0 4.4577 0 1
4.201285 0 4.450693 0 1
4.345844 0 4.460031 0 1
4.499685 0 4.499024 0 1
4.623738 0 4.484372 0 1
4.769609 0 4.494604 0 1
4.918529 0 4.491646 0 1
5.088516 0 4.484346 0 1
5.199477 0 4.496628 0 1
5.370953 0 4.4916 0 1
5.48444 0 4.473648 0 1
5.631787 0 4.466294 0 1
5.781271 0 4.482904 0 1
5.956308 0 4.473688 0 1
6.072975 0 4.454611 0 1
6.221782 0 4.466793 0 1
6.362279 0 4.465667 0 1
6.538015 0 4.47875 0 1
6.694532 0 4.456601 0 1
6.837987 0 4.500192 0 1
6.994515 0 4.480676 0 1
7.138389 0 4.496397 1 1
7.244392 0 4.496231 1 1
7.410018 0 4.494259 1 1
7.554679 0 4.482846 1 1
7.731616 0 4.465316 1 1
7.863286 0 4.455744 1 1
8 0 4.477064 1 1
-8 0 4.623853 1 1
-7.871131 0 4.634333 1 1
-7.726984 0 4.626472 1 1
-7.583042 0 4.643679 1 1
-7.416953 0 4.598538 1 1
-7.25611 0 4.606314 1 1
-7.145575 0 4.597716 1 1
-6.949424 0 4.636958 0 1
-6.823614 0 4.607651 0 1
-6.684393 0 4.643562 0 1
-6.558329 0 4.630818 0 1
-6.394482 0 4.606915 0 1
-6.252046 0 4.62541 0 1
-6.10575 0 4.634939 0 1
-5.92195 0 4.626662 0 1
-5.816035 0 4.619516 0 1
-5.634978 0 4.606463 0 1
-5.489878 0 4.637979 0 1
-5.38092 0 4.621269 0 1
-5.209213 0 4.62027 0 1
-5.047171 0 4.637396 0 1
-4.89452 0 4.642761 0 1
-4.787694 0 4.626802 0 1
-4.603269 0 4.64404 0 1
-4.47698 0 4.644619 0 1
-4.321124 0 4.64408 0 1
-4.199136 0 4.640476 0 1
-4.041585 0 4.636905 0 1
-3.889609 0 4.630987 0 1
-3.722866 0 4.648345 0 1
-3.574503 0 4.637066 0 1
-3.435381 0 4.606786 0 1
-3.305137 0 4.610528 0 1
-3.153207 0 4.648433 0 1
-3.029854 0 4.648856 0 1
-2.878774 0 4.63251 0 1
-2.700213 0 4.608059 0 1
-2.583307 0 4.629601 0 1
-2.443201 0 4.625997 0 1
-2.274801 0 4.648733 0 1
-2.136403 0 4.607304 0 1
-1.969118 0 4.635919 0 1
-1.857939 0 4.622631 0 1
-1.677069 0 4.637817 0 1
-1.517982 0 4.598477 0 1
-1.370575 0 4.622917 0 1
-1.25375 0 4.631814 0 1
-1.105013 0 4.630678 0 1
-0.960986 0 4.628186 0 1
-0.83343 0 4.64493 0 1
-0.65853 0 4.602739 0 1
-0.505613 0 4.611509 0 1
-0.352687 0 4.630256 0 1
-0.221923 0 4.620925 0 1
-0.078164 0 4.621773 0 1
0.073562 0 4.603279 0 1
0.245017 0 4.619573 0 1
0.385639 0 4.631423 0 1
0.515929 0 4.613227 0 1
0.669045 0 4.606848 0 1
0.816617 0 4.649782 0 1
0.971139 0 4.605393 0 1
1.095146 0 4.616912 0 1
1.271663 0 4.618529 0 1
1.38839 0 4.606458 0 1
1.56083 0 4.627803 0 1
1.666629 0 4.614535 0 1
1.819228 0 4.630022 0 1
1.986575 0 4.644521 0 1
2.110606 0 4.614666 0 1
2.280638 0 4.632898 0 1
2.428797 0 4.597909 0 1
2.565866 0 4.613171 0 1
2.696388 0 4.642964 0 1
2.837151 0 4.6116 0 1
3.007863 0 4.637848 0 1
3.151313 0 4.628623 0 1
3.329017 0 4.600757 0 1
3.446258 0 4.630128 0 1
3.595508 0 4.627153 0 1
3.745933 0 4.628889 0 1
3.879709 0 4.63335 0 1
4.023746 0 4.616029 0 1
4.189712 0 4.627604 0 1
4.325288 0 4.601409 0 1
4.477543 0 4.639851 0 1
4.639811 0 4.642189 0 1
4.750167 0 4.621847 0 1
4.90628 0 4.621651 0 1
5.087668 0 4.615576 0 1
5.205654 0 4.628161 0 1
5.374097 0 4.603076 0 1
5.498289 0 4.63846 0 1
5.653157 0 4.611447 0 1
5.788444 0 4.639301 0 1
5.927339 0 4.631252 0 1
6.107924 0 4.643714 0 1
6.229372 0 4.606462 0 1
6.403061 0 4.649566 0 1
6.514356 0 4.604805 0 1
6.676716 0 4.618395 0 1
6.814584 0 4.629234 0 1
6.949289 0 4.641813 0 1
7.102311 0 4.625684 1 1
7.252985 0 4.624915 1 1
7.427121 0 4.59746 1 1
7.579569 0 4.627718 1 1
7.690038 0 4.632611 1 1
7.828963 0 4.622927 1 1
8 0 4.623853 1 1
-8 0 4.770642 1 1
-7.844399 0 4.772801 1 1
-7.720322 0 4.775663 1 1
-7.561021 0 4.788261 1 1
-7.399976 0 4.749821 1 1
-7.274107 0 4.796232 1 1
-7.133187 0 4.752114 1 1
-6.948162 0 4.785877 0 1
-6.803747 0 4.746717 0 1
-6.694073 0 4.780136 0 1
-6.520474 0 4.78437 0 1
-6.390431 0 4.775513 0 1
-6.219009 0 4.775738 0 1
-6.084078 0 4.745134 0 1
-5.92021 0 4.763109 0 1
-5.809115 0 4.773705 0 1
-5.637253 0 4.754344 0 1
-5.507849 0 4.772828 0 1
-5.339584 0 4.796564 0 1
-5.214603 0 4.774314 0 1
-5.06408 0 4.769578 0 1
-4.905752 0 4.745251 0 1
-4.790812 0 4.769168 0 1
-4.628374 0 4.778185 0 1
-4.501641 0 4.750191 0 1
-4.317058 0 4.766823 0 1
-4.162953 0 4.750713 0 1
-4.050916 0 4.79278 0 1
-3.900318 0 4.795422 0 1
-3.762591 0 4.775679 0 1
-3.620466 0 4.769794 0 1
-3.440808 0 4.79467 0 1
-3.299654 0 4.793319 0 1
-3.139132 0 4.763996 0 1
-3.019696 0 4.746261 0 1
-2.881316 0 4.785339 0 1
-2.735845 0 4.792317 0 1
-2.562927 0 4.76727 0 1
-2.423197 0 4.760889 0 1
-2.279168 0 4.75364 0 1
-2.105245 0 4.753774 0 1
-1.975892 0 4.761753 0 1
-1.849899 0 4.777787 0 1
-1.679623 0 4.767449 0 1
-1.566153 0 4.770584 0 1
-1.395531 0 4.764766 0 1
-1.24553 0 4.780404 0 1
-1.110129 0 4.775783 0 1
-0.948803 0 4.761461 0 1
-0.828668 0 4.787768 0 1
-0.674725 0 4.756122 0 1
-0.539861 0 4.788104 0 1
-0.342165 0 4.759411 0 1
-0.2081 0 4.755749 0 1
-0.091033 0 4.788023 0 1
0.094504 0 4.747198 0 1
0.23292 0 4.765061 0 1
0.375344 0 4.794237 0 1
0.536512 0 4.747813 0 1
0.672025 0 4.769178 0 1
0.8297 0 4.778045 0 1
0.961173 0 4.768704 0 1
1.082795 0 4.785037 0 1
1.249613 0 4.773051 0 1
1.381093 0 4.762531 0 1
1.531825 0 4.779896 0 1
1.690935 0 4.753255 0 1
1.839325 0 4.760352 0 1
1.99123 0 4.762519 0 1
2.139686 0 4.760741 0 1
2.270266 0 4.795875 0 1
2.412913 0 4.76368 0 1
2.546826 0 4.747737 0 1
2.706929 0 4.74698 0 1
2.880969 0 4.746712 0 1
2.999055 0 4.749121 0 1
3.153228 0 4.760457 0 1
3.301252 0 4.784629 0 1
3.456867 0 4.763066 0 1
3.577367 0 4.767385 0 1
3.744648 0 4.783502 0 1
3.902181 0 4.750146 0 1
4.051994 0 4.768594 0 1
4.175898 0 4.760088 0 1
4.346434 0 4.774398 0 1
4.461181 0 4.759512 0 1
4.64506 0 4.754957 0 1
4.761837 0 4.770026 0 1
4.919245 0 4.755965 0 1
5.044394 0 4.755728 0 1
5.188981 0 4.785836 0 1
5.367753 0 4.756884 0 1
5.512213 0 4.792754 0 1
5.676763 0 4.766791 0 1
5.773721 0 4.769291 0 1
5.946801 0 4.753472 0 1
6.1136 0 4.74783 0 1
6.25409 0 4.769581 0 1
6.384012 0 4.74473 0 1
6.549401 0 4.767197 0 1
6.669174 0 4.747528 0 1
6.808859 0 4.767745 0 1
6.962211 0 4.761485 0 1
7.127768 0 4.793185 1 1
7.278153 0 4.769724 1 1
7.429003 0 4.771269 1 1
7.538576 0 4.774052 1 1
7.685674 0 4.766671 1 1
7.852068 0 4.759679 1 1
8 0 4.770642 1 1
-8 0 4.917431 1 1
-7.833693 0 4.91725 1 1
-7.693992 0 4.914403 1 1
-7.566032 0 4.899601 1 1
-7.396511 0 4.922126 1 1
-7.289026 0 4.907412 1 1
-7.134596 0 4.911938 1 1
-6.967845 0 4.921426 0 1
-6.80515 0 4.924254 0 1
-6.682598 0 4.942356 0 1
-6.540488 0 4.923222 0 1
-6.381352 0 4.932772 0 1
-6.228518 0 4.896936 0 1
-6.090038 0 4.92029 0 1
-5.946027 0 4.921523 0 1
-5.796512 0 4.903372 0 1
-5.628594 0 4.928469 0 1
-5.522357 0 4.928226 0 1
-5.355668 0 4.912654 0 1
-5.209843 0 4.938812 0 1
-5.081648 0 4.906588 0 1
-4.929219 0 4.940571 0 1
-4.756032 0 4.906732 0 1
-4.610585 0 4.938619 0 1
-4.468081 0 4.929279 0 1
-4.325898 0 4.914157 0 1
-4.180261 0 4.937345 0 1
-4.019582 0 4.938032 0 1
-3.898966 0 4.928527 0 1
-3.751124 0 4.918483 0 1
-3.572791 0 4.930214 0 1
-3.431438 0 4.893722 0 1
-3.321593 0 4.914319 0 1
-3.151535 0 4.929645 0 1
-3.003404 0 4.938421 0 1
-2.844116 0 4.935324 0 1
-2.698686 0 4.906822 0 1
-2.56667 0 4.924792 0 1
-2.400495 0 4.914887 0 1
-2.297321 0 4.89177 0 1
-2.137521 0 4.92169 0 1
-1.99226 0 4.942029 0 1
-1.81238 0 4.93386 0 1
-1.672754 0 4.93301 0 1
-1.556815 0 4.917238 0 1
-1.37474 0 4.91865 0 1
-1.253455 0 4.918666 0 1
-1.122953 0 4.92938 0 1
-0.946826 0 4.902102 0 1
-0.807193 0 4.930747 0 1
-0.642112 0 4.897037 0 1
-0.535855 0 4.903996 0 1
-0.341286 0 4.916992 0 1
-0.218135 0 4.905547 0 1
-0.051388 0 4.92147 0 1
0.093872 0 4.892207 0 1
0.235769 0 4.925711 0 1
0.386338 0 4.935594 0 1
0.517612 0 4.935711 0 1
0.678168 0 4.91454 0 1
0.811413 0 4.910583 0 1
0.935517 0 4.936531 0 1
1.123356 0 4.921934 0 1
1.232964 0 4.93272 0 1
1.372799 0 4.93482 0 1
1.531407 0 4.917674 0 1
1.70133 0 4.930882 0 1
1.832996 0 4.930589 0 1
1.995856 0 4.926358 0 1
2.112331 0 4.926591 0 1
2.249863 0 4.930347 0 1
2.402036 0 4.903752 0 1
2.573272 0 4.891561 0 1
2.739827 0 4.919156 0 1
2.88103 0 4.943048 0 1
2.998995 0 4.925163 0 1
3.146195 0 4.897417 0 1
3.314563 0 4.893242 0 1
3.426241 0 4.919076 0 1
3.613576 0 4.933158 0 1
3.76191 0 4.928908 0 1
3.865744 0 4.908328 0 1
4.056742 0 4.906827 0 1
4.194828 0 4.901926 0 1
4.307535 0 4.909148 0 1
4.487483 0 4.932598 0 1
4.623652 0 4.911043 0 1
4.765466 0 4.939362 0 1
4.895177 0 4.927483 0 1
5.06473 0 4.922694 0 1
5.214621 0 4.902053 0 1
5.344164 0 4.923703 0 1
5.515384 0 4.924123 0 1
5.65373 0 4.942555 0 1
5.823349 0 4.93548 0 1
5.941266 0 4.910388 0 1
6.11582 0 4.914808 0 1
6.225126 0 4.925393 0 1
6.404386 0 4.934363 0 1
6.518339 0 4.916762 0 1
6.662303 0 4.909331 0 1
6.845622 0 4.89636 0 1
6.961389 0 4.911771 0 1
7.128717 0 4.89326 1 1
7.246715 0 4.917857 1 1
7.399104 0 4.9167 1 1
7.557357 0 4.936205 1 1
7.708784 0 4.9133 1 1
7.867252 0 4.910995 1 1
8 0 4.917431 1 1
-8 0 5.06422 1 1
-7.879385 0 5.086104 1 1
-7.717256 0 5.065343 1 1
-7.566095 0 5.051267 1 1
-7.435636 0 5.075042 1 1
-7.270694 0 5.039646 1 1
-7.140148 0 5.090599 1 1
-6.974494 0 5.087936 0 1
-6.818575 0 5.048617 0 1
-6.677028 0 5.081032 0 1
-6.509966 0 5.059443 0 1
-6.397708 0 5.089338 0 1
-6.214048 0 5.039778 0 1
-6.082798 0 5.066697 0 1
-5.964223 0 5.089592 0 1
-5.82415 0 5.04534 0 1
-5.65562 0 5.06011 0 1
-5.481673 0 5.064702 0 1
-5.378806 0 5.071289 0 1
-5.201686 0 5.061752 0 1
-5.062695 0 5.068395 0 1
-4.912571 0 5.079769 0 1
-4.748101 0 5.068202 0 1
-4.619883 0 5.040171 0 1
-4.477313 0 5.051544 0 1
-4.316738 0 5.08628 0 1
-4.164448 0 5.070915 0 1
-4.026548 0 5.037988 0 1
-3.907151 0 5.064519 0 1
-3.729193 0 5.0525 0 1
-3.590324 0 5.061808 0 1
-3.461715 0 5.054703 0 1
-3.278396 0 5.043711 0 1
-3.145029 0 5.08172 0 1
-2.995069 0 5.066209 0 1
-2.84163 0 5.044974 0 1
-2.716074 0 5.061764 0 1
-2.54829 0 5.038922 0 1
-2.397296 0 5.080393 0 1
-2.250929 0 5.089856 0 1
-2.113177 0 5.077831 0 1
-1.96373 0 5.08117 0 1
-1.820295 0 5.078259 0 1
-1.71264 0 5.053919 0 1
-1.556701 0 5.064425 0 1
-1.393295 0 5.041233 0 1
-1.248054 0 5.066777 0 1
-1.10392 0 5.077294 0 1
-0.929725 0 5.049553 0 1
-0.821394 0 5.059184 0 1
-0.646759 0 5.061552 0 1
-0.496355 0 5.042781 0 1
-0.355481 0 5.069771 0 1
-0.2137 0 5.043755 0 1
-0.049535 0 5.047997 0 1
0.090617 0 5.083949 0 1
0.244984 0 5.047642 0 1
0.3473 0 5.044839 0 1
0.501317 0 5.046616 0 1
0.636217 0 5.051642 0 1
0.815541 0 5.046802 0 1
0.973675 0 5.085064 0 1
1.106794 0 5.076066 0 1
1.240102 0 5.062203 0 1
1.36846 0 5.077852 0 1
1.518365 0 5.040789 0 1
1.698121 0 5.074232 0 1
1.852769 0 5.052178 0 1
1.985088 0 5.04623 0 1
2.121636 0 5.079058 0 1
2.293206 0 5.07179 0 1
2.39874 0 5.063307 0 1
2.574944 0 5.043019 0 1
2.722693 0 5.045431 0 1
2.875631 0 5.066545 0 1
3.007357 0 5.068838 0 1
3.168402 0 5.062882 0 1
3.315668 0 5.089742 0 1
3.468858 0 5.068148 0 1
3.580725 0 5.047176 0 1
3.720826 0 5.064009 0 1
3.879263 0 5.045416 0 1
4.02558 0 5.051803 0 1
4.204099 0 5.071919 0 1
4.315161 0 5.059951 0 1
4.456343 0 5.081576 0 1
4.600159 0 5.047966 0 1
4.764437 0 5.060607 0 1
4.927342 0 5.049166 0 1
5.062893 0 5.045688 0 1
5.205691 0 5.074496 0 1
5.340351 0 5.087168 0 1
5.486168 0 5.039656 0 1
5.656373 0 5.078987 0 1
5.784238 0 5.085002 0 1
5.940415 0 5.044961 0 1
6.095508 0 5.048187 0 1
6.262758 0 5.068627 0 1
6.359426 0 5.062363 0 1
6.537654 0 5.039385 0 1
6.657538 0 5.05066 0 1
6.816892 0 5.079965 0 1
6.997086 0 5.039172 0 1
7.117226 0 5.070315 1 1
7.244361 0 5.07757 1 1
7.388251 0 5.061656 1 1
7.541679 0 5.043566 1 1
7.708564 0 5.057915 1 1
7.828969 0 5.064712 1 1
8 0 5.06422 1 1
-8 0 5.211009 1 1
-7.832887 0 5.219205 1 1
-7.706654 0 5.194397 1 1
-7.584736 0 5.228111 1 1
-7.422556 0 5.233312 1 1
-7.251604 0 5.223876 1 1
-7.103817 0 5.237367 1 1
-6.993036 0 5.193422 0 1
-6.809426 0 5.235551 0 1
-6.680275 0 5.184919 0 1
-6.54496 0 5.197528 0 1
-6.4089 0 5.236288 0 1
-6.221355 0 5.224726 0 1
-6.102675 0 5.22615 0 1
-5.92369 0 5.194293 0 1
-5.816966 0 5.218827 0 1
-5.676985 0 5.202677 0 1
-5.519665 0 5.215644 0 1
-5.344306 0 5.192087 0 1
-5.198719 0 5.234077 0 1
-5.052044 0 5.215413 0 1
-4.927731 0 5.228093 0 1
-4.754903 0 5.20966 0 1
-4.640748 0 5.217193 0 1
-4.492482 0 5.194238 0 1
-4.322795 0 5.203248 0 1
-4.204921 0 5.23336 0 1
-4.038265 0 5.188757 0 1
-3.891725 0 5.227832 0 1
-3.731483 0 5.185861 0 1
-3.571458 0 5.191665 0 1
-3.425866 0 5.228298 0 1
-3.310199 0 5.213126 0 1
-3.17647 0 5.186545 0 1
-3.030007 0 5.214971 0 1
-2.882971 0 5.235058 0 1
-2.71364 0 5.233319 0 1
-2.590425 0 5.227149 0 1
-2.419879 0 5.205968 0 1
-2.261625 0 5.199676 0 1
-2.122805 0 5.212904 0 1
-1.986216 0 5.209898 0 1
-1.838669 0 5.231027 0 1
-1.662673 0 5.220229 0 1
-1.561 0 5.209086 0 1
-1.36812 0 5.232562 0 1
-1.247696 0 5.198815 0 1
-1.103233 0 5.185836 0 1
-0.94096 0 5.20775 0 1
-0.799024 0 5.236185 0 1
-0.635359 0 5.190375 0 1
-0.538465 0 5.199995 0 1
-0.348669 0 5.19149 0 1
-0.223503 0 5.186892 0 1
-0.078485 0 5.223532 0 1
0.08735 0 5.233906 0 1
0.234374 0 5.234387 0 1
0.351204 0 5.216713 0 1
0.525935 0 5.191344 0 1
0.644559 0 5.201816 0 1
0.793096 0 5.213141 0 1
0.95465 0 5.198877 0 1
1.124409 0 5.186652 0 1
1.229619 0 5.196424 0 1
1.419092 0 5.206265 0 1
1.529359 0 5.194495 0 1
1.699404 0 5.185101 0 1
1.811924 0 5.193386 0 1
1.994518 0 5.210569 0 1
2.151628 0 5.192428 0 1
2.249576 0 5.232287 0 1
2.395675 0 5.195586 0 1
2.553895 0 5.187809 0 1
2.690135 0 5.212013 0 1
2.849104 0 5.200001 0 1
3.0205 0 5.205899 0 1
3.142185 0 5.190465 0 1
3.276585 0 5.211863 0 1
3.453332 0 5.225707 0 1
3.622714 0 5.190998 0 1
3.722992 0 5.226774 0 1
3.864709 0 5.23505 0 1
4.055214 0 5.204905 0 1
4.196854 0 5.217761 0 1
4.347206 0 5.191925 0 1
4.476772 0 5.233934 0 1
4.63665 0 5.215341 0 1
4.77233 0 5.225453 0 1
4.929414 0 5.223692 0 1
5.070444 0 5.205101 0 1
5.213217 0 5.223325 0 1
5.34724 0 5.236849 0 1
5.528417 0 5.234409 0 1
5.670749 0 5.213525 0 1
5.79711 0 5.198222 0 1
5.931476 0 5.187264 0 1
6.114009 0 5.227704 0 1
6.263498 0 5.211804 0 1
6.39506 0 5.197747 0 1
6.511963 0 5.189701 0 1
6.696604 0 5.234952 0 1
6.803625 0 5.189667 0 1
6.992684 0 5.20141 0 1
7.127835 0 5.213931 1 1
7.259153 0 5.198281 1 1
7.41291 0 5.224708 1 1
7.584092 0 5.200918 1 1
7.731406 0 5.194581 1 1
7.840517 0 5.229392 1 1
8 0 5.211009 1 1
-8 0 5.357798 1 1
-7.878997 0 5.35056 1 1
-7.715726 0 5.344015 1 1
-7.564237 0 5.33296 1 1
-7.422269 0 5.381232 1 1
-7.26039 0 5.344607 1 1
-7.114933 0 5.368581 1 1
-6.953283 0 5.354202 0 1
-6.844275 0 5.334212 0 1
-6.702227 0 5.338666 0 1
-6.511964 0 5.369478 0 1
-6.368933 0 5.368702 0 1
-6.236467 0 5.336217 0 1
-6.091373 0 5.380027 0 1
-5.936889 0 5.358503 0 1
-5.793068 0 5.371911 0 1
-5.626637 0 5.339265 0 1
-5.483942 0 5.338813 0 1
-5.356166 0 5.35784 0 1
-5.233731 0 5.345226 0 1
-5.07348 0 5.33856 0 1
-4.931836 0 5.379609 0 1
-4.763393 0 5.341557 0 1
-4.63381 0 5.381633 0 1
-4.491741 0 5.383995 0 1
-4.355778 0 5.346947 0 1
-4.201481 0 5.336381 0 1
-4.022345 0 5.3816 0 1
-3.887178 0 5.348921 0 1
-3.740532 0 5.36766 0 1
-3.57317 0 5.36458 0 1
-3.434412 0 5.382875 0 1
-3.310893 0 5.332322 0 1
-3.147215 0 5.378526 0 1
-3.02955 0 5.333052 0 1
-2.864253 0 5.340513 0 1
-2.739092 0 5.353913 0 1
-2.593986 0 5.335881 0 1
-2.418765 0 5.35898 0 1
-2.277434 0 5.332942 0 1
-2.116635 0 5.370779 0 1
-1.998784 0 5.383354 0 1
-1.854565 0 5.370217 0 1
-1.665603 0 5.353952 0 1
-1.549166 0 5.337987 0 1
-1.386312 0 5.345353 0 1
-1.245997 0 5.351154 0 1
-1.101036 0 5.354066 0 1
-0.940842 0 5.343234 0 1
-0.790699 0 5.378471 0 1
-0.638702 0 5.371216 0 1
-0.523693 0 5.36971 0 1
-0.342102 0 5.347518 0 1
-0.237215 0 5.339003 0 1
-0.076575 0 5.383564 0 1
0.092002 0 5.347221 0 1
0.237369 0 5.332705 0 1
0.373422 0 5.348968 0 1
0.487701 0 5.357757 0 1
0.673419 0 5.364452 0 1
0.791748 0 5.370052 0 1
0.953696 0 5.339245 0 1
1.086907 0 5.360881 0 1
1.243577 0 5.357332 0 1
1.389731 0 5.340311 0 1
1.564546 0 5.371372 0 1
1.701256 0 5.338046 0 1
1.832688 0 5.381721 0 1
1.976063 0 5.383526 0 1
2.128936 0 5.376151 0 1
2.285988 0 5.351849 0 1
2.414149 0 5.368303 0 1
2.563533 0 5.339442 0 1
2.696045 0 5.383352 0 1
2.886503 0 5.364213 0 1
3.006106 0 5.384103 0 1
3.17458 0 5.354733 0 1
3.321578 0 5.345621 0 1
3.45607 0 5.356387 0 1
3.613762 0 5.36638 0 1
3.747251 0 5.365149 0 1
3.882595 0 5.333305 0 1
4.061796 0 5.337128 0 1
4.184028 0 5.35783 0 1
4.329397 0 5.3473 0 1
4.458335 0 5.34381 0 1
4.643093 0 5.374269 0 1
4.760475 0 5.347612 0 1
4.913165 0 5.370424 0 1
5.057795 0 5.339427 0 1
5.190424 0 5.335967 0 1
5.373156 0 5.354248 0 1
5.491523 0 5.370389 0 1
5.643781 0 5.350237 0 1
5.80212 0 5.340469 0 1
5.969785 0 5.366249 0 1
6.079928 0 5.346334 0 1
6.255356 0 5.371877 0 1
6.36424 0 5.368909 0 1
6.531743 0 5.341711 0 1
6.681564 0 5.359447 0 1
6.823765 0 5.331509 0 1
6.981391 0 5.343715 0 1
7.104752 0 5.36716 1 1
7.281325 0 5.357822 1 1
7.432079 0 5.373984 1 1
7.571471 0 5.35929 1 1
7.69465 0 5.373724 1 1
7.855158 0 5.383854 1 1
8 0 5.357798 1 1
-8 0 5.504587 1 1
-7.858223 0 5.523937 1 1
-7.731878 0 5.52291 1 1
-7.542905 0 5.530637 1 1
-7.429662 0 5.486673 1 1
-7.246071 0 5.4946 1 1
-7.110995 0 5.492907 1 1
-6.95651 0 5.48802 0 1
-6.806496 0 5.484425 0 1
-6.684107 0 5.494597 0 1
-6.519218 0 5.506061 0 1
-6.411522 0 5.528154 0 1
-6.238708 0 5.483475 0 1
-6.07959 0 5.524261 0 1
-5.951029 0 5.530346 0 1
-5.813879 0 5.481467 0 1
-5.640867 0 5.483716 0 1
-5.507403 0 5.521924 0 1
-5.351304 0 5.526381 0 1
-5.234815 0 5.482893 0 1
-5.076056 0 5.527752 0 1
-4.932764 0 5.526728 0 1
-4.771972 0 5.484336 0 1
-4.644624 0 5.51462 0 1
-4.463983 0 5.509327 0 1
-4.332038 0 5.512632 0 1
-4.187981 0 5.519419 0 1
-4.057573 0 5.511475 0 1
-3.895829 0 5.527168 0 1
-3.72935 0 5.527834 0 1
-3.586621 0 5.510761 0 1
-3.436264 0 5.480856 0 1
-3.302365 0 5.483371 0 1
-3.148142 0 5.52284 0 1
-3.001981 0 5.521575 0 1
-2.87144 0 5.497435 0 1
-2.74152 0 5.484532 0 1
-2.584342 0 5.501287 0 1
-2.436632 0 5.506178 0 1
-2.264335 0 5.479361 0 1
-2.106107 0 5.507658 0 1
-1.972351 0 5.522402 0 1
-1.833669 0 5.478348 0 1
-1.707224 0 5.502895 0 1
-1.527521 0 5.515952 0 1
-1.396189 0 5.528129 0 1
-1.268538 0 5.479618 0 1
-1.090863 0 5.484034 0 1
-0.948021 0 5.529738 0 1
-0.82559 0 5.525395 0 1
-0.651205 0 5.524621 0 1
-0.509107 0 5.530367 0 1
-0.380114 0 5.50408 0 1
-0.240232 0 5.488626 0 1
-0.08191 0 5.490144 0 1
0.070615 0 5.500319 0 1
0.239381 0 5.525707 0 1
0.340919 0 5.520349 0 1
0.516247 0 5.513768 0 1
0.671982 0 5.497524 0 1
0.799513 0 5.523988 0 1
0.954155 0 5.478944 0 1
1.108914 0 5.513525 0 1
1.236776 0 5.520356 0 1
1.375205 0 5.524474 0 1
1.565804 0 5.48674 0 1
1.705208 0 5.498811 0 1
1.810451 0 5.530656 0 1
1.987066 0 5.518507 0 1
2.131161 0 5.52292 0 1
2.262525 0 5.513379 0 1
2.396649 0 5.520485 0 1
2.578438 0 5.497004 0 1
2.712263 0 5.514632 0 1
2.848958 0 5.523067 0 1
3.031072 0 5.497436 0 1
3.169099 0 5.524534 0 1
3.283836 0 5.495173 0 1
3.462002 0 5.522487 0 1
3.617185 0 5.52168 0 1
3.737222 0 5.478398 0 1
3.912512 0 5.489663 0 1
4.029509 0 5.529911 0 1
4.20753 0 5.512449 0 1
4.344376 0 5.525344 0 1
4.458914 0 5.523005 0 1
4.634571 0 5.514883 0 1
4.776984 0 5.523912 0 1
4.921547 0 5.493414 0 1
5.082995 0 5.504766 0 1
5.196233 0 5.478705 0 1
5.379616 0 5.517195 0 1
5.509908 0 5.520942 0 1
5.667972 0 5.494885 0 1
5.783825 0 5.485952 0 1
5.937995 0 5.481931 0 1
6.090489 0 5.497439 0 1
6.254784 0 5.507232 0 1
6.37941 0 5.493532 0 1
6.543361 0 5.491116 0 1
6.687763 0 5.527612 0 1
6.844844 0 5.49046 0 1
6.975117 0 5.483105 0 1
7.110063 0 5.521507 1 1
7.28616 0 5.492757 1 1
7.412774 0 5.491882 1 1
7.585718 0 5.50409 1 1
7.723346 0 5.50909 1 1
7.849221 0 5.528851 1 1
8 0 5.504587 1 1
-8 0 5.651376 1 1
-7.86272 0 5.637995 1 1
-7.715038 0 5.664294 1 1
-7.537735 0 5.630829 1 1
-7.410413 0 5.628989 1 1
-7.268748 0 5.650989 1 1
-7.103033 0 5.632035 1 1
-6.967601 0 5.665384 0 1
-6.825807 0 5.630157 0 1
-6.686177 0 5.633133 0 1
-6.513399 0 5.658747 0 1
-6.371453 0 5.667869 0 1
-6.240548 0 5.636954 0 1
-6.097907 0 5.633066 0 1
-5.9298 0 5.647948 0 1
-5.785581 0 5.677311 0 1
-5.637018 0 5.647299 0 1
-5.506565 0 5.632423 0 1
-5.365297 0 5.648287 0 1
-5.235988 0 5.635712 0 1
-5.046945 0 5.649466 0 1
-4.924742 0 5.66752 0 1
-4.757183 0 5.650355 0 1
-4.5977 0 5.664727 0 1
-4.47806 0 5.663142 0 1
-4.345256 0 5.650672 0 1
-4.193691 0 5.637017 0 1
-4.062277 0 5.634768 0 1
-3.892957 0 5.668357 0 1
-3.725124 0 5.651548 0 1
-3.605614 0 5.649211 0 1
-3.466395 0 5.627586 0 1
-3.299443 0 5.642516 0 1
-3.141665 0 5.645797 0 1
-3.007691 0 5.676808 0 1
-2.841591 0 5.63478 0 1
-2.714741 0 5.640821 0 1
-2.592815 0 5.64697 0 1
-2.435194 0 5.625498 0 1
-2.26716 0 5.644889 0 1
-2.14393 0 5.650226 0 1
-2.004501 0 5.66907 0 1
-1.850371 0 5.642829 0 1
-1.676097 0 5.676049 0 1
-1.546522 0 5.64702 0 1
-1.413606 0 5.656858 0 1
-1.262614 0 5.652909 0 1
-1.089184 0 5.669126 0 1
-0.948454 0 5.646432 0 1
-0.79826 0 5.626551 0 1
-0.673061 0 5.673493 0 1
-0.512529 0 5.645742 0 1
-0.357491 0 5.634274 0 1
-0.209936 0 5.666182 0 1
-0.058734 0 5.638678 0 1
0.065302 0 5.626296 0 1
0.221495 0 5.669039 0 1
0.381346 0 5.650016 0 1
0.517868 0 5.664175 0 1
0.6847 0 5.642254 0 1
0.826033 0 5.647628 0 1
0.941307 0 5.625421 0 1
1.084634 0 5.659632 0 1
1.238283 0 5.648746 0 1
1.407006 0 5.651386 0 1
1.561462 0 5.651366 0 1
1.679566 0 5.638413 0 1
1.831498 0 5.629022 0 1
1.992456 0 5.626414 0 1
2.145941 0 5.652801 0 1
2.256584 0 5.634515 0 1
2.406697 0 5.646221 0 1
2.586631 0 5.649022 0 1
2.700073 0 5.628106 0 1
2.845267 0 5.674823 0 1
2.990532 0 5.630412 0 1
3.169786 0 5.669127 0 1
3.320198 0 5.659369 0 1
3.449018 0 5.657017 0 1
3.621099 0 5.630588 0 1
3.725384 0 5.666143 0 1
3.871815 0 5.671618 0 1
4.029931 0 5.640223 0 1
4.201303 0 5.646311 0 1
4.3331 0 5.626665 0 1
4.459928 0 5.630427 0 1
4.619881 0 5.655529 0 1
4.755176 0 5.670214 0 1
4.900477 0 5.626518 0 1
5.04732 0 5.64679 0 1
5.235375 0 5.655003 0 1
5.360419 0 5.630009 0 1
5.529915 0 5.639018 0 1
5.660815 0 5.63915 0 1
5.815542 0 5.628154 0 1
5.947404 0 5.670841 0 1
6.089131 0 5.671644 0 1
6.252244 0 5.673655 0 1
6.401503 0 5.629202 0 1
6.554508 0 5.648504 0 1
6.693618 0 5.671889 0 1
6.835477 0 5.6747 0 1
6.961444 0 5.635432 0 1
7.102607 0 5.669086 1 1
7.249332 0 5.673403 1 1
7.40633 0 5.636785 1 1
7.539189 0 5.66767 1 1
7.68845 0 5.639678 1 1
7.850231 0 5.676683 1 1
8 0 5.651376 1 1
-8 0 5.798165 1 1
-7.831234 0 5.772025 1 1
-7.721097 0 5.801485 1 1
-7.546875 0 5.811705 1 1
-7.422087 0 5.77496 1 1
-7.245923 0 5.804284 1 1
-7.113308 0 5.823881 1 1
-6.981722 0 5.808675 0 1
-6.840538 0 5.803699 0 1
-6.698598 0 5.808772 0 1
-6.506147 0 5.797809 0 1
-6.383159 0 5.776341 0 1
-6.217669 0 5.777972 0 1
-6.097682 0 5.790136 0 1
-5.968852 0 5.823263 0 1
-5.794825 0 5.794426 0 1
-5.671169 0 5.79449 0 1
-5.508826 0 5.792624 0 1
-5.366722 0 5.780814 0 1
-5.191826 0 5.800964 0 1
-5.074592 0 5.823384 0 1
-4.912775 0 5.785735 0 1
-4.757488 0 5.80273 0 1
-4.649039 0 5.809938 0 1
-4.476765 0 5.800603 0 1
-4.340773 0 5.771891 0 1
-4.170371 0 5.824255 0 1
-4.023299 0 5.816475 0 1
-3.915184 0 5.7741 0 1
-3.769001 0 5.80952 0 1
-3.617294 0 5.822464 0 1
-3.43134 0 5.803186 0 1
-3.320407 0 5.81252 0 1
-3.134608 0 5.812783 0 1
-2.985685 0 5.818358 0 1
-2.87622 0 5.773464 0 1
-2.728329 0 5.801992 0 1
-2.593401 0 5.783642 0 1
-2.400947 0 5.790159 0 1
-2.291483 0 5.782644 0 1
-2.154516 0 5.780609 0 1
-1.989181 0 5.773896 0 1
-1.818503 0 5.819613 0 1
-1.671937 0 5.789924 0 1
-1.516267 0 5.777742 0 1
-1.374164 0 5.783699 0 1
-1.256286 0 5.789106 0 1
-1.089402 0 5.819169 0 1
-0.968606 0 5.793135 0 1
-0.807113 0 5.801039 0 1
-0.657366 0 5.808477 0 1
-0.529184 0 5.781976 0 1
-0.3524 0 5.781929 0 1
-0.238034 0 5.81665 0 1
-0.07899 0 5.780368 0 1
0.069524 0 5.772126 0 1
0.22216 0 5.79007 0 1
0.380005 0 5.800193 0 1
0.52143 0 5.778214 0 1
0.678076 0 5.813419 0 1
0.820691 0 5.776524 0 1
0.974194 0 5.774783 0 1
1.115718 0 5.811448 0 1
1.242043 0 5.819708 0 1
1.4004 0 5.804231 0 1
1.565137 0 5.777974 0 1
1.674478 0 5.797976 0 1
1.818908 0 5.797168 0 1
1.971558 0 5.791385 0 1
2.110476 0 5.819642 0 1
2.269096 0 5.803201 0 1
2.44141 0 5.805612 0 1
2.572314 0 5.819392 0 1
2.707242 0 5.823846 0 1
2.841131 0 5.778742 0 1
3.003653 0 5.77576 0 1
3.141647 0 5.797194 0 1
3.288596 0 5.792922 0 1
3.473012 0 5.816923 0 1
3.584391 0 5.788574 0 1
3.751985 0 5.798625 0 1
3.911987 0 5.785053 0 1
4.015712 0 5.819604 0 1
4.194119 0 5.818793 0 1
4.32635 0 5.795447 0 1
4.491145 0 5.773141 0 1
4.627609 0 5.78011 0 1
4.783421 0 5.799911 0 1
4.905202 0 5.817958 0 1
5.052092 0 5.781839 0 1
5.22185 0 5.775061 0 1
5.367896 0 5.817192 0 1
5.496905 0 5.788537 0 1
5.63927 0 5.80978 0 1
5.779119 0 5.802492 0 1
5.924084 0 5.784307 0 1
6.10978 0 5.799086 0 1
6.235447 0 5.820218 0 1
6.38326 0 5.779123 0 1
6.530321 0 5.823204 0 1
6.67226 0 5.810914 0 1
6.84471 0 5.779845 0 1
6.950992 0 5.800557 0 1
7.130268 0 5.785185 1 1
7.281797 0 5.788724 1 1
7.435661 0 5.813554 1 1
7.564426 0 5.810634 1 1
7.731213 0 5.787729 1 1
7.855469 0 5.797776 1 1
8 0 5.798165 1 1
-8 0 5.944954 1 1
-7.856835 0 5.952038 1 1
-7.689009 0 5.92901 1 1
-7.575012 0 5.930923 1 1
-7.430274 0 5.949687 1 1
-7.26298 0 5.937254 1 1
-7.126772 0 5.951164 1 1
-6.995879 0 5.936515 0 1
-6.814252 0 5.9537 0 1
-6.654589 0 5.933061 0 1
-6.511849 0 5.936158 0 1
-6.385138 0 5.959982 0 1
-6.226101 0 5.946561 0 1
-6.074329 0 5.947146 0 1
-5.919977 0 5.935476 0 1
-5.801481 0 5.960476 0 1
-5.670666 0 5.960202 0 1
-5.530059 0 5.945372 0 1
-5.363194 0 5.925155 0 1
-5.206544 0 5.927425 0 1
-5.074517 0 5.929984 0 1
-4.902627 0 5.964765 0 1
-4.758112 0 5.922768 0 1
-4.61933 0 5.927451 0 1
-4.495083 0 5.928233 0 1
-4.338183 0 5.958428 0 1
-4.181727 0 5.937169 0 1
-4.021065 0 5.967879 0 1
-3.89489 0 5.958532 0 1
-3.717286 0 5.942165 0 1
-3.593558 0 5.928504 0 1
-3.435777 0 5.965078 0 1
-3.295031 0 5.923322 0 1
-3.132407 0 5.960433 0 1
-3.022613 0 5.932986 0 1
-2.873616 0 5.948833 0 1
-2.710628 0 5.960176 0 1
-2.563233 0 5.953152 0 1
-2.427598 0 5.962471 0 1
-2.278221 0 5.925633 0 1
-2.133804 0 5.932392 0 1
-1.964158 0 5.936641 0 1
-1.816941 0 5.969414 0 1
-1.695403 0 5.928795 0 1
-1.564179 0 5.962707 0 1
-1.386726 0 5.919524 0 1
-1.26189 0 5.922489 0 1
-1.088376 0 5.922992 0 1
-0.968946 0 5.938123 0 1
-0.823151 0 5.951252 0 1
-0.679867 0 5.934273 0 1
-0.515681 0 5.923121 0 1
-0.362117 0 5.938736 0 1
-0.2463 0 5.921004 0 1
-0.048817 0 5.96777 0 1
0.054559 0 5.944207 0 1
0.195731 0 5.939668 0 1
0.3617 0 5.967332 0 1
0.526886 0 5.962443 0 1
0.637029 0 5.970088 0 1
0.826908 0 5.93919 0 1
0.939247 0 5.946313 0 1
1.124137 0 5.919078 0 1
1.251535 0 5.930595 0 1
1.37724 0 5.932873 0 1
1.519625 0 5.96219 0 1
1.696477 0 5.96384 0 1
1.84402 0 5.929396 0 1
2.001063 0 5.929007 0 1
2.123704 0 5.919189 0 1
2.298315 0 5.951148 0 1
2.410557 0 5.923455 0 1
2.565387 0 5.925783 0 1
2.699746 0 5.923771 0 1
2.854404 0 5.966088 0 1
2.997956 0 5.966905 0 1
3.139932 0 5.927974 0 1
3.30116 0 5.965815 0 1
3.450776 0 5.943718 0 1
3.592115 0 5.967074 0 1
3.71837 0 5.963907 0 1
3.8745 0 5.931796 0 1
4.025722 0 5.95149 0 1
4.159442 0 5.933193 0 1
4.3265 0 5.922203 0 1
4.467964 0 5.936509 0 1
4.624466 0 5.941856 0 1
4.796959 0 5.962704 0 1
4.917136 0 5.951057 0 1
5.047774 0 5.934374 0 1
5.194245 0 5.965151 0 1
5.346544 0 5.930115 0 1
5.494423 0 5.959301 0 1
5.629064 0 5.944754 0 1
5.783317 0 5.936782 0 1
5.959798 0 5.960603 0 1
6.091795 0 5.939074 0 1
6.225613 0 5.948668 0 1
6.411607 0 5.927278 0 1
6.551882 0 5.959365 0 1
6.672015 0 5.930443 0 1
6.843764 0 5.925762 0 1
6.975617 0 5.920723 0 1
7.129212 0 5.927672 1 1
7.266886 0 5.957317 1 1
7.40049 0 5.953031 1 1
7.584959 0 5.918702 1 1
7.697909 0 5.945 1 1
7.844609 0 5.965333 1 1
8 0 5.944954 1 1
-8 0 6.091743 1 1
-7.854178 0 6.115185 1 1
-7.723629 0 6.085973 1 1
-7.571337 0 6.082299 1 1
-7.40809 0 6.066167 1 1
-7.250303 0 6.096053 1 1
-7.134043 0 6.09352 1 1
-6.985062 0 6.087904 0 1
-6.836007 0 6.11005 0 1
-6.67176 0 6.104269 0 1
-6.543017 0 6.089397 0 1
-6.361214 0 6.092935 0 1
-6.250379 0 6.089473 0 1
-6.097229 0 6.085147 0 1
-5.942722 0 6.089173 0 1
-5.790142 0 6.110563 0 1
-5.631376 0 6.078871 0 1
-5.509127 0 6.090018 0 1
-5.348316 0 6.085809 0 1
-5.225074 0 6.094568 0 1
-5.047884 0 6.116298 0 1
-4.940305 0 6.100152 0 1
-4.750442 0 6.069925 0 1
-4.630577 0 6.092669 0 1
-4.471308 0 6.067094 0 1
-4.353537 0 6.089249 0 1
-4.161054 0 6.074143 0 1
-4.018565 0 6.065907 0 1
-3.889009 0 6.082999 0 1
-3.732682 0 6.09966 0 1
-3.578489 0 6.085669 0 1
-3.460636 0 6.077802 0 1
-3.307408 0 6.111946 0 1
-3.180627 0 6.11285 0 1
-3.023554 0 6.078425 0 1
-2.874698 0 6.08777 0 1
-2.71511 0 6.076486 0 1
-2.574284 0 6.099385 0 1
-2.413253 0 6.066497 0 1
-2.280273 0 6.102356 0 1
-2.107955 0 6.071675 0 1
-1.958769 0 6.074993 0 1
-1.851592 0 6.087004 0 1
-1.669175 0 6.113474 0 1
-1.533761 0 6.106333 0 1
-1.388455 0 6.106069 0 1
-1.250236 0 6.099513 0 1
-1.104569 0 6.076843 0 1
-0.940393 0 6.101057 0 1
-0.791046 0 6.067788 0 1
-0.662097 0 6.076167 0 1
-0.518269 0 6.081422 0 1
-0.350421 0 6.10212 0 1
-0.209953 0 6.111214 0 1
-0.073198 0 6.09077 0 1
0.0681 0 6.104526 0 1
0.210403 0 6.117862 0 1
0.357601 0 6.066479 0 1
0.522784 0 6.081316 0 1
0.641424 0 6.109099 0 1
0.817616 0 6.068422 0 1
0.961945 0 6.094968 0 1
1.114921 0 6.105738 0 1
1.250088 0 6.086537 0 1
1.406295 0 6.066893 0 1
1.535511 0 6.075193 0 1
1.664885 0 6.069006 0 1
1.848761 0 6.095859 0 1
2.006074 0 6.112686 0 1
2.102802 0 6.075449 0 1
2.291589 0 6.096042 0 1
2.436114 0 6.092217 0 1
2.574922 0 6.10088 0 1
2.719118 0 6.093672 0 1
2.844405 0 6.071662 0 1
2.990886 0 6.10244 0 1
3.180577 0 6.105983 0 1
3.317158 0 6.077654 0 1
3.427898 0 6.104296 0 1
3.618633 0 6.093534 0 1
3.760154 0 6.081595 0 1
3.877353 0 6.086735 0 1
4.025702 0 6.066917 0 1
4.195004 0 6.096571 0 1
4.340155 0 6.100455 0 1
4.502032 0 6.069924 0 1
4.638178 0 6.115927 0 1
4.760205 0 6.117614 0 1
4.922795 0 6.06634 0 1
5.052715 0 6.10628 0 1
5.216848 0 6.087439 0 1
5.332792 0 6.085422 0 1
5.487658 0 6.097922 0 1
5.668261 0 6.08853 0 1
5.771848 0 6.078979 0 1
5.950622 0 6.073903 0 1
6.11813 0 6.077581 0 1
6.260328 0 6.104558 0 1
6.373586 0 6.106875 0 1
6.548583 0 6.102173 0 1
6.693844 0 6.101981 0 1
6.842705 0 6.069303 0 1
6.98435 0 6.071221 0 1
7.117759 0 6.110769 1 1
7.239928 0 6.098825 1 1
7.436827 0 6.079646 1 1
7.544931 0 6.07134 1 1
7.726663 0 6.093207 1 1
7.87243 0 6.10541 1 1
8 0 6.091743 1 1
-8 0 6.238532 1 1
-7.830956 0 6.217551 1 1
-7.698469 0 6.225458 1 1
-7.545238 0 6.26078 1 1
-7.404486 0 6.259736 1 1
-7.257914 0 6.217033 1 1
-7.14561 0 6.261756 1 1
-6.95796 0 6.218157 0 1
-6.849235 0 6.243768 0 1
-6.697073 0 6.245445 0 1
-6.556285 0 6.258604 0 1
-6.400985 0 6.239228 0 1
-6.236449 0 6.239461 0 1
-6.070698 0 6.26289 0 1
-5.96791 0 6.22053 0 1
-5.816649 0 6.220861 0 1
-5.627815 0 6.241188 0 1
-5.496593 0 6.252821 0 1
-5.340205 0 6.256628 0 1
-5.220191 0 6.262128 0 1
-5.055738 0 6.213127 0 1
-4.936069 0 6.238936 0 1
-4.766444 0 6.230018 0 1
-4.620421 0 6.246014 0 1
-4.478812 0 6.226674 0 1
-4.35272 0 6.240637 0 1
-4.187556 0 6.243412 0 1
-4.057183 0 6.243808 0 1
-3.869069 0 6.257481 0 1
-3.760479 0 6.237066 0 1
-3.602042 0 6.212932 0 1
-3.474215 0 6.219163 0 1
-3.32829 0 6.245132 0 1
-3.158273 0 6.245698 0 1
-2.993085 0 6.264651 0 1
-2.866545 0 6.247649 0 1
-2.695391 0 6.226939 0 1
-2.583691 0 6.254547 0 1
-2.428281 0 6.246509 0 1
-2.267729 0 6.22976 0 1
-2.127282 0 6.255512 0 1
-1.982468 0 6.21242 0 1
-1.851844 0 6.250992 0 1
-1.698894 0 6.247089 0 1
-1.532948 0 6.227871 0 1
-1.386166 0 6.23187 0 1
-1.252577 0 6.213091 0 1
-1.122582 0 6.261045 0 1
-0.929988 0 6.236341 0 1
-0.820622 0 6.221762 0 1
-0.638912 0 6.242225 0 1
-0.518778 0 6.25525 0 1
-0.356181 0 6.225317 0 1
-0.226698 0 6.252327 0 1
-0.099776 0 6.260636 0 1
0.06249 0 6.231949 0 1
0.200787 0 6.252528 0 1
0.376997 0 6.214331 0 1
0.506092 0 6.249016 0 1
0.656583 0 6.238597 0 1
0.785101 0 6.240265 0 1
0.950937 0 6.231515 0 1
1.124255 0 6.248027 0 1
1.272591 0 6.25828 0 1
1.411779 0 6.226482 0 1
1.561216 0 6.239062 0 1
1.669413 0 6.230726 0 1
1.846322 0 6.235983 0 1
1.981568 0 6.239471 0 1
2.116627 0 6.249751 0 1
2.270532 0 6.264905 0 1
2.446365 0 6.224308 0 1
2.544417 0 6.233419 0 1
2.713672 0 6.253089 0 1
2.88723 0 6.233657 0 1
3.013682 0 6.218945 0 1
3.160269 0 6.24207 0 1
3.301939 0 6.260271 0 1
3.470017 0 6.259938 0 1
3.577036 0 6.214779 0 1
3.730256 0 6.244072 0 1
3.883934 0 6.220871 0 1
4.03198 0 6.244867 0 1
4.15765 0 6.234144 0 1
4.307693 0 6.236086 0 1
4.499862 0 6.24294 0 1
4.60678 0 6.259276 0 1
4.76414 0 6.264176 0 1
4.939028 0 6.262205 0 1
5.072533 0 6.220265 0 1
5.23293 0 6.243986 0 1
5.381649 0 6.241077 0 1
5.489544 0 6.251822 0 1
5.663784 0 6.257829 0 1
5.792871 0 6.239313 0 1
5.956057 0 6.23594 0 1
6.075218 0 6.260534 0 1
6.235035 0 6.228022 0 1
6.371955 0 6.239863 0 1
6.50827 0 6.262181 0 1
6.695148 0 6.259417 0 1
6.842233 0 6.217164 0 1
6.956631 0 6.240005 0 1
7.102863 0 6.252506 1 1
7.244106 0 6.264481 1 1
7.407689 0 6.21366 1 1
7.580602 0 6.227413 1 1
7.682625 0 6.263839 1 1
7.863695 0 6.261252 1 1
8 0 6.238532 1 1
-8 0 6.385321 1 1
-7.871876 0 6.391501 1 1
-7.69337 0 6.362458 1 1
-7.544181 0 6.398067 1 1
-7.404318 0 6.40397 1 1
-7.246465 0 6.397533 1 1
-7.115883 0 6.370405 1 1
-6.992652 0 6.369686 0 1
-6.809226 0 6.385094 0 1
-6.697273 0 6.392485 0 1
-6.529808 0 6.365895 0 1
-6.380489 0 6.387443 0 1
-6.2309 0 6.402909 0 1
-6.097887 0 6.367342 0 1
-5.929846 0 6.408563 0 1
-5.81743 0 6.406913 0 1
-5.660386 0 6.410138 0 1
-5.496715 0 6.361838 0 1
-5.374568 0 6.376699 0 1
-5.225165 0 6.389032 0 1
-5.06504 0 6.381444 0 1
-4.911691 0 6.401195 0 1
-4.764175 0 6.372692 0 1
-4.602412 0 6.380073 0 1
-4.455114 0 6.388935 0 1
-4.305081 0 6.399948 0 1
-4.161227 0 6.410633 0 1
-4.061325 0 6.411095 0 1
-3.896777 0 6.387115 0 1
-3.723073 0 6.3634 0 1
-3.587934 0 6.371899 0 1
-3.426541 0 6.382603 0 1
-3.307588 0 6.36421 0 1
-3.154579 0 6.389119 0 1
-2.983906 0 6.366981 0 1
-2.848409 0 6.40727 0 1
-2.708095 0 6.399655 0 1
-2.550334 0 6.359255 0 1
-2.43534 0 6.40854 0 1
-2.275718 0 6.365268 0 1
-2.146229 0 6.370817 0 1
-2.00424 0 6.36916 0 1
-1.826382 0 6.375585 0 1
-1.693109 0 6.359572 0 1
-1.541485 0 6.385103 0 1
-1.386972 0 6.362771 0 1
-1.221782 0 6.377374 0 1
-1.11541 0 6.363452 0 1
-0.950133 0 6.393947 0 1
-0.782714 0 6.366647 0 1
-0.669348 0 6.391769 0 1
-0.496015 0 6.39048 0 1
-0.389643 0 6.369377 0 1
-0.221014 0 6.369995 0 1
-0.097686 0 6.374661 0 1
0.056688 0 6.374431 0 1
0.24641 0 6.373434 0 1
0.364254 0 6.387961 0 1
0.487344 0 6.373216 0 1
0.656918 0 6.382358 0 1
0.831583 0 6.380881 0 1
0.934506 0 6.370815 0 1
1.126623 0 6.407674 0 1
1.268044 0 6.395458 0 1
1.392933 0 6.375881 0 1
1.555943 0 6.391044 0 1
1.703209 0 6.392184 0 1
1.860093 0 6.395259 0 1
2.000323 0 6.410421 0 1
2.106765 0 6.39563 0 1
2.299591 0 6.367695 0 1
2.424038 0 6.377242 0 1
2.556547 0 6.379166 0 1
2.740518 0 6.360856 0 1
2.878975 0 6.388404 0 1
3.00146 0 6.358976 0 1
3.147842 0 6.398109 0 1
3.314849 0 6.401584 0 1
3.44008 0 6.403033 0 1
3.583678 0 6.396858 0 1
3.749416 0 6.394256 0 1
3.876638 0 6.394115 0 1
4.058988 0 6.361377 0 1
4.183058 0 6.383883 0 1
4.306526 0 6.359497 0 1
4.463633 0 6.4027 0 1
4.598097 0 6.375359 0 1
4.791399 0 6.365094 0 1
4.90561 0 6.35987 0 1
5.07802 0 6.390828 0 1
5.226253 0 6.387748 0 1
5.340794 0 6.4014 0 1
5.47944 0 6.369944 0 1
5.645173 0 6.399533 0 1
5.812284 0 6.39792 0 1
5.920641 0 6.386047 0 1
6.113691 0 6.387646 0 1
6.233213 0 6.409023 0 1
6.392103 0 6.39554 0 1
6.5068 0 6.382405 0 1
6.681038 0 6.366908 0 1
6.816266 0 6.391033 0 1
6.963913 0 6.410201 0 1
7.113038 0 6.39547 1 1
7.277115 0 6.369819 1 1
7.397188 0 6.371409 1 1
7.571303 0 6.365882 1 1
7.682933 0 6.368933 1 1
7.878864 0 6.374751 1 1
8 0 6.385321 1 1
-8 0 6.53211 1 1
-7.834715 0 6.532276 1 1
-7.70604 0 6.508511 1 1
-7.545438 0 6.528517 1 1
-7.437016 0 6.543727 1 1
-7.2605 0 6.53121 1 1
-7.094492 0 6.537214 1 1
-6.996731 0 6.541596 0 1
-6.845902 0 6.542641 0 1
-6.700425 0 6.550029 0 1
-6.515077 0 6.538938 0 1
-6.360004 0 6.551433 0 1
-6.260787 0 6.516241 0 1
-6.072922 0 6.513364 0 1
-5.950778 0 6.510986 0 1
-5.806869 0 6.520256 0 1
-5.65991 0 6.508174 0 1
-5.522395 0 6.526791 0 1
-5.374366 0 6.511993 0 1
-5.206042 0 6.526999 0 1
-5.075039 0 6.529723 0 1
-4.907721 0 6.557887 0 1
-4.78931 0 6.522257 0 1
-4.618536 0 6.530545 0 1
-4.503116 0 6.530916 0 1
-4.34229 0 6.543269 0 1
-4.194252 0 6.544074 0 1
-4.012464 0 6.508685 0 1
-3.888227 0 6.55281 0 1
-3.728715 0 6.554227 0 1
-3.575436 0 6.509912 0 1
-3.436292 0 6.520975 0 1
-3.289758 0 6.549172 0 1
-3.152143 0 6.544222 0 1
-3.005128 0 6.527947 0 1
-2.846919 0 6.54817 0 1
-2.68929 0 6.512678 0 1
-2.573698 0 6.518804 0 1
-2.411285 0 6.536138 0 1
-2.252884 0 6.524886 0 1
-2.103275 0 6.512974 0 1
-1.987762 0 6.544785 0 1
-1.845367 0 6.512544 0 1
-1.688805 0 6.535044 0 1
-1.54401 0 6.517107 0 1
-1.4004 0 6.526894 0 1
-1.256656 0 6.548629 0 1
-1.106552 0 6.507883 0 1
-0.959634 0 6.528621 0 1
-0.833319 0 6.508014 0 1
-0.648347 0 6.552566 0 1
-0.535547 0 6.539154 0 1
-0.379339 0 6.506112 0 1
-0.217805 0 6.512065 0 1
-0.054393 0 6.536689 0 1
0.078275 0 6.557921 0 1
0.196864 0 6.544834 0 1
0.374323 0 6.513253 0 1
0.494487 0 6.537834 0 1
0.652041 0 6.542074 0 1
0.82147 0 6.53 0 1
0.947313 0 6.530392 0 1
1.106067 0 6.517909 0 1
1.227209 0 6.539998 0 1
1.377938 0 6.526425 0 1
1.51748 0 6.543557 0 1
1.684395 0 6.512719 0 1
1.859541 0 6.524121 0 1
1.998283 0 6.53174 0 1
2.117622 0 6.522687 0 1
2.291681 0 6.557554 0 1
2.426803 0 6.512931 0 1
2.559244 0 6.545171 0 1
2.740044 0 6.520565 0 1
2.85104 0 6.523094 0 1
3.009903 0 6.51226 0 1
3.130402 0 6.535337 0 1
3.314292 0 6.537143 0 1
3.441502 0 6.524204 0 1
3.581077 0 6.552525 0 1
3.761365 0 6.54596 0 1
3.884525 0 6.52715 0 1
4.056089 0 6.537242 0 1
4.193306 0 6.513583 0 1
4.329922 0 6.531848 0 1
4.467283 0 6.527217 0 1
4.598069 0 6.556921 0 1
4.765801 0 6.548537 0 1
4.935417 0 6.522048 0 1
5.060154 0 6.529343 0 1
5.200247 0 6.551329 0 1
5.339528 0 6.527967 0 1
5.526861 0 6.506535 0 1
5.635351 0 6.547952 0 1
5.775066 0 6.53232 0 1
5.919968 0 6.525476 0 1
6.07584 0 6.505919 0 1
6.235426 0 6.54159 0 1
6.392445 0 6.510453 0 1
6.531954 0 6.51065 0 1
6.674843 0 6.524018 0 1
6.822519 0 6.508956 0 1
6.952869 0 6.519198 0 1
7.09681 0 6.51865 1 1
7.256881 0 6.529063 1 1
7.400444 0 6.543189 1 1
7.584397 0 6.544366 1 1
7.699307 0 6.510818 1 1
7.86968 0 6.542383 1 1
8 0 6.53211 1 1
-8 0 6.678899 1 1
-7.827449 0 6.677184 1 1
-7.729969 0 6.690666 1 1
-7.57955 0 6.701811 1 1
-7.435041 0 6.686455 1 1
-7.264749 0 6.682893 1 1
-7.124664 0 6.703441 1 1
-6.949399 0 6.697268 0 1
-6.830729 0 6.663828 0 1
-6.687877 0 6.699253 0 1
-6.529271 0 6.662772 0 1
-6.394713 0 6.684568 0 1
-6.251012 0 6.687912 0 1
-6.093857 0 6.68138 0 1
-5.971011 0 6.688763 0 1
-5.821988 0 6.662292 0 1
-5.664963 0 6.691904 0 1
-5.505736 0 6.677528 0 1
-5.345589 0 6.681122 0 1
-5.224518 0 6.652793 0 1
-5.056696 0 6.682263 0 1
-4.93519 0 6.684367 0 1
-4.77421 0 6.66526 0 1
-4.640253 0 6.695671 0 1
-4.467013 0 6.684379 0 1
-4.331382 0 6.69402 0 1
-4.202866 0 6.682362 0 1
-4.017641 0 6.667754 0 1
-3.914221 0 6.698376 0 1
-3.720842 0 6.669501 0 1
-3.582428 0 6.69557 0 1
-3.426566 0 6.699813 0 1
-3.304856 0 6.685098 0 1
-3.15101 0 6.66235 0 1
-3.026859 0 6.677493 0 1
-2.876296 0 6.701783 0 1
-2.733592 0 6.690574 0 1
-2.549389 0 6.686916 0 1
-2.445971 0 6.66507 0 1
-2.292015 0 6.682875 0 1
-2.141579 0 6.704876 0 1
-2.004625 0 6.685074 0 1
-1.849238 0 6.694666 0 1
-1.687214 0 6.667978 0 1
-1.556481 0 6.668168 0 1
-1.386049 0 6.684429 0 1
-1.246371 0 6.69948 0 1
-1.126859 0 6.688024 0 1
-0.963038 0 6.669444 0 1
-0.829317 0 6.697011 0 1
-0.650508 0 6.65918 0 1
-0.519627 0 6.700821 0 1
-0.370008 0 6.675539 0 1
-0.210158 0 6.685364 0 1
-0.089156 0 6.703176 0 1
0.053542 0 6.652677 0 1
0.237746 0 6.69415 0 1
0.392585 0 6.663756 0 1
0.495516 0 6.69335 0 1
0.656983 0 6.685527 0 1
0.822087 0 6.700756 0 1
0.953746 0 6.677178 0 1
1.086034 0 6.70211 0 1
1.243171 0 6.690841 0 1
1.405056 0 6.654262 0 1
1.535917 0 6.701547 0 1
1.700234 0 6.653971 0 1
1.850856 0 6.652659 0 1
1.984743 0 6.655244 0 1
2.122017 0 6.654303 0 1
2.281273 0 6.661432 0 1
2.422199 0 6.668554 0 1
2.575686 0 6.656959 0 1
2.732723 0 6.686314 0 1
2.877767 0 6.668199 0 1
2.985587 0 6.699921 0 1
3.143822 0 6.688168 0 1
3.322228 0 6.677485 0 1
3.463207 0 6.679234 0 1
3.592527 0 6.674685 0 1
3.736316 0 6.701411 0 1
3.907973 0 6.675184 0 1
4.018725 0 6.697012 0 1
4.170017 0 6.67387 0 1
4.346385 0 6.687479 0 1
4.469499 0 6.697233 0 1
4.640212 0 6.673802 0 1
4.794697 0 6.666342 0 1
4.912761 0 6.656228 0 1
5.068114 0 6.6666 0 1
5.21603 0 6.686598 0 1
5.342413 0 6.6801 0 1
5.489663 0 6.6835 0 1
5.665648 0 6.688379 0 1
5.8113 0 6.696794 0 1
5.955949 0 6.696978 0 1
6.09693 0 6.656566 0 1
6.24375 0 6.689788 0 1
6.381477 0 6.683617 0 1
6.538463 0 6.669123 0 1
6.669048 0 6.698281 0 1
6.830825 0 6.694775 0 1
6.957022 0 6.695997 0 1
7.133802 0 6.675544 1 1
7.251073 0 6.659441 1 1
7.398176 0 6.68368 1 1
7.580411 0 6.657837 1 1
7.685329 0 6.690451 1 1
7.857741 0 6.701863 1 1
8 0 6.678899 1 1
-8 0 6.825688 1 1
-7.851432 0 6.833663 1 1
-7.697939 0 6.847366 1 1
-7.568641 0 6.814502 1 1
-7.389974 0 6.811313 1 1
-7.291617 0 6.836246 1 1
-7.136047 0 6.823069 1 1
-6.959725 0 6.851461 0 1
-6.805836 0 6.806531 0 1
-6.695116 0 6.830527 0 1
-6.530469 0 6.847641 0 1
-6.36212 0 6.815128 0 1
-6.221267 0 6.848366 0 1
-6.109625 0 6.820282 0 1
-5.94701 0 6.8259 0 1
-5.798604 0 6.844038 0 1
-5.636878 0 6.827081 0 1
-5.482974 0 6.806071 0 1
-5.360427 0 6.833243 0 1
-5.203139 0 6.802321 0 1
-5.05591 0 6.850659 0 1
-4.928522 0 6.819766 0 1
-4.79445 0 6.836126 0 1
-4.598094 0 6.809831 0 1
-4.465262 0 6.82968 0 1
-4.337141 0 6.815434 0 1
-4.170402 0 6.829649 0 1
-4.034769 0 6.845232 0 1
-3.902009 0 6.800561 0 1
-3.733637 0 6.826497 0 1
-3.586464 0 6.832216 0 1
-3.445981 0 6.841371 0 1
-3.318986 0 6.835109 0 1
-3.169627 0 6.799462 0 1
-3.002786 0 6.847794 0 1
-2.880661 0 6.820138 0 1
-2.735712 0 6.843624 0 1
-2.592093 0 6.845772 0 1
-2.426395 0 6.819568 0 1
-2.294654 0 6.804495 0 1
-2.137812 0 6.846872 0 1
-1.969368 0 6.835432 0 1
-1.839811 0 6.813945 0 1
-1.688112 0 6.848241 0 1
-1.517662 0 6.816307 0 1
-1.381199 0 6.818209 0 1
-1.248048 0 6.804544 0 1
-1.076289 0 6.812729 0 1
-0.957777 0 6.799568 0 1
-0.830998 0 6.826944 0 1
-0.669133 0 6.840849 0 1
-0.518257 0 6.827324 0 1
-0.386377 0 6.835374 0 1
-0.227718 0 6.821182 0 1
-0.081168 0 6.816445 0 1
0.055106 0 6.846391 0 1
0.239291 0 6.813006 0 1
0.381232 0 6.830377 0 1
0.512298 0 6.814913 0 1
0.641723 0 6.844079 0 1
0.791577 0 6.827236 0 1
0.975908 0 6.85201 0 1
1.075393 0 6.840248 0 1
1.265488 0 6.842629 0 1
1.413903 0 6.837852 0 1
1.538781 0 6.849908 0 1
1.683223 0 6.801675 0 1
1.841321 0 6.842064 0 1
1.96938 0 6.847687 0 1
2.129111 0 6.820996 0 1
2.257968 0 6.841399 0 1
2.413182 0 6.80183 0 1
2.574698 0 6.82752 0 1
2.690781 0 6.831433 0 1
2.882078 0 6.838725 0 1
2.993986 0 6.834564 0 1
3.130182 0 6.839964 0 1
3.310043 0 6.842792 0 1
3.448253 0 6.824884 0 1
3.614542 0 6.842665 0 1
3.747128 0 6.825 0 1
3.907912 0 6.817055 0 1
4.018353 0 6.813467 0 1
4.168148 0 6.819835 0 1
4.318137 0 6.799963 0 1
4.467435 0 6.801498 0 1
4.608245 0 6.839085 0 1
4.764176 0 6.835797 0 1
4.906818 0 6.826187 0 1
5.089779 0 6.829548 0 1
5.210918 0 6.833042 0 1
5.343148 0 6.812541 0 1
5.479161 0 6.817063 0 1
5.668729 0 6.839495 0 1
5.774129 0 6.83403 0 1
5.941371 0 6.808175 0 1
6.097925 0 6.813548 0 1
6.246494 0 6.842003 0 1
6.36124 0 6.811593 0 1
6.510445 0 6.847425 0 1
6.684208 0 6.839571 0 1
6.816817 0 6.814082 0 1
6.990525 0 6.800194 0 1
7.102948 0 6.815763 1 1
7.241793 0 6.804359 1 1
7.425743 0 6.834407 1 1
7.558109 0 6.82741 1 1
7.704323 0 6.831483 1 1
7.87729 0 6.805273 1 1
8 0 6.825688 1 1
-8 0 6.972477 1 1
-7.863317 0 6.97319 1 1
-7.710366 0 6.960181 1 1
-7.538017 0 6.973676 1 1
-7.430866 0 6.94625 1 1
-7.264893 0 6.984309 1 1
-7.101347 0 6.962965 1 1
-6.965006 0 6.99223 0 1
-6.815313 0 6.988646 0 1
-6.690712 0 6.976205 0 1
-6.550121 0 6.980229 0 1
-6.400129 0 6.997371 0 1
-6.242265 0 6.984992 0 1
-6.09911 0 6.975047 0 1
-5.933517 0 6.986044 0 1
-5.815828 0 6.968249 0 1
-5.652403 0 6.995099 0 1
-5.519923 0 6.990936 0 1
-5.360786 0 6.983035 0 1
-5.217142 0 6.955662 0 1
-5.059445 0 6.980784 0 1
-4.909915 0 6.982062 0 1
-4.777431 0 6.997933 0 1
-4.622287 0 6.993272 0 1
-4.463095 0 6.970825 0 1
-4.330241 0 6.961639 0 1
-4.202157 0 6.966214 0 1
-4.044 0 6.964016 0 1
-3.899821 0 6.978969 0 1
-3.738167 0 6.947292 0 1
-3.600536 0 6.954128 0 1
-3.468908 0 6.984363 0 1
-3.317545 0 6.97109 0 1
-3.158589 0 6.972614 0 1
-3.004985 0 6.997879 0 1
-2.842098 0 6.958103 0 1
-2.706121 0 6.976346 0 1
-2.593332 0 6.988994 0 1
-2.408125 0 6.968694 0 1
-2.258112 0 6.992184 0 1
-2.117107 0 6.979225 0 1
-1.984398 0 6.981519 0 1
-1.832104 0 6.988854 0 1
-1.662474 0 6.976753 0 1
-1.530543 0 6.949786 0 1
-1.379115 0 6.968288 0 1
-1.257538 0 6.956757 0 1
-1.099605 0 6.998309 0 1
-0.934126 0 6.974836 0 1
-0.80077 0 6.948158 0 1
-0.663064 0 6.957159 0 1
-0.513012 0 6.964695 0 1
-0.38997 0 6.972166 0 1
-0.243536 0 6.976759 0 1
-0.080286 0 6.998242 0 1
0.087245 0 6.979198 0 1
0.202621 0 6.989745 0 1
0.351653 0 6.959983 0 1
0.514381 0 6.967775 0 1
0.661878 0 6.991567 0 1
0.83162 0 6.982266 0 1
0.94877 0 6.954031 0 1
1.105868 0 6.982056 0 1
1.230818 0 6.995499 0 1
1.409627 0 6.9779 0 1
1.548262 0 6.963691 0 1
1.666313 0 6.992478 0 1
1.837337 0 6.954229 0 1
1.985196 0 6.987755 0 1
2.129656 0 6.966504 0 1
2.283455 0 6.986344 0 1
2.422586 0 6.953126 0 1
2.585106 0 6.980343 0 1
2.714986 0 6.994429 0 1
2.856468 0 6.986239 0 1
3.033785 0 6.947992 0 1
3.135799 0 6.970082 0 1
3.283303 0 6.971476 0 1
3.430873 0 6.975375 0 1
3.590392 0 6.978115 0 1
3.728903 0 6.960582 0 1
3.900817 0 6.981078 0 1
4.055168 0 6.981004 0 1
4.189165 0 6.970053 0 1
4.306296 0 6.983778 0 1
4.45298 0 6.971992 0 1
4.621752 0 6.978511 0 1
4.789785 0 6.987429 0 1
4.936721 0 6.998716 0 1
5.047892 0 6.964778 0 1
5.20816 0 6.98835 0 1
5.354747 0 6.985146 0 1
5.518641 0 6.990437 0 1
5.659736 0 6.99255 0 1
5.777035 0 6.963455 0 1
5.951936 0 6.98206 0 1
6.105886 0 6.969305 0 1
6.259938 0 6.964946 0 1
6.392915 0 6.973787 0 1
6.538339 0 6.981751 0 1
6.691537 0 6.973353 0 1
6.836833 0 6.96086 0 1
6.948418 0 6.965483 0 1
7.119747 0 6.957112 1 1
7.29099 0 6.962509 1 1
7.402728 0 6.9716 1 1
7.535928 0 6.994658 1 1
7.685411 0 6.954108 1 1
7.838775 0 6.980307 1 1
8 0 6.972477 1 1
-8 0 7.119266 1 1
-7.86258 0 7.095445 1 1
-7.711675 0 7.145185 1 1
-7.58004 0 7.126019 1 1
-7.41847 0 7.142221 1 1
-7.264268 0 7.096789 1 1
-7.143708 0 7.126605 1 1
-6.952484 0 7.116642 1 1
-6.82852 0 7.095668 1 1
-6.658687 0 7.10511 1 1
-6.507087 0 7.135346 1 1
-6.37858 0 7.111718 1 1
-6.237878 0 7.106763 1 1
-6.066572 0 7.123203 1 1
-5.955869 0 7.141195 1 1
-5.772289 0 7.136145 1 1
-5.655431 0 7.13809 1 1
-5.480608 0 7.13588 1 1
-5.380712 0 7.10436 1 1
-5.230312 0 7.109717 1 1
-5.079089 0 7.119193 1 1
-4.908875 0 7.138745 1 1
-4.778301 0 7.142777 1 1
-4.630932 0 7.130174 1 1
-4.495022 0 7.140933 1 1
-4.321326 0 7.127856 1 1
-4.197568 0 7.119744 1 1
-4.012297 0 7.133747 1 1
-3.905319 0 7.094839 1 1
-3.739688 0 7.097533 1 1
-3.593201 0 7.141554 1 1
-3.440986 0 7.126798 1 1
-3.276545 0 7.104827 1 1
-3.173135 0 7.097625 1 1
-2.990439 0 7.131758 1 1
-2.885163 0 7.111179 1 1
-2.702974 0 7.12125 1 1
-2.564417 0 7.134966 1 1
-2.447174 0 7.117499 1 1
-2.290697 0 7.108255 1 1
-2.134554 0 7.117731 1 1
-1.994619 0 7.102181 1 1
-1.85482 0 7.132108 1 1
-1.684253 0 7.121632 1 1
-1.533342 0 7.141544 1 1
-1.395179 0 7.131987 1 1
-1.225335 0 7.125066 1 1
-1.104897 0 7.116199 1 1
-0.962759 0 7.142956 1 1
-0.786331 0 7.096909 1 1
-0.651863 0 7.114219 1 1
-0.511024 0 7.126956 1 1
-0.343574 0 7.139941 1 1
-0.24138 0 7.134471 1 1
-0.083971 0 7.107295 1 1
0.072312 0 7.129785 1 1
0.196857 0 7.124064 1 1
0.38374 0 7.103592 1 1
0.513067 0 7.116611 1 1
0.635493 0 7.145489 1 1
0.812174 0 7.130837 1 1
0.934332 0 7.114249 1 1
1.109607 0 7.145525 1 1
1.272601 0 7.133568 1 1
1.369589 0 7.100853 1 1
1.565685 0 7.126369 1 1
1.71287 0 7.13243 1 1
1.838833 0 7.126971 1 1
1.975546 0 7.136132 1 1
2.108179 0 7.139912 1 1
2.27077 0 7.116752 1 1
2.402102 0 7.132279 1 1
2.594698 0 7.114714 1 1
2.739511 0 7.092923 1 1
2.888669 0 7.132298 1 1
3.031119 0 7.107529 1 1
3.172414 0 7.141551 1 1
3.283434 0 7.13771 1 1
3.429884 0 7.128781 1 1
3.621635 0 7.107041 1 1
3.74779 0 7.094938 1 1
3.911027 0 7.103876 1 1
4.033406 0 7.115217 1 1
4.168727 0 7.11509 1 1
4.322776 0 7.131968 1 1
4.455598 0 7.138514 1 1
4.629892 0 7.110145 1 1
4.777811 0 7.107433 1 1
4.912337 0 7.107342 1 1
5.03922 0 7.101521 1 1
5.19755 0 7.138203 1 1
5.334688 0 7.108911 1 1
5.499062 0 7.111894 1 1
5.671546 0 7.100248 1 1
5.814494 0 7.135836 1 1
5.924347 0 7.113122 1 1
6.091194 0 7.099621 1 1
6.22364 0 7.122839 1 1
6.400239 0 7.111694 1 1
6.553491 0 7.112998 1 1
6.684836 0 7.110539 1 1
6.830056 0 7.101191 1 1
6.95571 0 7.129059 1 1
7.112694 0 7.139389 1 1
7.282537 0 7.108625 1 1
7.388799 0 7.104276 1 1
7.578568 0 7.134739 1 1
7.723034 0 7.109933 1 1
7.878196 0 7.132105 1 1
8 0 7.119266 1 1
-8 0 7.266055 1 1
-7.861956 0 7.242991 1 1
-7.69469 0 7.25064 1 1
-7.536551 0 7.290815 1 1
-7.398075 0 7.288533 1 1
-7.278959 0 7.268662 1 1
-7.120264 0 7.249175 1 1
-6.950779 0 7.251718 1 1
-6.852068 0 7.264407 1 1
-6.692575 0 7.251968 1 1
-6.545179 0 7.25872 1 1
-6.39177 0 7.278681 1 1
-6.260532 0 7.275918 1 1
-6.102713 0 7.283465 1 1
-5.963512 0 7.244537 1 1
-5.81081 0 7.28094 1 1
-5.653596 0 7.266956 1 1
-5.49985 0 7.256375 1 1
-5.380863 0 7.285864 1 1
-5.237004 0 7.240371 1 1
-5.073614 0 7.25252 1 1
-4.917667 0 7.262644 1 1
-4.792057 0 7.249902 1 1
-4.613371 0 7.28214 1 1
-4.476956 0 7.242792 1 1
-4.318486 0 7.267953 1 1
-4.158912 0 7.244166 1 1
-4.052227 0 7.244088 1 1
-3.911463 0 7.243064 1 1
-3.757448 0 7.265071 1 1
-3.600951 0 7.272994 1 1
-3.42601 0 7.240414 1 1
-3.286982 0 7.243735 1 1
-3.158283 0 7.242029 1 1
-3.000117 0 7.27297 1 1
-2.871893 0 7.255549 1 1
-2.724544 0 7.263632 1 1
-2.592435 0 7.273576 1 1
-2.414002 0 7.239755 1 1
-2.256009 0 7.283069 1 1
-2.120168 0 7.252548 1 1
-1.965342 0 7.243443 1 1
-1.811502 0 7.249103 1 1
-1.67523 0 7.24028 1 1
-1.56595 0 7.249393 1 1
-1.418052 0 7.290307 1 1
-1.251314 0 7.257348 1 1
-1.093148 0 7.289432 1 1
-0.932465 0 7.24063 1 1
-0.816511 0 7.283543 1 1
-0.678084 0 7.278785 1 1
-0.535119 0 7.281288 1 1
-0.391951 0 7.261239 1 1
-0.244668 0 7.256281 1 1
-0.086283 0 7.27866 1 1
0.076903 0 7.240642 1 1
0.245713 0 7.260866 1 1
0.387732 0 7.250509 1 1
0.526454 0 7.247066 1 1
0.641299 0 7.246853 1 1
0.782892 0 7.292013 1 1
0.939972 0 7.291278 1 1
1.081391 0 7.274766 1 1
1.223778 0 7.259596 1 1
1.402687 0 7.244685 1 1
1.549911 0 7.272077 1 1
1.664101 0 7.243624 1 1
1.848505 0 7.253162 1 1
1.971439 0 7.25145 1 1
2.107357 0 7.251672 1 1
2.258019 0 7.249226 1 1
2.415615 0 7.291043 1 1
2.584481 0 7.247999 1 1
2.727906 0 7.253064 1 1
2.879951 0 7.26139 1 1
2.997723 0 7.246304 1 1
3.145621 0 7.266087 1 1
3.292099 0 7.282128 1 1
3.455323 0 7.262261 1 1
3.570171 0 7.253568 1 1
3.743753 0 7.262324 1 1
3.877629 0 7.279024 1 1
4.048835 0 7.270459 1 1
4.175909 0 7.26274 1 1
4.327835 0 7.27504 1 1
4.483675 0 7.285447 1 1
4.610246 0 7.274609 1 1
4.773292 0 7.272665 1 1
4.900381 0 7.26457 1 1
5.050061 0 7.261022 1 1
5.225509 0 7.257315 1 1
5.340759 0 7.259907 1 1
5.528886 0 7.259234 1 1
5.642526 0 7.284395 1 1
5.785879 0 7.280007 1 1
5.939146 0 7.247967 1 1
6.106938 0 7.285731 1 1
6.239108 0 7.272375 1 1
6.380912 0 7.255494 1 1
6.519776 0 7.280997 1 1
6.672002 0 7.252802 1 1
6.84413 0 7.276517 1 1
6.954471 0 7.286038 1 1
7.133928 0 7.289781 1 1
7.288451 0 7.260443 1 1
7.424453 0 7.274876 1 1
7.551076 0 7.269289 1 1
7.716924 0 7.276609 1 1
7.848335 0 7.279894 1 1
8 0 7.266055 1 1
-8 0 7.412844 1 1
-7.833093 0 7.416891 1 1
-7.685907 0 7.425946 1 1
-7.577912 0 7.397125 1 1
-7.391137 0 7.426318 1 1
-7.27196 0 7.435238 1 1
-7.137723 0 7.391879 1 1
-6.973808 0 7.3947 1 1
-6.827925 0 7.420499 1 1
-6.655964 0 7.436672 1 1
-6.519166 0 7.41533 1 1
-6.399874 0 7.400767 1 1
-6.215271 0 7.401568 1 1
-6.089179 0 7.412855 1 1
-5.948697 0 7.421762 1 1
-5.823206 0 7.427894 1 1
-5.657015 0 7.414873 1 1
-5.515365 0 7.411279 1 1
-5.350457 0 7.418969 1 1
-5.19769 0 7.426526 1 1
-5.049037 0 7.3905 1 1
-4.938771 0 7.431891 1 1
-4.761457 0 7.412849 1 1
-4.644911 0 7.43382 1 1
-4.476257 0 7.396818 1 1
-4.332288 0 7.387966 1 1
-4.208686 0 7.429036 1 1
-4.038072 0 7.406478 1 1
-3.891413 0 7.395197 1 1
-3.725676 0 7.386637 1 1
-3.61771 0 7.414763 1 1
-3.453578 0 7.411891 1 1
-3.299905 0 7.424025 1 1
-3.153008 0 7.393817 1 1
-2.996919 0 7.416746 1 1
-2.882581 0 7.438168 1 1
-2.690282 0 7.407466 1 1
-2.584848 0 7.427018 1 1
-2.407064 0 7.40978 1 1
-2.291931 0 7.420371 1 1
-2.110562 0 7.425985 1 1
-1.955679 0 7.419864 1 1
-1.840749 0 7.423547 1 1
-1.696292 0 7.407848 1 1
-1.51924 0 7.396529 1 1
-1.415164 0 7.393751 1 1
-1.224944 0 7.431898 1 1
-1.096234 0 7.433944 1 1
-0.979951 0 7.407317 1 1
-0.8035 0 7.413141 1 1
-0.651834 0 7.438921 1 1
-0.534379 0 7.42035 1 1
-0.356271 0 7.406675 1 1
-0.231168 0 7.410739 1 1
-0.067031 0 7.410281 1 1
0.082496 0 7.408178 1 1
0.24074 0 7.398269 1 1
0.357917 0 7.418133 1 1
0.489076 0 7.436937 1 1
0.639806 0 7.404912 1 1
0.821785 0 7.387877 1 1
0.948915 0 7.424386 1 1
1.104494 0 7.400801 1 1
1.252204 0 7.426658 1 1
1.37237 0 7.398387 1 1
1.529245 0 7.40079 1 1
1.686818 0 7.42161 1 1
1.852472 0 7.42113 1 1
1.966069 0 7.422655 1 1
2.13021 0 7.391727 1 1
2.251217 0 7.416192 1 1
2.437721 0 7.400442 1 1
2.580875 0 7.436889 1 1
2.734883 0 7.412507 1 1
2.847405 0 7.390328 1 1
2.996019 0 7.415191 1 1
3.135023 0 7.386973 1 1
3.291281 0 7.421006 1 1
3.454314 0 7.421177 1 1
3.610686 0 7.388935 1 1
3.733161 0 7.433927 1 1
3.872023 0 7.434608 1 1
4.018229 0 7.416111 1 1
4.203657 0 7.431509 1 1
4.352778 0 7.407781 1 1
4.479405 0 7.388165 1 1
4.648416 0 7.432722 1 1
4.776044 0 7.399445 1 1
4.898639 0 7.436876 1 1
5.078473 0 7.400046 1 1
5.231899 0 7.435807 1 1
5.347354 0 7.400221 1 1
5.486405 0 7.389588 1 1
5.641825 0 7.390369 1 1
5.774987 0 7.411684 1 1
5.97055 0 7.391504 1 1
6.109569 0 7.435469 1 1
6.217378 0 7.43508 1 1
6.379094 0 7.390641 1 1
6.547287 0 7.391647 1 1
6.689568 0 7.390988 1 1
6.825451 0 7.397164 1 1
6.953201 0 7.4237 1 1
7.12365 0 7.402774 1 1
7.284423 0 7.387279 1 1
7.393575 0 7.43431 1 1
7.568564 0 7.38665 1 1
7.731293 0 7.413941 1 1
7.869223 0 7.391086 1 1
8 0 7.412844 1 1
-8 0 7.559633 1 1
-7.874771 0 7.540214 1 1
-7.704646 0 7.578186 1 1
-7.570251 0 7.540436 1 1
-7.413659 0 7.570054 1 1
-7.251649 0 7.565318 1 1
-7.094442 0 7.558388 1 1
-6.971945 0 7.55915 1 1
-6.836544 0 7.555865 1 1
-6.67334 0 7.545832 1 1
-6.516858 0 7.537422 1 1
-6.363234 0 7.559597 1 1
-6.232473 0 7.539087 1 1
-6.066068 0 7.539664 1 1
-5.940854 0 7.548339 1 1
-5.811402 0 7.54123 1 1
-5.65939 0 7.579554 1 1
-5.526986 0 7.54576 1 1
-5.335599 0 7.54472 1 1
-5.234715 0 7.564749 1 1
-5.067743 0 7.568188 1 1
-4.923321 0 7.554693 1 1
-4.78368 0 7.55141 1 1
-4.641439 0 7.550289 1 1
-4.463448 0 7.559466 1 1
-4.340216 0 7.537177 1 1
-4.202567 0 7.552408 1 1
-4.037408 0 7.575947 1 1
-3.866961 0 7.557865 1 1
-3.740857 0 7.570455 1 1
-3.608172 0 7.560992 1 1
-3.427885 0 7.555718 1 1
-3.29723 0 7.559986 1 1
-3.130494 0 7.564806 1 1
-2.983748 0 7.534829 1 1
-2.883208 0 7.585548 1 1
-2.704988 0 7.551217 1 1
-2.571375 0 7.582836 1 1
-2.399982 0 7.544214 1 1
-2.282413 0 7.55989 1 1
-2.108015 0 7.57822 1 1
-1.998338 0 7.566934 1 1
-1.856718 0 7.541458 1 1
-1.693135 0 7.573395 1 1
-1.548597 0 7.552603 1 1
-1.407231 0 7.579395 1 1
-1.248953 0 7.568264 1 1
-1.122953 0 7.578605 1 1
-0.945995 0 7.547714 1 1
-0.789434 0 7.53348 1 1
-0.643724 0 7.560122 1 1
-0.489679 0 7.555457 1 1
-0.383881 0 7.535353 1 1
-0.209592 0 7.556731 1 1
-0.057117 0 7.579553 1 1
0.047154 0 7.566935 1 1
0.236709 0 7.554834 1 1
0.372231 0 7.568739 1 1
0.539564 0 7.575709 1 1
0.639428 0 7.540375 1 1
0.788354 0 7.558138 1 1
0.936611 0 7.559712 1 1
1.080378 0 7.551768 1 1
1.263176 0 7.541737 1 1
1.380194 0 7.562392 1 1
1.524426 0 7.562596 1 1
1.676654 0 7.561538 1 1
1.833332 0 7.578991 1 1
1.983026 0 7.552125 1 1
2.134042 0 7.564679 1 1
2.250496 0 7.547633 1 1
2.397658 0 7.572913 1 1
2.556546 0 7.5652 1 1
2.695295 0 7.552923 1 1
2.877274 0 7.570441 1 1
3.032215 0 7.551549 1 1
3.131111 0 7.578287 1 1
3.317248 0 7.543475 1 1
3.474229 0 7.583079 1 1
3.618929 0 7.541916 1 1
3.750683 0 7.564497 1 1
3.91229 0 7.533616 1 1
4.059393 0 7.548497 1 1
4.190861 0 7.582673 1 1
4.322845 0 7.559072 1 1
4.502458 0 7.564854 1 1
4.62197 0 7.545908 1 1
4.750964 0 7.561771 1 1
4.936005 0 7.534465 1 1
5.053657 0 7.566083 1 1
5.232677 0 7.570852 1 1
5.348784 0 7.549132 1 1
5.510573 0 7.579269 1 1
5.631626 0 7.573484 1 1
5.811955 0 7.538263 1 1
5.953187 0 7.548425 1 1
6.094685 0 7.575479 1 1
6.227321 0 7.579914 1 1
6.36571 0 7.535135 1 1
6.51018 0 7.560158 1 1
6.68183 0 7.565459 1 1
6.800459 0 7.544943 1 1
6.964252 0 7.585069 1 1
7.122397 0 7.57075 1 1
7.240951 0 7.585811 1 1
7.410976 0 7.564134 1 1
7.53931 0 7.540921 1 1
7.691727 0 7.568123 1 1
7.865121 0 7.571191 1 1
8 0 7.559633 1 1
-8 0 7.706422 1 1
-7.866391 0 7.728496 1 1
-7.720185 0 7.718074 1 1
-7.554546 0 7.680726 1 1
-7.396234 0 7.709199 1 1
-7.241862 0 7.728351 1 1
-7.104245 0 7.711303 1 1
-6.982726 0 7.720592 1 1
-6.823324 0 7.694704 1 1
-6.674888 0 7.718923 1 1
-6.514454 0 7.711851 1 1
-6.389024 0 7.713695 1 1
-6.22852 0 7.698986 1 1
-6.110068 0 7.712115 1 1
-5.94267 0 7.680781 1 1
-5.821064 0 7.682561 1 1
-5.660277 0 7.704292 1 1
-5.518669 0 7.719958 1 1
-5.364602 0 7.727226 1 1
-5.233045 0 7.696823 1 1
-5.067171 0 7.684927 1 1
-4.932086 0 7.715082 1 1
-4.793412 0 7.711059 1 1
-4.621114 0 7.687399 1 1
-4.491863 0 7.681083 1 1
-4.341882 0 7.705308 1 1
-4.188852 0 7.712435 1 1
-4.029291 0 7.724858 1 1
-3.900701 0 7.695922 1 1
-3.728647 0 7.706364 1 1
-3.574696 0 7.697074 1 1
-3.429649 0 7.680484 1 1
-3.314273 0 7.689733 1 1
-3.143072 0 7.72761 1 1
-3.026396 0 7.695932 1 1
-2.888555 0 7.681686 1 1
-2.73779 0 7.71749 1 1
-2.578963 0 7.718055 1 1
-2.430367 0 7.729795 1 1
-2.280603 0 7.685708 1 1
-2.126613 0 7.696663 1 1
-1.993183 0 7.730555 1 1
-1.812236 0 7.700301 1 1
-1.670418 0 7.709756 1 1
-1.547688 0 7.688569 1 1
-1.412222 0 7.703895 1 1
-1.26149 0 7.720314 1 1
-1.115628 0 7.687631 1 1
-0.938549 0 7.715704 1 1
-0.818378 0 7.68958 1 1
-0.675228 0 7.684363 1 1
-0.506361 0 7.728702 1 1
-0.386033 0 7.700444 1 1
-0.24417 0 7.68107 1 1
-0.056054 0 7.711976 1 1
0.067704 0 7.727814 1 1
0.230232 0 7.711711 1 1
0.36394 0 7.685243 1 1
0.502954 0 7.688295 1 1
0.641465 0 7.686924 1 1
0.796878 0 7.701522 1 1
0.956325 0 7.720642 1 1
1.122328 0 7.698981 1 1
1.234006 0 7.689305 1 1
1.389534 0 7.711924 1 1
1.539955 0 7.732343 1 1
1.661913 0 7.691694 1 1
1.815109 0 7.698757 1 1
1.956974 0 7.691385 1 1
2.146355 0 7.710986 1 1
2.275235 0 7.695963 1 1
2.436827 0 7.723402 1 1
2.542786 0 7.687991 1 1
2.711262 0 7.715481 1 1
2.838539 0 7.710462 1 1
3.01673 0 7.691184 1 1
3.162251 0 7.705862 1 1
3.302077 0 7.711902 1 1
3.423228 0 7.714144 1 1
3.579621 0 7.710743 1 1
3.734748 0 7.685255 1 1
3.871213 0 7.724478 1 1
4.030175 0 7.717939 1 1
4.171901 0 7.706011 1 1
4.331022 0 7.699471 1 1
4.501892 0 7.696334 1 1
4.635854 0 7.710616 1 1
4.777071 0 7.727481 1 1
4.903 0 7.695095 1 1
5.078997 0 7.718415 1 1
5.236238 0 7.687225 1 1
5.343759 0 7.730856 1 1
5.512561 0 7.704769 1 1
5.673362 0 7.708244 1 1
5.775731 0 7.697518 1 1
5.933837 0 7.718783 1 1
6.109597 0 7.703459 1 1
6.253454 0 7.68625 1 1
6.374526 0 7.72 1 1
6.516036 0 7.712461 1 1
6.700694 0 7.728616 1 1
6.834676 0 7.731472 1 1
6.968667 0 7.702233 1 1
7.115462 0 7.683087 1 1
7.248976 0 7.704886 1 1
7.433788 0 7.702094 1 1
7.539818 0 7.721417 1 1
7.688461 0 7.684573 1 1
7.863795 0 7.696971 1 1
8 0 7.706422 1 1
-8 0 7.853211 1 1
-7.850704 0 7.848285 1 1
-7.728924 0 7.864909 1 1
-7.582891 0 7.833767 1 1
-7.435607 0 7.832807 1 1
-7.267193 0 7.8557 1 1
-7.096683 0 7.828059 1 1
-6.96565 0 7.852039 1 1
-6.829515 0 7.844508 1 1
-6.698162 0 7.837274 1 1
-6.532834 0 7.85528 1 1
-6.380788 0 7.830573 1 1
-6.257659 0 7.870054 1 1
-6.090854 0 7.841822 1 1
-5.944287 0 7.848671 1 1
-5.776414 0 7.831217 1 1
-5.662681 0 7.834833 1 1
-5.514545 0 7.827929 1 1
-5.382692 0 7.866235 1 1
-5.213463 0 7.844579 1 1
-5.042642 0 7.856899 1 1
-4.91543 0 7.874764 1 1
-4.789217 0 7.839645 1 1
-4.613428 0 7.837737 1 1
-4.489765 0 7.844998 1 1
-4.321889 0 7.853328 1 1
-4.189822 0 7.859162 1 1
-4.056418 0 7.852088 1 1
-3.865365 0 7.864499 1 1
-3.764083 0 7.861619 1 1
-3.612093 0 7.862882 1 1
-3.454153 0 7.856917 1 1
-3.282546 0 7.8448 1 1
-3.171272 0 7.854468 1 1
-3.033417 0 7.831987 1 1
-2.874286 0 7.872805 1 1
-2.698976 0 7.869267 1 1
-2.586581 0 7.849405 1 1
-2.432966 0 7.849569 1 1
-2.255899 0 7.873124 1 1
-2.108809 0 7.846278 1 1
-1.965508 0 7.852569 1 1
-1.808788 0 7.843484 1 1
-1.696242 0 7.877637 1 1
-1.51964 0 7.85263 1 1
-1.376823 0 7.862334 1 1
-1.257535 0 7.866494 1 1
-1.094915 0 7.87844 1 1
-0.966802 0 7.850108 1 1
-0.818251 0 7.849293 1 1
-0.67827 0 7.869812 1 1
-0.509653 0 7.864211 1 1
-0.34951 0 7.827935 1 1
-0.225109 0 7.834086 1 1
-0.099509 0 7.848628 1 1
0.053822 0 7.856777 1 1
0.211041 0 7.854999 1 1
0.35819 0 7.832594 1 1
0.530588 0 7.829655 1 1
0.656413 0 7.833467 1 1
0.804555 0 7.848872 1 1
0.953716 0 7.858352 1 1
1.086724 0 7.843677 1 1
1.222436 0 7.850085 1 1
1.409166 0 7.840391 1 1
1.561224 0 7.872577 1 1
1.665506 0 7.857202 1 1
1.824355 0 7.872693 1 1
1.989934 0 7.874403 1 1
2.11185 0 7.8684 1 1
2.264275 0 7.852864 1 1
2.424666 0 7.872078 1 1
2.59179 0 7.863739 1 1
2.727746 0 7.827119 1 1
2.884089 0 7.878178 1 1
3.020961 0 7.85129 1 1
3.175897 0 7.84653 1 1
3.321989 0 7.842183 1 1
3.457755 0 7.851042 1 1
3.580668 0 7.861123 1 1
3.744689 0 7.831736 1 1
3.887413 0 7.862756 1 1
4.06031 0 7.878843 1 1
4.164675 0 7.839631 1 1
4.327353 0 7.865425 1 1
4.458889 0 7.829754 1 1
4.627414 0 7.863947 1 1
4.760954 0 7.864719 1 1
4.911867 0 7.847937 1 1
5.076366 0 7.82741 1 1
5.195004 0 7.860088 1 1
5.366829 0 7.871638 1 1
5.519586 0 7.869488 1 1
5.647484 0 7.827019 1 1
5.775303 0 7.834098 1 1
5.960478 0 7.834797 1 1
6.108743 0 7.871231 1 1
6.259212 0 7.864839 1 1
6.386272 0 7.85339 1 1
6.519873 0 7.847277 1 1
6.665853 0 7.877767 1 1
6.827968 0 7.8376 1 1
6.985833 0 7.849135 1 1
7.116696 0 7.857241 1 1
7.240845 0 7.868535 1 1
7.395215 0 7.878434 1 1
7.56176 0 7.848216 1 1
7.718248 0 7.860511 1 1
7.863638 0 7.846933 1 1
8 0 7.853211 1 1
-8 0 8 1 1
-7.853211 0 8 1 1
-7.706422 0 8 1 1
-7.559633 0 8 1 1
-7.412844 0 8 1 1
-7.266055 0 8 1 1
-7.119266 0 8 1 1
-6.972477 0 8 1 1
-6.825688 0 8 1 1
-6.678899 0 8 1 1
